INT	STRING	INT	INT	INT	INT	INT	INT	INT	INT	INT	INT	INT	INT	INT	INT	INT	INT	INT	INT	INT	INT	INT	INT	INT	INT	INT	INT	INT	INT	INT	INT	INT	INT	INT	INT	INT	INT	INT	INT	INT	INT	INT	INT	INT	INT	INT	INT	INT	INT	INT	INT	INT	INT	INT	INT	INT	INT	INT	INT	INT	INT	INT	INT	INT	INT	INT	INT	INT	INT	INT	INT	INT	INT	INT	INT	INT	INT	INT	INT	INT	INT	INT	INT	INT	INT	INT	INT	INT	INT	INT	INT	INT	INT	INT	INT
’‰ ﬁindex	’‰ ﬁ√˚≥∆	±˘æ´	ª¡È	∂æπ∆	–˛ ﬁ	≥Ÿ∂€	Ω∆ª´	∫©∫Ò	∆¥√¸	∑®ªÍ	¬˘¡¶	ΩË¡¶	∏ﬂº∂ΩË¡¶	“∆ªÍ	∏ﬂº∂“∆ªÍ	À≤”∞	∏ﬂº∂À≤”∞	«ø…Ì	∏ﬂº∂«ø…Ì	ƒ˝…Ò	∏ﬂº∂ƒ˝…Ò	º´±˘ƒ˝…±	ΩŸª∑Ÿ…±	∏Ø∂æ ¥…±	æ≈¿◊ª˜…±	—™±¨	∏ﬂº∂—™±¨	 •±¨	∏ﬂº∂ •±¨	±˘±¨	∏ﬂº∂±˘±¨	æªªØ	∏ﬂº∂æªªØ	÷ÿ…˙	∏ﬂº∂÷ÿ…˙	π≤…˙	∏ﬂº∂π≤…˙	÷Œ¡∆	∏ﬂº∂÷Œ¡∆	»‚«Ω	∏ﬂº∂»‚«Ω	…Ò””	∏ﬂº∂…Ò””	 »—™	∏ﬂº∂ »—™	—™º¿	∏ﬂº∂—™º¿	Œ±◊∞	∏ﬂº∂Œ±◊∞	∏Ω…Ì	∏ﬂº∂∏Ω…Ì	∫Æ±˘÷‰	¡“ª÷‰	—™∂æ÷‰	–˛¿◊÷‰	∑¥ª˜	∏ﬂº∂∑¥ª˜	Œ¸—™	∏ﬂº∂Œ¸—™	∑¥’	∏ﬂº∂∑¥’	¡È∂Ø	∏ﬂº∂¡È∂Ø	Œ¸∆¯	∏ﬂº∂Œ¸∆¯	¥Ú≈≠	∏ﬂº∂¥Ú≈≠	÷“–ƒ	∏ﬂº∂÷“–ƒ	¡È∆¯	∏ﬂº∂¡È∆¯	√Õª˜	∏ﬂº∂√Õª˜	 ∂∆∆	∏ﬂº∂ ∂∆∆	¡¨ª˜	∏ﬂº∂¡¨ª˜	Õ¥ª˜	∏ﬂº∂Õ¥ª˜	–È»ı	∏ﬂº∂–È»ı	∆∆’¿	∏ﬂº∂∆∆’¿	À§∞Ì	∏ﬂº∂À§∞Ì	Ω‚—®	«Â–—	√˜ƒø	«·¡È	πÃ‘™	»˜Õ—	±˘ÃÏ—©µÿ	¡“ª¡«‘≠	—™∂æÕÚ¿Ô	ŒÂ¿◊∫‰∂•
558	∆Æ∆Æ—º	0	0	0	0	0	0	0	0	0	0	0	0	0	0	0	0	0	0	0	0	0	0	0	0	0	0	0	0	0	0	0	0	0	0	0	0	0	0	0	0	0	0	0	0	0	0	0	0	0	0	0	0	0	0	0	0	0	0	0	0	0	0	0	0	0	0	0	0	0	0	0	0	0	0	0	0	0	0	0	0	0	0	0	0	0	0	0	0	0	0	0	0	0	0
559	∆Æ∆ÆÕ√	0	0	0	0	0	0	0	0	0	0	0	0	0	0	0	0	0	0	0	0	0	0	0	0	0	0	0	0	0	0	0	0	0	0	0	0	0	0	0	0	0	0	0	0	0	0	0	0	0	0	0	0	0	0	0	0	0	0	0	0	0	0	0	0	0	0	0	0	0	0	0	0	0	0	0	0	0	0	0	0	0	0	0	0	0	0	0	0	0	0	0	0	0	0
3000	≥…ƒÍÕ√◊”	0	0	0	0	0	0	0	0	0	0	0	0	0	0	0	0	55912	0	369043	0	0	0	0	0	0	0	0	0	0	0	0	0	0	0	0	0	20852	0	0	0	0	0	0	0	0	0	0	0	0	0	0	0	0	0	0	0	0	0	0	0	0	0	0	0	0	0	0	0	0	0	0	0	0	0	0	0	0	0	0	0	0	0	0	0	0	0	0	0	0	0	0	0	0	0
3001	±‰“ÏÕ√◊”	0	0	0	0	0	0	0	0	0	0	0	0	0	0	0	0	55912	0	369043	0	0	0	0	0	0	0	0	0	0	0	0	0	0	0	0	0	20852	0	0	0	0	0	0	0	0	0	0	0	0	0	0	0	0	0	0	0	0	0	0	0	0	0	0	0	0	0	0	0	0	0	0	0	0	0	0	0	0	0	0	0	0	0	0	0	0	0	0	0	0	0	0	0	0	0
3009	Õ√◊”±¶±¶	0	0	0	0	0	0	0	0	0	0	0	0	0	0	0	0	55912	0	369043	0	0	0	0	0	0	0	0	0	0	0	0	0	0	0	0	0	20852	0	0	0	0	0	0	0	0	0	0	0	0	0	0	0	0	0	0	0	0	0	0	0	0	0	0	0	0	0	0	0	0	0	0	0	0	0	0	0	0	0	0	0	0	0	0	0	0	0	0	0	0	0	0	0	0	0
3010	≥…ƒÍ—‡◊”	0	0	0	0	0	0	0	0	0	0	0	0	0	0	0	0	0	0	0	0	0	0	0	0	0	0	0	0	0	0	0	0	0	0	0	0	0	0	0	0	0	0	0	0	0	0	0	0	0	0	0	0	0	0	0	0	0	0	0	0	369043	0	0	0	0	0	0	0	0	0	0	0	0	0	55912	0	0	0	0	0	0	0	0	0	0	0	0	20852	0	0	0	0	0	0
3011	±‰“Ï—‡◊”	0	0	0	0	0	0	0	0	0	0	0	0	0	0	0	0	0	0	0	0	0	0	0	0	0	0	0	0	0	0	0	0	0	0	0	0	0	0	0	0	0	0	0	0	0	0	0	0	0	0	0	0	0	0	0	0	0	0	0	0	369043	0	0	0	0	0	0	0	0	0	0	0	0	0	55912	0	0	0	0	0	0	0	0	0	0	0	0	20852	0	0	0	0	0	0
3019	—‡◊”±¶±¶	0	0	0	0	0	0	0	0	0	0	0	0	0	0	0	0	0	0	0	0	0	0	0	0	0	0	0	0	0	0	0	0	0	0	0	0	0	0	0	0	0	0	0	0	0	0	0	0	0	0	0	0	0	0	0	0	0	0	0	0	369043	0	0	0	0	0	0	0	0	0	0	0	0	0	55912	0	0	0	0	0	0	0	0	0	0	0	0	20852	0	0	0	0	0	0
3020	≥…ƒÍŒ⁄πÍ	0	0	0	0	0	0	369043	0	0	0	0	0	0	0	0	0	0	0	0	0	0	0	0	0	0	0	0	0	0	0	0	0	0	0	0	0	0	0	68850	0	0	0	0	0	0	0	0	0	0	0	10206	0	0	0	0	0	0	0	0	0	0	0	0	0	0	0	0	0	0	0	0	0	0	0	0	0	0	0	0	0	0	0	0	0	0	0	0	0	0	0	0	0	0	0
3021	±‰“ÏŒ⁄πÍ	0	0	0	0	0	0	369043	0	0	0	0	0	0	0	0	0	0	0	0	0	0	0	0	0	0	0	0	0	0	0	0	0	0	0	0	0	0	0	68850	0	0	0	0	0	0	0	0	0	0	0	10206	0	0	0	0	0	0	0	0	0	0	0	0	0	0	0	0	0	0	0	0	0	0	0	0	0	0	0	0	0	0	0	0	0	0	0	0	0	0	0	0	0	0	0
3029	Œ⁄πÍ±¶±¶	0	0	0	0	0	0	369043	0	0	0	0	0	0	0	0	0	0	0	0	0	0	0	0	0	0	0	0	0	0	0	0	0	0	0	0	0	0	0	68850	0	0	0	0	0	0	0	0	0	0	0	10206	0	0	0	0	0	0	0	0	0	0	0	0	0	0	0	0	0	0	0	0	0	0	0	0	0	0	0	0	0	0	0	0	0	0	0	0	0	0	0	0	0	0	0
3030	≥…ƒÍπ∑	0	0	0	0	0	0	0	0	0	0	0	0	0	0	0	0	0	0	0	0	0	0	0	0	0	0	0	0	0	0	0	0	0	0	43648	0	0	0	0	0	0	0	0	0	0	0	0	0	0	0	0	0	0	0	43648	0	0	0	0	0	0	0	0	0	0	0	369043	0	0	0	0	0	0	0	0	0	0	0	0	0	0	0	0	0	0	0	0	0	0	0	0	0	0	0
3031	±‰“Ïπ∑	0	0	0	0	0	0	0	0	0	0	0	0	0	0	0	0	0	0	0	0	0	0	0	0	0	0	0	0	0	0	0	0	0	0	43648	0	0	0	0	0	0	0	0	0	0	0	0	0	0	0	0	0	0	0	43648	0	0	0	0	0	0	0	0	0	0	0	369043	0	0	0	0	0	0	0	0	0	0	0	0	0	0	0	0	0	0	0	0	0	0	0	0	0	0	0
3039	π∑±¶±¶	0	0	0	0	0	0	0	0	0	0	0	0	0	0	0	0	0	0	0	0	0	0	0	0	0	0	0	0	0	0	0	0	0	0	43648	0	0	0	0	0	0	0	0	0	0	0	0	0	0	0	0	0	0	0	43648	0	0	0	0	0	0	0	0	0	0	0	369043	0	0	0	0	0	0	0	0	0	0	0	0	0	0	0	0	0	0	0	0	0	0	0	0	0	0	0
3040	≥…ƒÍ¥Ã‚¨	0	0	0	0	0	0	0	43648	0	0	0	0	0	0	0	0	0	0	0	0	0	0	0	0	0	0	0	0	0	0	0	0	0	0	0	0	0	0	0	0	0	0	0	0	0	0	0	0	0	0	0	0	0	0	0	0	0	0	369043	0	0	0	0	0	0	0	0	0	0	0	0	0	0	0	0	0	0	0	0	0	0	0	0	0	0	43648	0	0	0	0	0	0	0	0
3041	±‰“Ï¥Ã‚¨	0	0	0	0	0	0	0	43648	0	0	0	0	0	0	0	0	0	0	0	0	0	0	0	0	0	0	0	0	0	0	0	0	0	0	0	0	0	0	0	0	0	0	0	0	0	0	0	0	0	0	0	0	0	0	0	0	0	0	369043	0	0	0	0	0	0	0	0	0	0	0	0	0	0	0	0	0	0	0	0	0	0	0	0	0	0	43648	0	0	0	0	0	0	0	0
3049	¥Ã‚¨±¶±¶	0	0	0	0	0	0	0	43648	0	0	0	0	0	0	0	0	0	0	0	0	0	0	0	0	0	0	0	0	0	0	0	0	0	0	0	0	0	0	0	0	0	0	0	0	0	0	0	0	0	0	0	0	0	0	0	0	0	0	369043	0	0	0	0	0	0	0	0	0	0	0	0	0	0	0	0	0	0	0	0	0	0	0	0	0	0	43648	0	0	0	0	0	0	0	0
3050	≥…ƒÍ∫Ô◊”	0	0	0	0	0	43648	0	0	0	0	0	0	0	0	0	0	0	0	0	0	0	0	0	0	0	0	0	0	0	0	0	0	0	0	0	0	0	0	0	0	0	0	0	0	0	0	0	0	0	0	0	0	0	0	0	0	0	0	0	0	0	0	0	0	0	0	0	0	0	0	0	0	0	0	0	0	0	0	0	0	0	0	369043	0	0	0	0	43648	0	0	0	0	0	0
3051	±‰“Ï∫Ô◊”	0	0	0	0	0	43648	0	0	0	0	0	0	0	0	0	0	0	0	0	0	0	0	0	0	0	0	0	0	0	0	0	0	0	0	0	0	0	0	0	0	0	0	0	0	0	0	0	0	0	0	0	0	0	0	0	0	0	0	0	0	0	0	0	0	0	0	0	0	0	0	0	0	0	0	0	0	0	0	0	0	0	0	369043	0	0	0	0	43648	0	0	0	0	0	0
3059	∫Ô◊”±¶±¶	0	0	0	0	0	43648	0	0	0	0	0	0	0	0	0	0	0	0	0	0	0	0	0	0	0	0	0	0	0	0	0	0	0	0	0	0	0	0	0	0	0	0	0	0	0	0	0	0	0	0	0	0	0	0	0	0	0	0	0	0	0	0	0	0	0	0	0	0	0	0	0	0	0	0	0	0	0	0	0	0	0	0	369043	0	0	0	0	43648	0	0	0	0	0	0
3060	≥…ƒÍÀ… Û	0	0	0	0	0	0	0	0	0	0	0	0	0	0	55912	0	0	0	0	0	0	0	0	0	0	0	0	0	0	0	0	0	0	0	0	0	0	0	0	0	0	0	0	0	0	0	0	0	0	0	0	0	0	369043	0	0	0	0	0	0	0	0	0	0	0	0	0	0	0	0	0	0	0	0	0	0	0	0	0	0	0	0	0	0	0	0	0	0	0	43648	0	0	0	0
3061	±‰“ÏÀ… Û	0	0	0	0	0	0	0	0	0	0	0	0	0	0	55912	0	0	0	0	0	0	0	0	0	0	0	0	0	0	0	0	0	0	0	0	0	0	0	0	0	0	0	0	0	0	0	0	0	0	0	0	0	0	369043	0	0	0	0	0	0	0	0	0	0	0	0	0	0	0	0	0	0	0	0	0	0	0	0	0	0	0	0	0	0	0	0	0	0	0	43648	0	0	0	0
3062	±‰“ÏÀ… Û	0	0	0	0	0	0	0	0	0	0	0	0	0	0	55912	0	0	0	0	0	0	0	0	0	0	0	0	0	0	0	0	0	0	0	0	0	0	0	0	0	0	0	0	0	0	0	0	0	0	0	0	0	0	369043	0	0	0	0	0	0	0	0	0	0	0	0	0	0	0	0	0	0	0	0	0	0	0	0	0	0	0	0	0	0	0	0	0	0	0	43648	0	0	0	0
3069	À… Û±¶±¶	0	0	0	0	0	0	0	0	0	0	0	0	0	0	55912	0	0	0	0	0	0	0	0	0	0	0	0	0	0	0	0	0	0	0	0	0	0	0	0	0	0	0	0	0	0	0	0	0	0	0	0	0	0	369043	0	0	0	0	0	0	0	0	0	0	0	0	0	0	0	0	0	0	0	0	0	0	0	0	0	0	0	0	0	0	0	0	0	0	0	43648	0	0	0	0
3070	≥…ƒÍ‰Ω–‹	0	0	0	0	0	0	0	0	0	0	0	0	0	0	0	0	0	0	0	0	0	0	0	0	0	0	0	0	0	0	0	0	0	0	0	0	0	0	0	0	0	0	0	0	0	0	0	0	0	0	0	0	0	0	0	0	0	0	0	0	0	0	0	0	0	0	0	0	0	0	0	0	0	0	369043	0	0	0	0	0	55912	0	0	0	0	0	43648	0	0	0	0	0	0	0
3071	±‰“Ï‰Ω–‹	0	0	0	0	0	0	0	0	0	0	0	0	0	0	0	0	0	0	0	0	0	0	0	0	0	0	0	0	0	0	0	0	0	0	0	0	0	0	0	0	0	0	0	0	0	0	0	0	0	0	0	0	0	0	0	0	0	0	0	0	0	0	0	0	0	0	0	0	0	0	0	0	0	0	369043	0	0	0	0	0	55912	0	0	0	0	0	43648	0	0	0	0	0	0	0
3072	±‰“Ï‰Ω–‹	0	0	0	0	0	0	0	0	0	0	0	0	0	0	0	0	0	0	0	0	0	0	0	0	0	0	0	0	0	0	0	0	0	0	0	0	0	0	0	0	0	0	0	0	0	0	0	0	0	0	0	0	0	0	0	0	0	0	0	0	0	0	0	0	0	0	0	0	0	0	0	0	0	0	369043	0	0	0	0	0	55912	0	0	0	0	0	43648	0	0	0	0	0	0	0
3079	‰Ω–‹±¶±¶	0	0	0	0	0	0	0	0	0	0	0	0	0	0	0	0	0	0	0	0	0	0	0	0	0	0	0	0	0	0	0	0	0	0	0	0	0	0	0	0	0	0	0	0	0	0	0	0	0	0	0	0	0	0	0	0	0	0	0	0	0	0	0	0	0	0	0	0	0	0	0	0	0	0	369043	0	0	0	0	0	55912	0	0	0	0	0	43648	0	0	0	0	0	0	0
3080	≥…ƒÍ–ƒ	0	0	0	0	0	0	0	0	0	0	0	0	0	0	0	0	0	0	369043	0	0	0	0	0	0	0	0	0	0	0	0	0	0	0	0	0	0	0	0	0	0	0	0	0	0	0	0	0	0	0	0	0	0	0	0	0	0	0	0	0	0	0	0	0	0	0	0	0	0	0	0	0	0	0	0	0	31981	0	0	0	0	0	0	0	0	0	0	0	68850	0	0	0	0	0
3081	±‰“Ï–ƒ	0	0	0	0	0	0	0	0	0	0	0	0	0	0	0	0	0	0	369043	0	0	0	0	0	0	0	0	0	0	0	0	0	0	0	0	0	0	0	0	0	0	0	0	0	0	0	0	0	0	0	0	0	0	0	0	0	0	0	0	0	0	0	0	0	0	0	0	0	0	0	0	0	0	0	0	0	31981	0	0	0	0	0	0	0	0	0	0	0	68850	0	0	0	0	0
3082	±‰“Ï–ƒ	0	0	0	0	0	0	0	0	0	0	0	0	0	0	0	0	0	0	369043	0	0	0	0	0	0	0	0	0	0	0	0	0	0	0	0	0	0	0	0	0	0	0	0	0	0	0	0	0	0	0	0	0	0	0	0	0	0	0	0	0	0	0	0	0	0	0	0	0	0	0	0	0	0	0	0	0	31981	0	0	0	0	0	0	0	0	0	0	0	68850	0	0	0	0	0
3089	–ƒ±¶±¶	0	0	0	0	0	0	0	0	0	0	0	0	0	0	0	0	0	0	369043	0	0	0	0	0	0	0	0	0	0	0	0	0	0	0	0	0	0	0	0	0	0	0	0	0	0	0	0	0	0	0	0	0	0	0	0	0	0	0	0	0	0	0	0	0	0	0	0	0	0	0	0	0	0	0	0	0	31981	0	0	0	0	0	0	0	0	0	0	0	68850	0	0	0	0	0
3090	≥…ƒÍÚ·ÚÊ	0	0	369043	0	0	0	0	20852	0	0	0	0	0	0	0	0	0	0	0	0	0	0	0	0	0	0	0	0	0	0	0	0	0	0	0	0	0	0	0	0	0	0	0	0	0	0	43648	0	0	0	0	0	0	0	0	0	0	0	0	0	0	0	0	0	0	0	0	0	0	0	0	0	0	0	0	0	0	0	55912	0	0	0	0	0	0	0	0	0	0	0	0	0	0	0
3091	±‰“ÏÚ·ÚÊ	0	0	369043	0	0	0	0	20852	0	0	0	0	0	0	0	0	0	0	0	0	0	0	0	0	0	0	0	0	0	0	0	0	0	0	0	0	0	0	0	0	0	0	0	0	0	0	43648	0	0	0	0	0	0	0	0	0	0	0	0	0	0	0	0	0	0	0	0	0	0	0	0	0	0	0	0	0	0	0	55912	0	0	0	0	0	0	0	0	0	0	0	0	0	0	0
3092	±‰“ÏÚ·ÚÊ	0	0	369043	0	0	0	0	20852	0	0	0	0	0	0	0	0	0	0	0	0	0	0	0	0	0	0	0	0	0	0	0	0	0	0	0	0	0	0	0	0	0	0	0	0	0	0	43648	0	0	0	0	0	0	0	0	0	0	0	0	0	0	0	0	0	0	0	0	0	0	0	0	0	0	0	0	0	0	0	55912	0	0	0	0	0	0	0	0	0	0	0	0	0	0	0
3099	Ú·ÚÊ±¶±¶	0	0	369043	0	0	0	0	20852	0	0	0	0	0	0	0	0	0	0	0	0	0	0	0	0	0	0	0	0	0	0	0	0	0	0	0	0	0	0	0	0	0	0	0	0	0	0	43648	0	0	0	0	0	0	0	0	0	0	0	0	0	0	0	0	0	0	0	0	0	0	0	0	0	0	0	0	0	0	0	55912	0	0	0	0	0	0	0	0	0	0	0	0	0	0	0
3100	≥…ƒÍÚ˘Ú	0	0	0	0	0	68850	0	0	0	0	0	0	0	0	0	0	0	0	0	0	0	0	0	0	0	0	0	0	0	0	0	0	0	0	0	0	0	0	0	0	0	0	0	0	0	0	0	0	20852	0	0	0	20852	0	0	0	0	0	0	0	0	0	369043	0	0	0	0	0	0	0	0	0	0	0	0	0	0	0	0	0	0	0	0	0	0	0	0	0	0	0	0	0	0	0
3101	±‰“ÏÚ˘Ú	0	0	0	0	0	68850	0	0	0	0	0	0	0	0	0	0	0	0	0	0	0	0	0	0	0	0	0	0	0	0	0	0	0	0	0	0	0	0	0	0	0	0	0	0	0	0	0	0	20852	0	0	0	20852	0	0	0	0	0	0	0	0	0	369043	0	0	0	0	0	0	0	0	0	0	0	0	0	0	0	0	0	0	0	0	0	0	0	0	0	0	0	0	0	0	0
3102	±‰“ÏÚ˘Ú	0	0	0	0	0	68850	0	0	0	0	0	0	0	0	0	0	0	0	0	0	0	0	0	0	0	0	0	0	0	0	0	0	0	0	0	0	0	0	0	0	0	0	0	0	0	0	0	0	20852	0	0	0	20852	0	0	0	0	0	0	0	0	0	369043	0	0	0	0	0	0	0	0	0	0	0	0	0	0	0	0	0	0	0	0	0	0	0	0	0	0	0	0	0	0	0
3109	Ú˘Ú±¶±¶	0	0	0	0	0	68850	0	0	0	0	0	0	0	0	0	0	0	0	0	0	0	0	0	0	0	0	0	0	0	0	0	0	0	0	0	0	0	0	0	0	0	0	0	0	0	0	0	0	20852	0	0	0	20852	0	0	0	0	0	0	0	0	0	369043	0	0	0	0	0	0	0	0	0	0	0	0	0	0	0	0	0	0	0	0	0	0	0	0	0	0	0	0	0	0	0
3110	≥…ƒÍ¥ÛÛ´ÚÎ	0	0	0	0	0	0	0	369043	0	0	55912	0	0	0	0	0	0	0	0	0	0	0	0	0	0	0	0	0	0	0	0	0	43648	0	0	0	0	0	0	0	0	0	0	0	0	0	0	0	0	0	0	0	0	0	0	0	0	0	0	0	0	0	0	0	0	0	0	0	0	0	20852	0	0	0	0	0	0	0	0	0	0	0	0	0	0	0	0	0	0	0	0	0	0	0
3111	±‰“Ï¥ÛÛ´ÚÎ	0	0	0	0	0	0	0	369043	0	0	55912	0	0	0	0	0	0	0	0	0	0	0	0	0	0	0	0	0	0	0	0	0	43648	0	0	0	0	0	0	0	0	0	0	0	0	0	0	0	0	0	0	0	0	0	0	0	0	0	0	0	0	0	0	0	0	0	0	0	0	0	20852	0	0	0	0	0	0	0	0	0	0	0	0	0	0	0	0	0	0	0	0	0	0	0
3112	±‰“Ï¥ÛÛ´ÚÎ	0	0	0	0	0	0	0	369043	0	0	55912	0	0	0	0	0	0	0	0	0	0	0	0	0	0	0	0	0	0	0	0	0	43648	0	0	0	0	0	0	0	0	0	0	0	0	0	0	0	0	0	0	0	0	0	0	0	0	0	0	0	0	0	0	0	0	0	0	0	0	0	20852	0	0	0	0	0	0	0	0	0	0	0	0	0	0	0	0	0	0	0	0	0	0	0
3119	¥ÛÛ´ÚÎ±¶±¶	0	0	0	0	0	0	0	369043	0	0	55912	0	0	0	0	0	0	0	0	0	0	0	0	0	0	0	0	0	0	0	0	0	43648	0	0	0	0	0	0	0	0	0	0	0	0	0	0	0	0	0	0	0	0	0	0	0	0	0	0	0	0	0	0	0	0	0	0	0	0	0	20852	0	0	0	0	0	0	0	0	0	0	0	0	0	0	0	0	0	0	0	0	0	0	0
3120	≥…ƒÍˆ˘”„	55912	0	0	0	0	0	0	0	0	0	0	0	0	0	0	0	20852	0	0	0	0	0	0	0	0	0	0	0	0	0	0	0	0	0	0	0	0	0	43648	0	0	0	0	0	0	0	0	0	0	0	0	0	0	0	369043	0	0	0	0	0	0	0	0	0	0	0	0	0	0	0	0	0	0	0	0	0	0	0	0	0	0	0	0	0	0	0	0	0	0	0	0	0	0	0
3121	±‰“Ïˆ˘”„	55912	0	0	0	0	0	0	0	0	0	0	0	0	0	0	0	20852	0	0	0	0	0	0	0	0	0	0	0	0	0	0	0	0	0	0	0	0	0	43648	0	0	0	0	0	0	0	0	0	0	0	0	0	0	0	369043	0	0	0	0	0	0	0	0	0	0	0	0	0	0	0	0	0	0	0	0	0	0	0	0	0	0	0	0	0	0	0	0	0	0	0	0	0	0	0
3122	±‰“Ïˆ˘”„	55912	0	0	0	0	0	0	0	0	0	0	0	0	0	0	0	20852	0	0	0	0	0	0	0	0	0	0	0	0	0	0	0	0	0	0	0	0	0	43648	0	0	0	0	0	0	0	0	0	0	0	0	0	0	0	369043	0	0	0	0	0	0	0	0	0	0	0	0	0	0	0	0	0	0	0	0	0	0	0	0	0	0	0	0	0	0	0	0	0	0	0	0	0	0	0
3129	ˆ˘”„±¶±¶	55912	0	0	0	0	0	0	0	0	0	0	0	0	0	0	0	20852	0	0	0	0	0	0	0	0	0	0	0	0	0	0	0	0	0	0	0	0	0	43648	0	0	0	0	0	0	0	0	0	0	0	0	0	0	0	369043	0	0	0	0	0	0	0	0	0	0	0	0	0	0	0	0	0	0	0	0	0	0	0	0	0	0	0	0	0	0	0	0	0	0	0	0	0	0	0
3130	≥…ƒÍ√®Õ∑”•	0	0	0	0	0	0	0	0	55912	0	0	0	0	0	0	0	0	0	0	0	0	0	0	0	0	0	0	0	0	0	0	0	0	0	0	0	0	0	0	0	0	0	0	0	0	0	0	0	0	0	0	0	0	20852	0	0	0	0	0	0	0	0	0	0	0	0	0	0	0	0	0	0	369043	0	0	0	0	0	0	0	0	0	0	0	0	0	43648	0	0	0	0	0	0	0
3131	±‰“Ï√®Õ∑”•	0	0	0	0	0	0	0	0	55912	0	0	0	0	0	0	0	0	0	0	0	0	0	0	0	0	0	0	0	0	0	0	0	0	0	0	0	0	0	0	0	0	0	0	0	0	0	0	0	0	0	0	0	0	20852	0	0	0	0	0	0	0	0	0	0	0	0	0	0	0	0	0	0	369043	0	0	0	0	0	0	0	0	0	0	0	0	0	43648	0	0	0	0	0	0	0
3132	±‰“Ï√®Õ∑”•	0	0	0	0	0	0	0	0	55912	0	0	0	0	0	0	0	0	0	0	0	0	0	0	0	0	0	0	0	0	0	0	0	0	0	0	0	0	0	0	0	0	0	0	0	0	0	0	0	0	0	0	0	0	20852	0	0	0	0	0	0	0	0	0	0	0	0	0	0	0	0	0	0	369043	0	0	0	0	0	0	0	0	0	0	0	0	0	43648	0	0	0	0	0	0	0
3133	±‰“Ï√®Õ∑”•	0	0	0	0	0	0	0	0	55912	0	0	0	0	0	0	0	0	0	0	0	0	0	0	0	0	0	0	0	0	0	0	0	0	0	0	0	0	0	0	0	0	0	0	0	0	0	0	0	0	0	0	0	0	20852	0	0	0	0	0	0	0	0	0	0	0	0	0	0	0	0	0	0	369043	0	0	0	0	0	0	0	0	0	0	0	0	0	43648	0	0	0	0	0	0	0
3139	√®Õ∑”•±¶±¶	0	0	0	0	0	0	0	0	55912	0	0	0	0	0	0	0	0	0	0	0	0	0	0	0	0	0	0	0	0	0	0	0	0	0	0	0	0	0	0	0	0	0	0	0	0	0	0	0	0	0	0	0	0	20852	0	0	0	0	0	0	0	0	0	0	0	0	0	0	0	0	0	0	369043	0	0	0	0	0	0	0	0	0	0	0	0	0	43648	0	0	0	0	0	0	0
3140	≥…ƒÍ‚µ	0	0	0	0	0	0	0	0	0	0	0	0	0	0	0	0	0	0	0	0	0	0	0	0	0	0	0	0	0	0	0	0	0	0	0	0	0	0	0	0	0	0	0	0	0	0	0	0	0	0	0	20852	0	0	0	0	0	0	0	0	0	0	0	0	369043	0	55912	0	0	0	0	0	0	0	0	0	0	0	0	0	0	0	0	0	43648	0	0	0	0	0	0	0	0	0
3141	±‰“Ï‚µ	0	0	0	0	0	0	0	0	0	0	0	0	0	0	0	0	0	0	0	0	0	0	0	0	0	0	0	0	0	0	0	0	0	0	0	0	0	0	0	0	0	0	0	0	0	0	0	0	0	0	0	20852	0	0	0	0	0	0	0	0	0	0	0	0	369043	0	55912	0	0	0	0	0	0	0	0	0	0	0	0	0	0	0	0	0	43648	0	0	0	0	0	0	0	0	0
3142	±‰“Ï‚µ	0	0	0	0	0	0	0	0	0	0	0	0	0	0	0	0	0	0	0	0	0	0	0	0	0	0	0	0	0	0	0	0	0	0	0	0	0	0	0	0	0	0	0	0	0	0	0	0	0	0	0	20852	0	0	0	0	0	0	0	0	0	0	0	0	369043	0	55912	0	0	0	0	0	0	0	0	0	0	0	0	0	0	0	0	0	43648	0	0	0	0	0	0	0	0	0
3143	±‰“Ï‚µ	0	0	0	0	0	0	0	0	0	0	0	0	0	0	0	0	0	0	0	0	0	0	0	0	0	0	0	0	0	0	0	0	0	0	0	0	0	0	0	0	0	0	0	0	0	0	0	0	0	0	0	20852	0	0	0	0	0	0	0	0	0	0	0	0	369043	0	55912	0	0	0	0	0	0	0	0	0	0	0	0	0	0	0	0	0	43648	0	0	0	0	0	0	0	0	0
3149	‚µ±¶±¶	0	0	0	0	0	0	0	0	0	0	0	0	0	0	0	0	0	0	0	0	0	0	0	0	0	0	0	0	0	0	0	0	0	0	0	0	0	0	0	0	0	0	0	0	0	0	0	0	0	0	0	20852	0	0	0	0	0	0	0	0	0	0	0	0	369043	0	55912	0	0	0	0	0	0	0	0	0	0	0	0	0	0	0	0	0	43648	0	0	0	0	0	0	0	0	0
3150	≥…ƒÍ¿œª¢	0	0	0	0	0	0	0	0	0	0	55912	0	0	0	0	0	0	0	0	0	0	0	0	0	0	0	0	0	0	0	0	0	0	0	0	0	0	0	0	0	0	0	55912	0	0	0	0	0	0	0	0	0	0	0	0	0	0	0	0	0	0	0	0	0	0	0	0	0	0	0	369043	0	0	0	20852	0	0	0	0	0	0	0	0	0	0	0	0	0	0	0	0	0	0	0
3151	±‰“Ï¿œª¢	0	0	0	0	0	0	0	0	0	0	55912	0	0	0	0	0	0	0	0	0	0	0	0	0	0	0	0	0	0	0	0	0	0	0	0	0	0	0	0	0	0	0	55912	0	0	0	0	0	0	0	0	0	0	0	0	0	0	0	0	0	0	0	0	0	0	0	0	0	0	0	369043	0	0	0	20852	0	0	0	0	0	0	0	0	0	0	0	0	0	0	0	0	0	0	0
3152	±‰“Ï¿œª¢	0	0	0	0	0	0	0	0	0	0	55912	0	0	0	0	0	0	0	0	0	0	0	0	0	0	0	0	0	0	0	0	0	0	0	0	0	0	0	0	0	0	0	55912	0	0	0	0	0	0	0	0	0	0	0	0	0	0	0	0	0	0	0	0	0	0	0	0	0	0	0	369043	0	0	0	20852	0	0	0	0	0	0	0	0	0	0	0	0	0	0	0	0	0	0	0
3153	±‰“Ï¿œª¢	0	0	0	0	0	0	0	0	0	0	55912	0	0	0	0	0	0	0	0	0	0	0	0	0	0	0	0	0	0	0	0	0	0	0	0	0	0	0	0	0	0	0	55912	0	0	0	0	0	0	0	0	0	0	0	0	0	0	0	0	0	0	0	0	0	0	0	0	0	0	0	369043	0	0	0	20852	0	0	0	0	0	0	0	0	0	0	0	0	0	0	0	0	0	0	0
3159	¿œª¢±¶±¶	0	0	0	0	0	0	0	0	0	0	55912	0	0	0	0	0	0	0	0	0	0	0	0	0	0	0	0	0	0	0	0	0	0	0	0	0	0	0	0	0	0	0	55912	0	0	0	0	0	0	0	0	0	0	0	0	0	0	0	0	0	0	0	0	0	0	0	0	0	0	0	369043	0	0	0	20852	0	0	0	0	0	0	0	0	0	0	0	0	0	0	0	0	0	0	0
3160	≥…ƒÍ“∞÷Ì	0	0	0	0	0	0	369043	0	0	0	0	0	0	0	0	0	0	0	0	0	0	0	0	0	0	0	0	0	0	0	0	0	0	0	55912	0	0	0	0	0	0	0	0	0	0	0	0	0	0	0	0	0	0	0	55912	0	0	0	0	0	0	0	0	0	0	0	0	0	0	0	20852	0	0	0	0	0	0	0	0	0	0	0	0	0	0	0	0	0	0	0	0	0	0	0
3161	±‰“Ï“∞÷Ì	0	0	0	0	0	0	369043	0	0	0	0	0	0	0	0	0	0	0	0	0	0	0	0	0	0	0	0	0	0	0	0	0	0	0	55912	0	0	0	0	0	0	0	0	0	0	0	0	0	0	0	0	0	0	0	55912	0	0	0	0	0	0	0	0	0	0	0	0	0	0	0	20852	0	0	0	0	0	0	0	0	0	0	0	0	0	0	0	0	0	0	0	0	0	0	0
3162	±‰“Ï“∞÷Ì	0	0	0	0	0	0	369043	0	0	0	0	0	0	0	0	0	0	0	0	0	0	0	0	0	0	0	0	0	0	0	0	0	0	0	55912	0	0	0	0	0	0	0	0	0	0	0	0	0	0	0	0	0	0	0	55912	0	0	0	0	0	0	0	0	0	0	0	0	0	0	0	20852	0	0	0	0	0	0	0	0	0	0	0	0	0	0	0	0	0	0	0	0	0	0	0
3163	±‰“Ï“∞÷Ì	0	0	0	0	0	0	369043	0	0	0	0	0	0	0	0	0	0	0	0	0	0	0	0	0	0	0	0	0	0	0	0	0	0	0	55912	0	0	0	0	0	0	0	0	0	0	0	0	0	0	0	0	0	0	0	55912	0	0	0	0	0	0	0	0	0	0	0	0	0	0	0	20852	0	0	0	0	0	0	0	0	0	0	0	0	0	0	0	0	0	0	0	0	0	0	0
3169	“∞÷Ì±¶±¶	0	0	0	0	0	0	369043	0	0	0	0	0	0	0	0	0	0	0	0	0	0	0	0	0	0	0	0	0	0	0	0	0	0	0	55912	0	0	0	0	0	0	0	0	0	0	0	0	0	0	0	0	0	0	0	55912	0	0	0	0	0	0	0	0	0	0	0	0	0	0	0	20852	0	0	0	0	0	0	0	0	0	0	0	0	0	0	0	0	0	0	0	0	0	0	0
3170	≥…ƒÍ±˘≤œ	369043	0	0	0	0	0	0	0	0	0	0	0	55912	0	0	0	0	0	0	0	0	0	0	0	0	0	0	0	0	0	0	0	0	0	0	0	0	0	0	0	0	0	0	0	0	0	0	0	0	0	20852	0	0	0	0	0	0	0	0	0	0	0	0	0	0	0	0	0	0	0	0	0	0	0	0	0	0	0	0	0	0	0	0	0	0	43648	0	0	0	0	0	0	0	0
3171	±‰“Ï±˘≤œ	369043	0	0	0	0	0	0	0	0	0	0	0	55912	0	0	0	0	0	0	0	0	0	0	0	0	0	0	0	0	0	0	0	0	0	0	0	0	0	0	0	0	0	0	0	0	0	0	0	0	0	20852	0	0	0	0	0	0	0	0	0	0	0	0	0	0	0	0	0	0	0	0	0	0	0	0	0	0	0	0	0	0	0	0	0	0	43648	0	0	0	0	0	0	0	0
3172	±‰“Ï±˘≤œ	369043	0	0	0	0	0	0	0	0	0	0	0	55912	0	0	0	0	0	0	0	0	0	0	0	0	0	0	0	0	0	0	0	0	0	0	0	0	0	0	0	0	0	0	0	0	0	0	0	0	0	20852	0	0	0	0	0	0	0	0	0	0	0	0	0	0	0	0	0	0	0	0	0	0	0	0	0	0	0	0	0	0	0	0	0	0	43648	0	0	0	0	0	0	0	0
3173	±‰“Ï±˘≤œ	369043	0	0	0	0	0	0	0	0	0	0	0	55912	0	0	0	0	0	0	0	0	0	0	0	0	0	0	0	0	0	0	0	0	0	0	0	0	0	0	0	0	0	0	0	0	0	0	0	0	0	20852	0	0	0	0	0	0	0	0	0	0	0	0	0	0	0	0	0	0	0	0	0	0	0	0	0	0	0	0	0	0	0	0	0	0	43648	0	0	0	0	0	0	0	0
3174	±‰“Ï±˘≤œ	369043	0	0	0	0	0	0	0	0	0	0	0	55912	0	0	0	0	0	0	0	0	0	0	0	0	0	0	0	0	0	0	0	0	0	0	0	0	0	0	0	0	0	0	0	0	0	0	0	0	0	20852	0	0	0	0	0	0	0	0	0	0	0	0	0	0	0	0	0	0	0	0	0	0	0	0	0	0	0	0	0	0	0	0	0	0	43648	0	0	0	0	0	0	0	0
3179	±˘≤œ±¶±¶	369043	0	0	0	0	0	0	0	0	0	0	0	55912	0	0	0	0	0	0	0	0	0	0	0	0	0	0	0	0	0	0	0	0	0	0	0	0	0	0	0	0	0	0	0	0	0	0	0	0	0	20852	0	0	0	0	0	0	0	0	0	0	0	0	0	0	0	0	0	0	0	0	0	0	0	0	0	0	0	0	0	0	0	0	0	0	43648	0	0	0	0	0	0	0	0
3180	≥…ƒÍ”•	0	0	0	0	0	0	0	55912	0	0	0	0	0	0	0	0	0	0	0	0	0	0	0	0	0	0	0	0	0	0	0	0	0	0	0	0	0	0	0	0	0	0	0	0	0	0	0	0	0	0	0	0	0	0	0	0	0	0	0	0	369043	0	0	0	0	0	0	0	0	0	0	0	0	0	20852	0	0	0	0	0	0	0	0	0	0	0	68850	0	0	0	0	0	0	0
3181	±‰“Ï”•	0	0	0	0	0	0	0	55912	0	0	0	0	0	0	0	0	0	0	0	0	0	0	0	0	0	0	0	0	0	0	0	0	0	0	0	0	0	0	0	0	0	0	0	0	0	0	0	0	0	0	0	0	0	0	0	0	0	0	0	0	369043	0	0	0	0	0	0	0	0	0	0	0	0	0	20852	0	0	0	0	0	0	0	0	0	0	0	68850	0	0	0	0	0	0	0
3182	±‰“Ï”•	0	0	0	0	0	0	0	55912	0	0	0	0	0	0	0	0	0	0	0	0	0	0	0	0	0	0	0	0	0	0	0	0	0	0	0	0	0	0	0	0	0	0	0	0	0	0	0	0	0	0	0	0	0	0	0	0	0	0	0	0	369043	0	0	0	0	0	0	0	0	0	0	0	0	0	20852	0	0	0	0	0	0	0	0	0	0	0	68850	0	0	0	0	0	0	0
3183	±‰“Ï”•	0	0	0	0	0	0	0	55912	0	0	0	0	0	0	0	0	0	0	0	0	0	0	0	0	0	0	0	0	0	0	0	0	0	0	0	0	0	0	0	0	0	0	0	0	0	0	0	0	0	0	0	0	0	0	0	0	0	0	0	0	369043	0	0	0	0	0	0	0	0	0	0	0	0	0	20852	0	0	0	0	0	0	0	0	0	0	0	68850	0	0	0	0	0	0	0
3184	±‰“Ï”•	0	0	0	0	0	0	0	55912	0	0	0	0	0	0	0	0	0	0	0	0	0	0	0	0	0	0	0	0	0	0	0	0	0	0	0	0	0	0	0	0	0	0	0	0	0	0	0	0	0	0	0	0	0	0	0	0	0	0	0	0	369043	0	0	0	0	0	0	0	0	0	0	0	0	0	20852	0	0	0	0	0	0	0	0	0	0	0	68850	0	0	0	0	0	0	0
3189	”•±¶±¶	0	0	0	0	0	0	0	55912	0	0	0	0	0	0	0	0	0	0	0	0	0	0	0	0	0	0	0	0	0	0	0	0	0	0	0	0	0	0	0	0	0	0	0	0	0	0	0	0	0	0	0	0	0	0	0	0	0	0	0	0	369043	0	0	0	0	0	0	0	0	0	0	0	0	0	20852	0	0	0	0	0	0	0	0	0	0	0	68850	0	0	0	0	0	0	0
3190	≥…ƒÍÕ“ƒÒ	0	0	0	0	0	0	0	0	0	0	0	0	0	0	0	0	55912	0	0	0	0	0	0	0	0	0	0	0	0	0	0	0	0	0	0	0	0	0	0	0	0	0	0	0	0	0	68850	0	0	0	0	0	0	0	0	0	0	0	0	0	0	0	0	0	20852	0	0	0	0	0	0	0	0	0	0	0	369043	0	0	0	0	0	0	0	0	0	0	0	0	0	0	0	0	0
3191	±‰“ÏÕ“ƒÒ	0	0	0	0	0	0	0	0	0	0	0	0	0	0	0	0	55912	0	0	0	0	0	0	0	0	0	0	0	0	0	0	0	0	0	0	0	0	0	0	0	0	0	0	0	0	0	68850	0	0	0	0	0	0	0	0	0	0	0	0	0	0	0	0	0	20852	0	0	0	0	0	0	0	0	0	0	0	369043	0	0	0	0	0	0	0	0	0	0	0	0	0	0	0	0	0
3192	±‰“ÏÕ“ƒÒ	0	0	0	0	0	0	0	0	0	0	0	0	0	0	0	0	55912	0	0	0	0	0	0	0	0	0	0	0	0	0	0	0	0	0	0	0	0	0	0	0	0	0	0	0	0	0	68850	0	0	0	0	0	0	0	0	0	0	0	0	0	0	0	0	0	20852	0	0	0	0	0	0	0	0	0	0	0	369043	0	0	0	0	0	0	0	0	0	0	0	0	0	0	0	0	0
3193	±‰“ÏÕ“ƒÒ	0	0	0	0	0	0	0	0	0	0	0	0	0	0	0	0	55912	0	0	0	0	0	0	0	0	0	0	0	0	0	0	0	0	0	0	0	0	0	0	0	0	0	0	0	0	0	68850	0	0	0	0	0	0	0	0	0	0	0	0	0	0	0	0	0	20852	0	0	0	0	0	0	0	0	0	0	0	369043	0	0	0	0	0	0	0	0	0	0	0	0	0	0	0	0	0
3194	±‰“ÏÕ“ƒÒ	0	0	0	0	0	0	0	0	0	0	0	0	0	0	0	0	55912	0	0	0	0	0	0	0	0	0	0	0	0	0	0	0	0	0	0	0	0	0	0	0	0	0	0	0	0	0	68850	0	0	0	0	0	0	0	0	0	0	0	0	0	0	0	0	0	20852	0	0	0	0	0	0	0	0	0	0	0	369043	0	0	0	0	0	0	0	0	0	0	0	0	0	0	0	0	0
3199	Õ“ƒÒ±¶±¶	0	0	0	0	0	0	0	0	0	0	0	0	0	0	0	0	55912	0	0	0	0	0	0	0	0	0	0	0	0	0	0	0	0	0	0	0	0	0	0	0	0	0	0	0	0	0	68850	0	0	0	0	0	0	0	0	0	0	0	0	0	0	0	0	0	20852	0	0	0	0	0	0	0	0	0	0	0	369043	0	0	0	0	0	0	0	0	0	0	0	0	0	0	0	0	0
3200	≥…ƒÍ±™◊”	0	0	0	0	0	0	0	0	0	0	0	0	0	0	0	0	0	0	0	0	0	0	0	0	0	0	0	0	0	0	0	0	0	0	0	0	0	0	0	0	0	0	68850	0	0	0	0	0	0	0	0	0	0	0	0	0	0	0	0	0	55912	0	0	0	0	0	0	0	0	0	0	0	0	0	369043	0	0	0	0	0	20852	0	0	0	0	0	0	0	0	0	0	0	0	0
3201	±‰“Ï±™◊”	0	0	0	0	0	0	0	0	0	0	0	0	0	0	0	0	0	0	0	0	0	0	0	0	0	0	0	0	0	0	0	0	0	0	0	0	0	0	0	0	0	0	68850	0	0	0	0	0	0	0	0	0	0	0	0	0	0	0	0	0	55912	0	0	0	0	0	0	0	0	0	0	0	0	0	369043	0	0	0	0	0	20852	0	0	0	0	0	0	0	0	0	0	0	0	0
3202	±‰“Ï±™◊”	0	0	0	0	0	0	0	0	0	0	0	0	0	0	0	0	0	0	0	0	0	0	0	0	0	0	0	0	0	0	0	0	0	0	0	0	0	0	0	0	0	0	68850	0	0	0	0	0	0	0	0	0	0	0	0	0	0	0	0	0	55912	0	0	0	0	0	0	0	0	0	0	0	0	0	369043	0	0	0	0	0	20852	0	0	0	0	0	0	0	0	0	0	0	0	0
3203	±‰“Ï±™◊”	0	0	0	0	0	0	0	0	0	0	0	0	0	0	0	0	0	0	0	0	0	0	0	0	0	0	0	0	0	0	0	0	0	0	0	0	0	0	0	0	0	0	68850	0	0	0	0	0	0	0	0	0	0	0	0	0	0	0	0	0	55912	0	0	0	0	0	0	0	0	0	0	0	0	0	369043	0	0	0	0	0	20852	0	0	0	0	0	0	0	0	0	0	0	0	0
3204	±‰“Ï±™◊”	0	0	0	0	0	0	0	0	0	0	0	0	0	0	0	0	0	0	0	0	0	0	0	0	0	0	0	0	0	0	0	0	0	0	0	0	0	0	0	0	0	0	68850	0	0	0	0	0	0	0	0	0	0	0	0	0	0	0	0	0	55912	0	0	0	0	0	0	0	0	0	0	0	0	0	369043	0	0	0	0	0	20852	0	0	0	0	0	0	0	0	0	0	0	0	0
3209	±™◊”±¶±¶	0	0	0	0	0	0	0	0	0	0	0	0	0	0	0	0	0	0	0	0	0	0	0	0	0	0	0	0	0	0	0	0	0	0	0	0	0	0	0	0	0	0	68850	0	0	0	0	0	0	0	0	0	0	0	0	0	0	0	0	0	55912	0	0	0	0	0	0	0	0	0	0	0	0	0	369043	0	0	0	0	0	20852	0	0	0	0	0	0	0	0	0	0	0	0	0
3210	≥…ƒÍ±±º´–‹	0	0	0	0	0	0	55912	0	0	0	0	0	0	0	0	0	369043	0	0	0	0	0	0	0	0	0	0	0	0	0	0	0	0	0	68850	0	0	0	0	0	0	0	0	0	0	0	0	0	0	0	20852	0	0	0	0	0	0	0	0	0	0	0	0	0	0	0	0	0	0	0	0	0	0	0	0	0	0	0	0	0	0	0	0	0	0	0	0	0	0	0	0	0	0	0
3211	±‰“Ï±±º´–‹	0	0	0	0	0	0	55912	0	0	0	0	0	0	0	0	0	369043	0	0	0	0	0	0	0	0	0	0	0	0	0	0	0	0	0	68850	0	0	0	0	0	0	0	0	0	0	0	0	0	0	0	20852	0	0	0	0	0	0	0	0	0	0	0	0	0	0	0	0	0	0	0	0	0	0	0	0	0	0	0	0	0	0	0	0	0	0	0	0	0	0	0	0	0	0	0
3212	±‰“Ï±±º´–‹	0	0	0	0	0	0	55912	0	0	0	0	0	0	0	0	0	369043	0	0	0	0	0	0	0	0	0	0	0	0	0	0	0	0	0	68850	0	0	0	0	0	0	0	0	0	0	0	0	0	0	0	20852	0	0	0	0	0	0	0	0	0	0	0	0	0	0	0	0	0	0	0	0	0	0	0	0	0	0	0	0	0	0	0	0	0	0	0	0	0	0	0	0	0	0	0
3213	±‰“Ï±±º´–‹	0	0	0	0	0	0	55912	0	0	0	0	0	0	0	0	0	369043	0	0	0	0	0	0	0	0	0	0	0	0	0	0	0	0	0	68850	0	0	0	0	0	0	0	0	0	0	0	0	0	0	0	20852	0	0	0	0	0	0	0	0	0	0	0	0	0	0	0	0	0	0	0	0	0	0	0	0	0	0	0	0	0	0	0	0	0	0	0	0	0	0	0	0	0	0	0
3214	±‰“Ï±±º´–‹	0	0	0	0	0	0	55912	0	0	0	0	0	0	0	0	0	369043	0	0	0	0	0	0	0	0	0	0	0	0	0	0	0	0	0	68850	0	0	0	0	0	0	0	0	0	0	0	0	0	0	0	20852	0	0	0	0	0	0	0	0	0	0	0	0	0	0	0	0	0	0	0	0	0	0	0	0	0	0	0	0	0	0	0	0	0	0	0	0	0	0	0	0	0	0	0
3215	±‰“Ï±±º´–‹	0	0	0	0	0	0	55912	0	0	0	0	0	0	0	0	0	369043	0	0	0	0	0	0	0	0	0	0	0	0	0	0	0	0	0	68850	0	0	0	0	0	0	0	0	0	0	0	0	0	0	0	20852	0	0	0	0	0	0	0	0	0	0	0	0	0	0	0	0	0	0	0	0	0	0	0	0	0	0	0	0	0	0	0	0	0	0	0	0	0	0	0	0	0	0	0
3219	±±º´–‹±¶±¶	0	0	0	0	0	0	55912	0	0	0	0	0	0	0	0	0	369043	0	0	0	0	0	0	0	0	0	0	0	0	0	0	0	0	0	68850	0	0	0	0	0	0	0	0	0	0	0	0	0	0	0	20852	0	0	0	0	0	0	0	0	0	0	0	0	0	0	0	0	0	0	0	0	0	0	0	0	0	0	0	0	0	0	0	0	0	0	0	0	0	0	0	0	0	0	0
3220	≥…ƒÍø◊»∏	0	0	369043	0	0	0	0	0	20852	0	0	0	0	0	0	0	0	0	0	0	0	0	0	0	0	0	0	0	0	0	0	0	43648	0	0	0	0	0	0	0	0	0	0	0	0	0	0	0	0	0	0	0	0	0	0	0	0	0	0	0	0	0	0	0	0	0	0	0	0	0	0	0	0	0	0	0	55912	0	0	0	0	0	0	0	0	0	0	0	0	0	0	0	0	0
3221	±‰“Ïø◊»∏	0	0	369043	0	0	0	0	0	20852	0	0	0	0	0	0	0	0	0	0	0	0	0	0	0	0	0	0	0	0	0	0	0	43648	0	0	0	0	0	0	0	0	0	0	0	0	0	0	0	0	0	0	0	0	0	0	0	0	0	0	0	0	0	0	0	0	0	0	0	0	0	0	0	0	0	0	0	55912	0	0	0	0	0	0	0	0	0	0	0	0	0	0	0	0	0
3222	±‰“Ïø◊»∏	0	0	369043	0	0	0	0	0	20852	0	0	0	0	0	0	0	0	0	0	0	0	0	0	0	0	0	0	0	0	0	0	0	43648	0	0	0	0	0	0	0	0	0	0	0	0	0	0	0	0	0	0	0	0	0	0	0	0	0	0	0	0	0	0	0	0	0	0	0	0	0	0	0	0	0	0	0	55912	0	0	0	0	0	0	0	0	0	0	0	0	0	0	0	0	0
3223	±‰“Ïø◊»∏	0	0	369043	0	0	0	0	0	20852	0	0	0	0	0	0	0	0	0	0	0	0	0	0	0	0	0	0	0	0	0	0	0	43648	0	0	0	0	0	0	0	0	0	0	0	0	0	0	0	0	0	0	0	0	0	0	0	0	0	0	0	0	0	0	0	0	0	0	0	0	0	0	0	0	0	0	0	55912	0	0	0	0	0	0	0	0	0	0	0	0	0	0	0	0	0
3224	±‰“Ïø◊»∏	0	0	369043	0	0	0	0	0	20852	0	0	0	0	0	0	0	0	0	0	0	0	0	0	0	0	0	0	0	0	0	0	0	43648	0	0	0	0	0	0	0	0	0	0	0	0	0	0	0	0	0	0	0	0	0	0	0	0	0	0	0	0	0	0	0	0	0	0	0	0	0	0	0	0	0	0	0	55912	0	0	0	0	0	0	0	0	0	0	0	0	0	0	0	0	0
3225	±‰“Ïø◊»∏	0	0	369043	0	0	0	0	0	20852	0	0	0	0	0	0	0	0	0	0	0	0	0	0	0	0	0	0	0	0	0	0	0	43648	0	0	0	0	0	0	0	0	0	0	0	0	0	0	0	0	0	0	0	0	0	0	0	0	0	0	0	0	0	0	0	0	0	0	0	0	0	0	0	0	0	0	0	55912	0	0	0	0	0	0	0	0	0	0	0	0	0	0	0	0	0
3229	ø◊»∏±¶±¶	0	0	369043	0	0	0	0	0	20852	0	0	0	0	0	0	0	0	0	0	0	0	0	0	0	0	0	0	0	0	0	0	0	43648	0	0	0	0	0	0	0	0	0	0	0	0	0	0	0	0	0	0	0	0	0	0	0	0	0	0	0	0	0	0	0	0	0	0	0	0	0	0	0	0	0	0	0	55912	0	0	0	0	0	0	0	0	0	0	0	0	0	0	0	0	0
3230	≥…ƒÍΩ£≥›ª¢	0	0	0	0	0	0	0	0	0	369043	0	0	0	0	0	0	0	0	0	0	0	0	0	0	0	0	0	0	0	0	0	0	0	0	0	0	0	0	0	0	0	0	43648	0	0	0	0	0	0	0	0	0	0	0	0	0	0	0	0	0	0	0	0	0	0	0	0	0	0	0	55912	0	0	0	20852	0	0	0	0	0	0	0	0	0	0	0	0	0	0	0	0	0	0	0
3231	±‰“ÏΩ£≥›ª¢	0	0	0	0	0	0	0	0	0	369043	0	0	0	0	0	0	0	0	0	0	0	0	0	0	0	0	0	0	0	0	0	0	0	0	0	0	0	0	0	0	0	0	43648	0	0	0	0	0	0	0	0	0	0	0	0	0	0	0	0	0	0	0	0	0	0	0	0	0	0	0	55912	0	0	0	20852	0	0	0	0	0	0	0	0	0	0	0	0	0	0	0	0	0	0	0
3232	±‰“ÏΩ£≥›ª¢	0	0	0	0	0	0	0	0	0	369043	0	0	0	0	0	0	0	0	0	0	0	0	0	0	0	0	0	0	0	0	0	0	0	0	0	0	0	0	0	0	0	0	43648	0	0	0	0	0	0	0	0	0	0	0	0	0	0	0	0	0	0	0	0	0	0	0	0	0	0	0	55912	0	0	0	20852	0	0	0	0	0	0	0	0	0	0	0	0	0	0	0	0	0	0	0
3233	±‰“ÏΩ£≥›ª¢	0	0	0	0	0	0	0	0	0	369043	0	0	0	0	0	0	0	0	0	0	0	0	0	0	0	0	0	0	0	0	0	0	0	0	0	0	0	0	0	0	0	0	43648	0	0	0	0	0	0	0	0	0	0	0	0	0	0	0	0	0	0	0	0	0	0	0	0	0	0	0	55912	0	0	0	20852	0	0	0	0	0	0	0	0	0	0	0	0	0	0	0	0	0	0	0
3234	±‰“ÏΩ£≥›ª¢	0	0	0	0	0	0	0	0	0	369043	0	0	0	0	0	0	0	0	0	0	0	0	0	0	0	0	0	0	0	0	0	0	0	0	0	0	0	0	0	0	0	0	43648	0	0	0	0	0	0	0	0	0	0	0	0	0	0	0	0	0	0	0	0	0	0	0	0	0	0	0	55912	0	0	0	20852	0	0	0	0	0	0	0	0	0	0	0	0	0	0	0	0	0	0	0
3235	±‰“ÏΩ£≥›ª¢	0	0	0	0	0	0	0	0	0	369043	0	0	0	0	0	0	0	0	0	0	0	0	0	0	0	0	0	0	0	0	0	0	0	0	0	0	0	0	0	0	0	0	43648	0	0	0	0	0	0	0	0	0	0	0	0	0	0	0	0	0	0	0	0	0	0	0	0	0	0	0	55912	0	0	0	20852	0	0	0	0	0	0	0	0	0	0	0	0	0	0	0	0	0	0	0
3239	Ω£≥›ª¢±¶±¶	0	0	0	0	0	0	0	0	0	369043	0	0	0	0	0	0	0	0	0	0	0	0	0	0	0	0	0	0	0	0	0	0	0	0	0	0	0	0	0	0	0	0	43648	0	0	0	0	0	0	0	0	0	0	0	0	0	0	0	0	0	0	0	0	0	0	0	0	0	0	0	55912	0	0	0	20852	0	0	0	0	0	0	0	0	0	0	0	0	0	0	0	0	0	0	0
3240	≥…ƒÍ¥Û–…–…	0	0	0	0	0	0	0	0	0	0	55912	0	0	0	0	0	0	0	0	0	0	0	0	0	0	0	0	0	0	0	0	0	0	0	0	0	0	0	0	0	0	0	0	0	0	0	0	0	0	0	0	0	0	0	20852	0	0	0	0	0	0	0	0	0	0	0	0	0	0	0	0	0	0	0	0	0	0	0	0	0	0	0	369043	0	68850	0	0	0	0	0	0	0	0	0
3241	±‰“Ï¥Û–…–…	0	0	0	0	0	0	0	0	0	0	55912	0	0	0	0	0	0	0	0	0	0	0	0	0	0	0	0	0	0	0	0	0	0	0	0	0	0	0	0	0	0	0	0	0	0	0	0	0	0	0	0	0	0	0	20852	0	0	0	0	0	0	0	0	0	0	0	0	0	0	0	0	0	0	0	0	0	0	0	0	0	0	0	369043	0	68850	0	0	0	0	0	0	0	0	0
3242	±‰“Ï¥Û–…–…	0	0	0	0	0	0	0	0	0	0	55912	0	0	0	0	0	0	0	0	0	0	0	0	0	0	0	0	0	0	0	0	0	0	0	0	0	0	0	0	0	0	0	0	0	0	0	0	0	0	0	0	0	0	0	20852	0	0	0	0	0	0	0	0	0	0	0	0	0	0	0	0	0	0	0	0	0	0	0	0	0	0	0	369043	0	68850	0	0	0	0	0	0	0	0	0
3243	±‰“Ï¥Û–…–…	0	0	0	0	0	0	0	0	0	0	55912	0	0	0	0	0	0	0	0	0	0	0	0	0	0	0	0	0	0	0	0	0	0	0	0	0	0	0	0	0	0	0	0	0	0	0	0	0	0	0	0	0	0	0	20852	0	0	0	0	0	0	0	0	0	0	0	0	0	0	0	0	0	0	0	0	0	0	0	0	0	0	0	369043	0	68850	0	0	0	0	0	0	0	0	0
3244	±‰“Ï¥Û–…–…	0	0	0	0	0	0	0	0	0	0	55912	0	0	0	0	0	0	0	0	0	0	0	0	0	0	0	0	0	0	0	0	0	0	0	0	0	0	0	0	0	0	0	0	0	0	0	0	0	0	0	0	0	0	0	20852	0	0	0	0	0	0	0	0	0	0	0	0	0	0	0	0	0	0	0	0	0	0	0	0	0	0	0	369043	0	68850	0	0	0	0	0	0	0	0	0
3245	±‰“Ï¥Û–…–…	0	0	0	0	0	0	0	0	0	0	55912	0	0	0	0	0	0	0	0	0	0	0	0	0	0	0	0	0	0	0	0	0	0	0	0	0	0	0	0	0	0	0	0	0	0	0	0	0	0	0	0	0	0	0	20852	0	0	0	0	0	0	0	0	0	0	0	0	0	0	0	0	0	0	0	0	0	0	0	0	0	0	0	369043	0	68850	0	0	0	0	0	0	0	0	0
3249	¥Û–…–…±¶±¶	0	0	0	0	0	0	0	0	0	0	55912	0	0	0	0	0	0	0	0	0	0	0	0	0	0	0	0	0	0	0	0	0	0	0	0	0	0	0	0	0	0	0	0	0	0	0	0	0	0	0	0	0	0	0	20852	0	0	0	0	0	0	0	0	0	0	0	0	0	0	0	0	0	0	0	0	0	0	0	0	0	0	0	369043	0	68850	0	0	0	0	0	0	0	0	0
3250	≥…ƒÍœ¨≈£	0	0	0	0	0	0	0	0	0	0	0	0	0	0	0	0	10206	0	0	0	0	0	0	0	0	0	0	0	0	0	0	0	0	0	0	0	0	0	68850	0	0	0	0	0	0	0	0	0	0	0	0	0	0	0	0	0	0	0	369043	0	0	0	0	0	20852	0	0	0	0	0	55912	0	0	0	0	0	0	0	0	0	0	0	0	0	0	0	0	0	0	0	0	0	0	0
3251	±‰“Ïœ¨≈£	0	0	0	0	0	0	0	0	0	0	0	0	0	0	0	0	10206	0	0	0	0	0	0	0	0	0	0	0	0	0	0	0	0	0	0	0	0	0	68850	0	0	0	0	0	0	0	0	0	0	0	0	0	0	0	0	0	0	0	369043	0	0	0	0	0	20852	0	0	0	0	0	55912	0	0	0	0	0	0	0	0	0	0	0	0	0	0	0	0	0	0	0	0	0	0	0
3252	±‰“Ïœ¨≈£	0	0	0	0	0	0	0	0	0	0	0	0	0	0	0	0	10206	0	0	0	0	0	0	0	0	0	0	0	0	0	0	0	0	0	0	0	0	0	68850	0	0	0	0	0	0	0	0	0	0	0	0	0	0	0	0	0	0	0	369043	0	0	0	0	0	20852	0	0	0	0	0	55912	0	0	0	0	0	0	0	0	0	0	0	0	0	0	0	0	0	0	0	0	0	0	0
3253	±‰“Ïœ¨≈£	0	0	0	0	0	0	0	0	0	0	0	0	0	0	0	0	10206	0	0	0	0	0	0	0	0	0	0	0	0	0	0	0	0	0	0	0	0	0	68850	0	0	0	0	0	0	0	0	0	0	0	0	0	0	0	0	0	0	0	369043	0	0	0	0	0	20852	0	0	0	0	0	55912	0	0	0	0	0	0	0	0	0	0	0	0	0	0	0	0	0	0	0	0	0	0	0
3254	±‰“Ïœ¨≈£	0	0	0	0	0	0	0	0	0	0	0	0	0	0	0	0	10206	0	0	0	0	0	0	0	0	0	0	0	0	0	0	0	0	0	0	0	0	0	68850	0	0	0	0	0	0	0	0	0	0	0	0	0	0	0	0	0	0	0	369043	0	0	0	0	0	20852	0	0	0	0	0	55912	0	0	0	0	0	0	0	0	0	0	0	0	0	0	0	0	0	0	0	0	0	0	0
3255	±‰“Ïœ¨≈£	0	0	0	0	0	0	0	0	0	0	0	0	0	0	0	0	10206	0	0	0	0	0	0	0	0	0	0	0	0	0	0	0	0	0	0	0	0	0	68850	0	0	0	0	0	0	0	0	0	0	0	0	0	0	0	0	0	0	0	369043	0	0	0	0	0	20852	0	0	0	0	0	55912	0	0	0	0	0	0	0	0	0	0	0	0	0	0	0	0	0	0	0	0	0	0	0
3256	±‰“Ïœ¨≈£	0	0	0	0	0	0	0	0	0	0	0	0	0	0	0	0	10206	0	0	0	0	0	0	0	0	0	0	0	0	0	0	0	0	0	0	0	0	0	68850	0	0	0	0	0	0	0	0	0	0	0	0	0	0	0	0	0	0	0	369043	0	0	0	0	0	20852	0	0	0	0	0	55912	0	0	0	0	0	0	0	0	0	0	0	0	0	0	0	0	0	0	0	0	0	0	0
3259	œ¨≈£±¶±¶	0	0	0	0	0	0	0	0	0	0	0	0	0	0	0	0	10206	0	0	0	0	0	0	0	0	0	0	0	0	0	0	0	0	0	0	0	0	0	68850	0	0	0	0	0	0	0	0	0	0	0	0	0	0	0	0	0	0	0	369043	0	0	0	0	0	20852	0	0	0	0	0	55912	0	0	0	0	0	0	0	0	0	0	0	0	0	0	0	0	0	0	0	0	0	0	0
3260	≥…ƒÍ—©ıı	10206	0	0	0	0	0	0	0	0	0	0	0	0	0	0	0	0	0	0	0	0	0	0	0	0	0	0	0	0	0	0	0	68850	0	0	0	0	0	0	0	0	0	0	0	0	0	0	0	0	0	369043	0	0	0	0	0	0	0	0	0	55912	0	0	0	0	0	0	0	0	0	0	0	0	0	0	0	0	0	20852	0	0	0	0	0	0	0	0	0	0	0	0	0	0	0
3261	±‰“Ï—©ıı	10206	0	0	0	0	0	0	0	0	0	0	0	0	0	0	0	0	0	0	0	0	0	0	0	0	0	0	0	0	0	0	0	68850	0	0	0	0	0	0	0	0	0	0	0	0	0	0	0	0	0	369043	0	0	0	0	0	0	0	0	0	55912	0	0	0	0	0	0	0	0	0	0	0	0	0	0	0	0	0	20852	0	0	0	0	0	0	0	0	0	0	0	0	0	0	0
3262	±‰“Ï—©ıı	10206	0	0	0	0	0	0	0	0	0	0	0	0	0	0	0	0	0	0	0	0	0	0	0	0	0	0	0	0	0	0	0	68850	0	0	0	0	0	0	0	0	0	0	0	0	0	0	0	0	0	369043	0	0	0	0	0	0	0	0	0	55912	0	0	0	0	0	0	0	0	0	0	0	0	0	0	0	0	0	20852	0	0	0	0	0	0	0	0	0	0	0	0	0	0	0
3263	±‰“Ï—©ıı	10206	0	0	0	0	0	0	0	0	0	0	0	0	0	0	0	0	0	0	0	0	0	0	0	0	0	0	0	0	0	0	0	68850	0	0	0	0	0	0	0	0	0	0	0	0	0	0	0	0	0	369043	0	0	0	0	0	0	0	0	0	55912	0	0	0	0	0	0	0	0	0	0	0	0	0	0	0	0	0	20852	0	0	0	0	0	0	0	0	0	0	0	0	0	0	0
3264	±‰“Ï—©ıı	10206	0	0	0	0	0	0	0	0	0	0	0	0	0	0	0	0	0	0	0	0	0	0	0	0	0	0	0	0	0	0	0	68850	0	0	0	0	0	0	0	0	0	0	0	0	0	0	0	0	0	369043	0	0	0	0	0	0	0	0	0	55912	0	0	0	0	0	0	0	0	0	0	0	0	0	0	0	0	0	20852	0	0	0	0	0	0	0	0	0	0	0	0	0	0	0
3265	±‰“Ï—©ıı	10206	0	0	0	0	0	0	0	0	0	0	0	0	0	0	0	0	0	0	0	0	0	0	0	0	0	0	0	0	0	0	0	68850	0	0	0	0	0	0	0	0	0	0	0	0	0	0	0	0	0	369043	0	0	0	0	0	0	0	0	0	55912	0	0	0	0	0	0	0	0	0	0	0	0	0	0	0	0	0	20852	0	0	0	0	0	0	0	0	0	0	0	0	0	0	0
3266	±‰“Ï—©ıı	10206	0	0	0	0	0	0	0	0	0	0	0	0	0	0	0	0	0	0	0	0	0	0	0	0	0	0	0	0	0	0	0	68850	0	0	0	0	0	0	0	0	0	0	0	0	0	0	0	0	0	369043	0	0	0	0	0	0	0	0	0	55912	0	0	0	0	0	0	0	0	0	0	0	0	0	0	0	0	0	20852	0	0	0	0	0	0	0	0	0	0	0	0	0	0	0
3269	—©ıı±¶±¶	10206	0	0	0	0	0	0	0	0	0	0	0	0	0	0	0	0	0	0	0	0	0	0	0	0	0	0	0	0	0	0	0	68850	0	0	0	0	0	0	0	0	0	0	0	0	0	0	0	0	0	369043	0	0	0	0	0	0	0	0	0	55912	0	0	0	0	0	0	0	0	0	0	0	0	0	0	0	0	0	20852	0	0	0	0	0	0	0	0	0	0	0	0	0	0	0
3270	≥…ƒÍΩ£¡˙	0	0	0	0	0	0	55912	0	0	0	0	0	0	0	0	0	20852	0	0	0	0	0	0	0	0	0	0	0	0	0	0	0	0	0	0	0	0	0	0	0	0	0	0	0	0	0	0	0	0	0	0	0	0	0	0	0	0	0	369043	0	0	0	0	0	0	0	0	0	0	0	0	0	10206	0	0	0	0	0	0	0	0	0	0	0	0	68850	0	0	0	0	0	0	0	0
3271	±‰“ÏΩ£¡˙	0	0	0	0	0	0	55912	0	0	0	0	0	0	0	0	0	20852	0	0	0	0	0	0	0	0	0	0	0	0	0	0	0	0	0	0	0	0	0	0	0	0	0	0	0	0	0	0	0	0	0	0	0	0	0	0	0	0	0	369043	0	0	0	0	0	0	0	0	0	0	0	0	0	10206	0	0	0	0	0	0	0	0	0	0	0	0	68850	0	0	0	0	0	0	0	0
3272	±‰“ÏΩ£¡˙	0	0	0	0	0	0	55912	0	0	0	0	0	0	0	0	0	20852	0	0	0	0	0	0	0	0	0	0	0	0	0	0	0	0	0	0	0	0	0	0	0	0	0	0	0	0	0	0	0	0	0	0	0	0	0	0	0	0	0	369043	0	0	0	0	0	0	0	0	0	0	0	0	0	10206	0	0	0	0	0	0	0	0	0	0	0	0	68850	0	0	0	0	0	0	0	0
3273	±‰“ÏΩ£¡˙	0	0	0	0	0	0	55912	0	0	0	0	0	0	0	0	0	20852	0	0	0	0	0	0	0	0	0	0	0	0	0	0	0	0	0	0	0	0	0	0	0	0	0	0	0	0	0	0	0	0	0	0	0	0	0	0	0	0	0	369043	0	0	0	0	0	0	0	0	0	0	0	0	0	10206	0	0	0	0	0	0	0	0	0	0	0	0	68850	0	0	0	0	0	0	0	0
3274	±‰“ÏΩ£¡˙	0	0	0	0	0	0	55912	0	0	0	0	0	0	0	0	0	20852	0	0	0	0	0	0	0	0	0	0	0	0	0	0	0	0	0	0	0	0	0	0	0	0	0	0	0	0	0	0	0	0	0	0	0	0	0	0	0	0	0	369043	0	0	0	0	0	0	0	0	0	0	0	0	0	10206	0	0	0	0	0	0	0	0	0	0	0	0	68850	0	0	0	0	0	0	0	0
3275	±‰“ÏΩ£¡˙	0	0	0	0	0	0	55912	0	0	0	0	0	0	0	0	0	20852	0	0	0	0	0	0	0	0	0	0	0	0	0	0	0	0	0	0	0	0	0	0	0	0	0	0	0	0	0	0	0	0	0	0	0	0	0	0	0	0	0	369043	0	0	0	0	0	0	0	0	0	0	0	0	0	10206	0	0	0	0	0	0	0	0	0	0	0	0	68850	0	0	0	0	0	0	0	0
3276	±‰“ÏΩ£¡˙	0	0	0	0	0	0	55912	0	0	0	0	0	0	0	0	0	20852	0	0	0	0	0	0	0	0	0	0	0	0	0	0	0	0	0	0	0	0	0	0	0	0	0	0	0	0	0	0	0	0	0	0	0	0	0	0	0	0	0	369043	0	0	0	0	0	0	0	0	0	0	0	0	0	10206	0	0	0	0	0	0	0	0	0	0	0	0	68850	0	0	0	0	0	0	0	0
3279	Ω£¡˙±¶±¶	0	0	0	0	0	0	55912	0	0	0	0	0	0	0	0	0	20852	0	0	0	0	0	0	0	0	0	0	0	0	0	0	0	0	0	0	0	0	0	0	0	0	0	0	0	0	0	0	0	0	0	0	0	0	0	0	0	0	0	369043	0	0	0	0	0	0	0	0	0	0	0	0	0	10206	0	0	0	0	0	0	0	0	0	0	0	0	68850	0	0	0	0	0	0	0	0
3280	≥…ƒÍÒï¬Ì	0	0	0	0	0	0	0	0	0	0	0	0	0	0	0	0	0	0	0	0	0	0	0	0	0	0	0	0	0	0	0	0	0	0	0	0	0	0	0	0	0	0	68850	0	0	0	0	0	0	0	0	0	0	0	369043	0	0	0	0	0	0	0	0	0	20852	0	0	0	0	0	0	0	0	0	10206	0	0	0	0	0	55912	0	0	0	0	0	0	0	0	0	0	0	0	0
3281	±‰“ÏÒï¬Ì	0	0	0	0	0	0	0	0	0	0	0	0	0	0	0	0	0	0	0	0	0	0	0	0	0	0	0	0	0	0	0	0	0	0	0	0	0	0	0	0	0	0	68850	0	0	0	0	0	0	0	0	0	0	0	369043	0	0	0	0	0	0	0	0	0	20852	0	0	0	0	0	0	0	0	0	10206	0	0	0	0	0	55912	0	0	0	0	0	0	0	0	0	0	0	0	0
3282	±‰“ÏÒï¬Ì	0	0	0	0	0	0	0	0	0	0	0	0	0	0	0	0	0	0	0	0	0	0	0	0	0	0	0	0	0	0	0	0	0	0	0	0	0	0	0	0	0	0	68850	0	0	0	0	0	0	0	0	0	0	0	369043	0	0	0	0	0	0	0	0	0	20852	0	0	0	0	0	0	0	0	0	10206	0	0	0	0	0	55912	0	0	0	0	0	0	0	0	0	0	0	0	0
3283	±‰“ÏÒï¬Ì	0	0	0	0	0	0	0	0	0	0	0	0	0	0	0	0	0	0	0	0	0	0	0	0	0	0	0	0	0	0	0	0	0	0	0	0	0	0	0	0	0	0	68850	0	0	0	0	0	0	0	0	0	0	0	369043	0	0	0	0	0	0	0	0	0	20852	0	0	0	0	0	0	0	0	0	10206	0	0	0	0	0	55912	0	0	0	0	0	0	0	0	0	0	0	0	0
3284	±‰“ÏÒï¬Ì	0	0	0	0	0	0	0	0	0	0	0	0	0	0	0	0	0	0	0	0	0	0	0	0	0	0	0	0	0	0	0	0	0	0	0	0	0	0	0	0	0	0	68850	0	0	0	0	0	0	0	0	0	0	0	369043	0	0	0	0	0	0	0	0	0	20852	0	0	0	0	0	0	0	0	0	10206	0	0	0	0	0	55912	0	0	0	0	0	0	0	0	0	0	0	0	0
3285	±‰“ÏÒï¬Ì	0	0	0	0	0	0	0	0	0	0	0	0	0	0	0	0	0	0	0	0	0	0	0	0	0	0	0	0	0	0	0	0	0	0	0	0	0	0	0	0	0	0	68850	0	0	0	0	0	0	0	0	0	0	0	369043	0	0	0	0	0	0	0	0	0	20852	0	0	0	0	0	0	0	0	0	10206	0	0	0	0	0	55912	0	0	0	0	0	0	0	0	0	0	0	0	0
3286	±‰“ÏÒï¬Ì	0	0	0	0	0	0	0	0	0	0	0	0	0	0	0	0	0	0	0	0	0	0	0	0	0	0	0	0	0	0	0	0	0	0	0	0	0	0	0	0	0	0	68850	0	0	0	0	0	0	0	0	0	0	0	369043	0	0	0	0	0	0	0	0	0	20852	0	0	0	0	0	0	0	0	0	10206	0	0	0	0	0	55912	0	0	0	0	0	0	0	0	0	0	0	0	0
3289	Òï¬Ì±¶±¶	0	0	0	0	0	0	0	0	0	0	0	0	0	0	0	0	0	0	0	0	0	0	0	0	0	0	0	0	0	0	0	0	0	0	0	0	0	0	0	0	0	0	68850	0	0	0	0	0	0	0	0	0	0	0	369043	0	0	0	0	0	0	0	0	0	20852	0	0	0	0	0	0	0	0	0	10206	0	0	0	0	0	55912	0	0	0	0	0	0	0	0	0	0	0	0	0
3290	≥…ƒÍ≥˚∑Ô	0	369043	0	0	0	0	0	0	20852	0	0	0	0	0	0	0	0	0	0	0	0	0	0	0	0	0	0	0	0	0	0	0	0	0	0	0	0	0	0	0	0	0	0	0	0	0	0	0	0	0	0	55912	0	0	0	0	0	0	0	0	0	0	10206	0	0	0	0	0	0	0	0	0	0	0	0	0	0	0	0	0	0	0	0	0	68850	0	0	0	0	0	0	0	0	0
3291	±‰“Ï≥˚∑Ô	0	369043	0	0	0	0	0	0	20852	0	0	0	0	0	0	0	0	0	0	0	0	0	0	0	0	0	0	0	0	0	0	0	0	0	0	0	0	0	0	0	0	0	0	0	0	0	0	0	0	0	0	55912	0	0	0	0	0	0	0	0	0	0	10206	0	0	0	0	0	0	0	0	0	0	0	0	0	0	0	0	0	0	0	0	0	68850	0	0	0	0	0	0	0	0	0
3292	±‰“Ï≥˚∑Ô	0	369043	0	0	0	0	0	0	20852	0	0	0	0	0	0	0	0	0	0	0	0	0	0	0	0	0	0	0	0	0	0	0	0	0	0	0	0	0	0	0	0	0	0	0	0	0	0	0	0	0	0	55912	0	0	0	0	0	0	0	0	0	0	10206	0	0	0	0	0	0	0	0	0	0	0	0	0	0	0	0	0	0	0	0	0	68850	0	0	0	0	0	0	0	0	0
3293	±‰“Ï≥˚∑Ô	0	369043	0	0	0	0	0	0	20852	0	0	0	0	0	0	0	0	0	0	0	0	0	0	0	0	0	0	0	0	0	0	0	0	0	0	0	0	0	0	0	0	0	0	0	0	0	0	0	0	0	0	55912	0	0	0	0	0	0	0	0	0	0	10206	0	0	0	0	0	0	0	0	0	0	0	0	0	0	0	0	0	0	0	0	0	68850	0	0	0	0	0	0	0	0	0
3294	±‰“Ï≥˚∑Ô	0	369043	0	0	0	0	0	0	20852	0	0	0	0	0	0	0	0	0	0	0	0	0	0	0	0	0	0	0	0	0	0	0	0	0	0	0	0	0	0	0	0	0	0	0	0	0	0	0	0	0	0	55912	0	0	0	0	0	0	0	0	0	0	10206	0	0	0	0	0	0	0	0	0	0	0	0	0	0	0	0	0	0	0	0	0	68850	0	0	0	0	0	0	0	0	0
3295	±‰“Ï≥˚∑Ô	0	369043	0	0	0	0	0	0	20852	0	0	0	0	0	0	0	0	0	0	0	0	0	0	0	0	0	0	0	0	0	0	0	0	0	0	0	0	0	0	0	0	0	0	0	0	0	0	0	0	0	0	55912	0	0	0	0	0	0	0	0	0	0	10206	0	0	0	0	0	0	0	0	0	0	0	0	0	0	0	0	0	0	0	0	0	68850	0	0	0	0	0	0	0	0	0
3296	±‰“Ï≥˚∑Ô	0	369043	0	0	0	0	0	0	20852	0	0	0	0	0	0	0	0	0	0	0	0	0	0	0	0	0	0	0	0	0	0	0	0	0	0	0	0	0	0	0	0	0	0	0	0	0	0	0	0	0	0	55912	0	0	0	0	0	0	0	0	0	0	10206	0	0	0	0	0	0	0	0	0	0	0	0	0	0	0	0	0	0	0	0	0	68850	0	0	0	0	0	0	0	0	0
3297	±‰“Ï≥˚∑Ô	0	369043	0	0	0	0	0	0	20852	0	0	0	0	0	0	0	0	0	0	0	0	0	0	0	0	0	0	0	0	0	0	0	0	0	0	0	0	0	0	0	0	0	0	0	0	0	0	0	0	0	0	55912	0	0	0	0	0	0	0	0	0	0	10206	0	0	0	0	0	0	0	0	0	0	0	0	0	0	0	0	0	0	0	0	0	68850	0	0	0	0	0	0	0	0	0
3299	≥˚∑Ô±¶±¶	0	369043	0	0	0	0	0	0	20852	0	0	0	0	0	0	0	0	0	0	0	0	0	0	0	0	0	0	0	0	0	0	0	0	0	0	0	0	0	0	0	0	0	0	0	0	0	0	0	0	0	0	55912	0	0	0	0	0	0	0	0	0	0	10206	0	0	0	0	0	0	0	0	0	0	0	0	0	0	0	0	0	0	0	0	0	68850	0	0	0	0	0	0	0	0	0
3300	≥…ƒÍƒÍ ﬁ	0	0	0	0	0	0	0	369043	0	0	0	0	0	0	0	0	0	0	0	0	0	0	0	0	0	0	0	0	0	0	0	0	0	0	0	0	0	0	0	0	0	0	68850	0	0	0	0	0	0	0	0	0	0	0	0	0	0	0	0	0	0	0	0	0	10206	0	0	0	0	0	55912	0	0	0	0	0	0	0	0	0	20852	0	0	0	0	0	0	0	0	0	0	0	0	0
3301	±‰“ÏƒÍ ﬁ	0	0	0	0	0	0	0	369043	0	0	0	0	0	0	0	0	0	0	0	0	0	0	0	0	0	0	0	0	0	0	0	0	0	0	0	0	0	0	0	0	0	0	68850	0	0	0	0	0	0	0	0	0	0	0	0	0	0	0	0	0	0	0	0	0	10206	0	0	0	0	0	55912	0	0	0	0	0	0	0	0	0	20852	0	0	0	0	0	0	0	0	0	0	0	0	0
3302	±‰“ÏƒÍ ﬁ	0	0	0	0	0	0	0	369043	0	0	0	0	0	0	0	0	0	0	0	0	0	0	0	0	0	0	0	0	0	0	0	0	0	0	0	0	0	0	0	0	0	0	68850	0	0	0	0	0	0	0	0	0	0	0	0	0	0	0	0	0	0	0	0	0	10206	0	0	0	0	0	55912	0	0	0	0	0	0	0	0	0	20852	0	0	0	0	0	0	0	0	0	0	0	0	0
3303	±‰“ÏƒÍ ﬁ	0	0	0	0	0	0	0	369043	0	0	0	0	0	0	0	0	0	0	0	0	0	0	0	0	0	0	0	0	0	0	0	0	0	0	0	0	0	0	0	0	0	0	68850	0	0	0	0	0	0	0	0	0	0	0	0	0	0	0	0	0	0	0	0	0	10206	0	0	0	0	0	55912	0	0	0	0	0	0	0	0	0	20852	0	0	0	0	0	0	0	0	0	0	0	0	0
3304	±‰“ÏƒÍ ﬁ	0	0	0	0	0	0	0	369043	0	0	0	0	0	0	0	0	0	0	0	0	0	0	0	0	0	0	0	0	0	0	0	0	0	0	0	0	0	0	0	0	0	0	68850	0	0	0	0	0	0	0	0	0	0	0	0	0	0	0	0	0	0	0	0	0	10206	0	0	0	0	0	55912	0	0	0	0	0	0	0	0	0	20852	0	0	0	0	0	0	0	0	0	0	0	0	0
3305	±‰“ÏƒÍ ﬁ	0	0	0	0	0	0	0	369043	0	0	0	0	0	0	0	0	0	0	0	0	0	0	0	0	0	0	0	0	0	0	0	0	0	0	0	0	0	0	0	0	0	0	68850	0	0	0	0	0	0	0	0	0	0	0	0	0	0	0	0	0	0	0	0	0	10206	0	0	0	0	0	55912	0	0	0	0	0	0	0	0	0	20852	0	0	0	0	0	0	0	0	0	0	0	0	0
3306	±‰“ÏƒÍ ﬁ	0	0	0	0	0	0	0	369043	0	0	0	0	0	0	0	0	0	0	0	0	0	0	0	0	0	0	0	0	0	0	0	0	0	0	0	0	0	0	0	0	0	0	68850	0	0	0	0	0	0	0	0	0	0	0	0	0	0	0	0	0	0	0	0	0	10206	0	0	0	0	0	55912	0	0	0	0	0	0	0	0	0	20852	0	0	0	0	0	0	0	0	0	0	0	0	0
3307	±‰“ÏƒÍ ﬁ	0	0	0	0	0	0	0	369043	0	0	0	0	0	0	0	0	0	0	0	0	0	0	0	0	0	0	0	0	0	0	0	0	0	0	0	0	0	0	0	0	0	0	68850	0	0	0	0	0	0	0	0	0	0	0	0	0	0	0	0	0	0	0	0	0	10206	0	0	0	0	0	55912	0	0	0	0	0	0	0	0	0	20852	0	0	0	0	0	0	0	0	0	0	0	0	0
3309	ƒÍ ﬁ±¶±¶	0	0	0	0	0	0	0	369043	0	0	0	0	0	0	0	0	0	0	0	0	0	0	0	0	0	0	0	0	0	0	0	0	0	0	0	0	0	0	0	0	0	0	68850	0	0	0	0	0	0	0	0	0	0	0	0	0	0	0	0	0	0	0	0	0	10206	0	0	0	0	0	55912	0	0	0	0	0	0	0	0	0	20852	0	0	0	0	0	0	0	0	0	0	0	0	0
3310	≥…ƒÍ¡˙πÍ	0	0	0	0	55912	0	0	0	0	0	0	0	0	0	0	0	0	0	0	0	0	0	0	0	0	0	0	0	0	0	0	0	0	0	0	0	68850	0	0	0	0	0	0	0	0	0	0	0	0	0	0	0	0	0	0	0	0	0	10206	0	0	0	0	0	0	0	369043	0	0	0	0	0	0	0	0	0	0	0	0	0	20852	0	0	0	0	0	0	0	0	0	0	0	0	0
3311	±‰“Ï¡˙πÍ	0	0	0	0	55912	0	0	0	0	0	0	0	0	0	0	0	0	0	0	0	0	0	0	0	0	0	0	0	0	0	0	0	0	0	0	0	68850	0	0	0	0	0	0	0	0	0	0	0	0	0	0	0	0	0	0	0	0	0	10206	0	0	0	0	0	0	0	369043	0	0	0	0	0	0	0	0	0	0	0	0	0	20852	0	0	0	0	0	0	0	0	0	0	0	0	0
3312	±‰“Ï¡˙πÍ	0	0	0	0	55912	0	0	0	0	0	0	0	0	0	0	0	0	0	0	0	0	0	0	0	0	0	0	0	0	0	0	0	0	0	0	0	68850	0	0	0	0	0	0	0	0	0	0	0	0	0	0	0	0	0	0	0	0	0	10206	0	0	0	0	0	0	0	369043	0	0	0	0	0	0	0	0	0	0	0	0	0	20852	0	0	0	0	0	0	0	0	0	0	0	0	0
3313	±‰“Ï¡˙πÍ	0	0	0	0	55912	0	0	0	0	0	0	0	0	0	0	0	0	0	0	0	0	0	0	0	0	0	0	0	0	0	0	0	0	0	0	0	68850	0	0	0	0	0	0	0	0	0	0	0	0	0	0	0	0	0	0	0	0	0	10206	0	0	0	0	0	0	0	369043	0	0	0	0	0	0	0	0	0	0	0	0	0	20852	0	0	0	0	0	0	0	0	0	0	0	0	0
3314	±‰“Ï¡˙πÍ	0	0	0	0	55912	0	0	0	0	0	0	0	0	0	0	0	0	0	0	0	0	0	0	0	0	0	0	0	0	0	0	0	0	0	0	0	68850	0	0	0	0	0	0	0	0	0	0	0	0	0	0	0	0	0	0	0	0	0	10206	0	0	0	0	0	0	0	369043	0	0	0	0	0	0	0	0	0	0	0	0	0	20852	0	0	0	0	0	0	0	0	0	0	0	0	0
3315	±‰“Ï¡˙πÍ	0	0	0	0	55912	0	0	0	0	0	0	0	0	0	0	0	0	0	0	0	0	0	0	0	0	0	0	0	0	0	0	0	0	0	0	0	68850	0	0	0	0	0	0	0	0	0	0	0	0	0	0	0	0	0	0	0	0	0	10206	0	0	0	0	0	0	0	369043	0	0	0	0	0	0	0	0	0	0	0	0	0	20852	0	0	0	0	0	0	0	0	0	0	0	0	0
3316	±‰“Ï¡˙πÍ	0	0	0	0	55912	0	0	0	0	0	0	0	0	0	0	0	0	0	0	0	0	0	0	0	0	0	0	0	0	0	0	0	0	0	0	0	68850	0	0	0	0	0	0	0	0	0	0	0	0	0	0	0	0	0	0	0	0	0	10206	0	0	0	0	0	0	0	369043	0	0	0	0	0	0	0	0	0	0	0	0	0	20852	0	0	0	0	0	0	0	0	0	0	0	0	0
3317	±‰“Ï¡˙πÍ	0	0	0	0	55912	0	0	0	0	0	0	0	0	0	0	0	0	0	0	0	0	0	0	0	0	0	0	0	0	0	0	0	0	0	0	0	68850	0	0	0	0	0	0	0	0	0	0	0	0	0	0	0	0	0	0	0	0	0	10206	0	0	0	0	0	0	0	369043	0	0	0	0	0	0	0	0	0	0	0	0	0	20852	0	0	0	0	0	0	0	0	0	0	0	0	0
3319	¡˙πÍ±¶±¶	0	0	0	0	55912	0	0	0	0	0	0	0	0	0	0	0	0	0	0	0	0	0	0	0	0	0	0	0	0	0	0	0	0	0	0	0	68850	0	0	0	0	0	0	0	0	0	0	0	0	0	0	0	0	0	0	0	0	0	10206	0	0	0	0	0	0	0	369043	0	0	0	0	0	0	0	0	0	0	0	0	0	20852	0	0	0	0	0	0	0	0	0	0	0	0	0
3320	≥…ƒÍ”¢’–	0	0	0	0	0	0	0	0	0	0	0	0	0	0	0	0	0	0	0	0	0	0	0	0	0	0	0	0	0	0	0	0	0	0	0	0	0	0	0	0	0	0	0	0	0	0	0	0	68850	0	0	0	0	0	0	0	0	0	0	0	0	0	0	0	0	0	0	0	0	0	0	0	369043	0	43648	0	43648	0	10206	0	0	0	0	0	0	0	0	0	0	0	0	0	0	0
3321	±‰“Ï”¢’–	0	0	0	0	0	0	0	0	0	0	0	0	0	0	0	0	0	0	0	0	0	0	0	0	0	0	0	0	0	0	0	0	0	0	0	0	0	0	0	0	0	0	0	0	0	0	0	0	68850	0	0	0	0	0	0	0	0	0	0	0	0	0	0	0	0	0	0	0	0	0	0	0	369043	0	43648	0	43648	0	10206	0	0	0	0	0	0	0	0	0	0	0	0	0	0	0
3322	±‰“Ï”¢’–	0	0	0	0	0	0	0	0	0	0	0	0	0	0	0	0	0	0	0	0	0	0	0	0	0	0	0	0	0	0	0	0	0	0	0	0	0	0	0	0	0	0	0	0	0	0	0	0	68850	0	0	0	0	0	0	0	0	0	0	0	0	0	0	0	0	0	0	0	0	0	0	0	369043	0	43648	0	43648	0	10206	0	0	0	0	0	0	0	0	0	0	0	0	0	0	0
3323	±‰“Ï”¢’–	0	0	0	0	0	0	0	0	0	0	0	0	0	0	0	0	0	0	0	0	0	0	0	0	0	0	0	0	0	0	0	0	0	0	0	0	0	0	0	0	0	0	0	0	0	0	0	0	68850	0	0	0	0	0	0	0	0	0	0	0	0	0	0	0	0	0	0	0	0	0	0	0	369043	0	43648	0	43648	0	10206	0	0	0	0	0	0	0	0	0	0	0	0	0	0	0
3324	±‰“Ï”¢’–	0	0	0	0	0	0	0	0	0	0	0	0	0	0	0	0	0	0	0	0	0	0	0	0	0	0	0	0	0	0	0	0	0	0	0	0	0	0	0	0	0	0	0	0	0	0	0	0	68850	0	0	0	0	0	0	0	0	0	0	0	0	0	0	0	0	0	0	0	0	0	0	0	369043	0	43648	0	43648	0	10206	0	0	0	0	0	0	0	0	0	0	0	0	0	0	0
3325	±‰“Ï”¢’–	0	0	0	0	0	0	0	0	0	0	0	0	0	0	0	0	0	0	0	0	0	0	0	0	0	0	0	0	0	0	0	0	0	0	0	0	0	0	0	0	0	0	0	0	0	0	0	0	68850	0	0	0	0	0	0	0	0	0	0	0	0	0	0	0	0	0	0	0	0	0	0	0	369043	0	43648	0	43648	0	10206	0	0	0	0	0	0	0	0	0	0	0	0	0	0	0
3326	±‰“Ï”¢’–	0	0	0	0	0	0	0	0	0	0	0	0	0	0	0	0	0	0	0	0	0	0	0	0	0	0	0	0	0	0	0	0	0	0	0	0	0	0	0	0	0	0	0	0	0	0	0	0	68850	0	0	0	0	0	0	0	0	0	0	0	0	0	0	0	0	0	0	0	0	0	0	0	369043	0	43648	0	43648	0	10206	0	0	0	0	0	0	0	0	0	0	0	0	0	0	0
3327	±‰“Ï”¢’–	0	0	0	0	0	0	0	0	0	0	0	0	0	0	0	0	0	0	0	0	0	0	0	0	0	0	0	0	0	0	0	0	0	0	0	0	0	0	0	0	0	0	0	0	0	0	0	0	68850	0	0	0	0	0	0	0	0	0	0	0	0	0	0	0	0	0	0	0	0	0	0	0	369043	0	43648	0	43648	0	10206	0	0	0	0	0	0	0	0	0	0	0	0	0	0	0
3329	”¢’–±¶±¶	0	0	0	0	0	0	0	0	0	0	0	0	0	0	0	0	0	0	0	0	0	0	0	0	0	0	0	0	0	0	0	0	0	0	0	0	0	0	0	0	0	0	0	0	0	0	0	0	68850	0	0	0	0	0	0	0	0	0	0	0	0	0	0	0	0	0	0	0	0	0	0	0	369043	0	43648	0	43648	0	10206	0	0	0	0	0	0	0	0	0	0	0	0	0	0	0
3330	≥…ƒÍ˜Ë˜Î	0	0	0	0	0	0	0	0	0	68850	0	0	0	0	0	0	31981	0	0	0	0	0	0	0	0	0	0	0	0	0	0	0	0	0	68850	0	0	0	0	0	0	0	0	0	0	0	0	0	0	0	0	0	0	0	31981	0	0	0	0	0	0	0	0	0	0	0	0	0	0	0	369043	0	0	0	0	0	0	0	0	0	0	0	0	0	0	0	0	0	0	0	0	0	0	0
3331	±‰“Ï˜Ë˜Î	0	0	0	0	0	0	0	0	0	68850	0	0	0	0	0	0	31981	0	0	0	0	0	0	0	0	0	0	0	0	0	0	0	0	0	68850	0	0	0	0	0	0	0	0	0	0	0	0	0	0	0	0	0	0	0	31981	0	0	0	0	0	0	0	0	0	0	0	0	0	0	0	369043	0	0	0	0	0	0	0	0	0	0	0	0	0	0	0	0	0	0	0	0	0	0	0
3332	±‰“Ï˜Ë˜Î	0	0	0	0	0	0	0	0	0	68850	0	0	0	0	0	0	31981	0	0	0	0	0	0	0	0	0	0	0	0	0	0	0	0	0	68850	0	0	0	0	0	0	0	0	0	0	0	0	0	0	0	0	0	0	0	31981	0	0	0	0	0	0	0	0	0	0	0	0	0	0	0	369043	0	0	0	0	0	0	0	0	0	0	0	0	0	0	0	0	0	0	0	0	0	0	0
3333	±‰“Ï˜Ë˜Î	0	0	0	0	0	0	0	0	0	68850	0	0	0	0	0	0	31981	0	0	0	0	0	0	0	0	0	0	0	0	0	0	0	0	0	68850	0	0	0	0	0	0	0	0	0	0	0	0	0	0	0	0	0	0	0	31981	0	0	0	0	0	0	0	0	0	0	0	0	0	0	0	369043	0	0	0	0	0	0	0	0	0	0	0	0	0	0	0	0	0	0	0	0	0	0	0
3334	±‰“Ï˜Ë˜Î	0	0	0	0	0	0	0	0	0	68850	0	0	0	0	0	0	31981	0	0	0	0	0	0	0	0	0	0	0	0	0	0	0	0	0	68850	0	0	0	0	0	0	0	0	0	0	0	0	0	0	0	0	0	0	0	31981	0	0	0	0	0	0	0	0	0	0	0	0	0	0	0	369043	0	0	0	0	0	0	0	0	0	0	0	0	0	0	0	0	0	0	0	0	0	0	0
3335	±‰“Ï˜Ë˜Î	0	0	0	0	0	0	0	0	0	68850	0	0	0	0	0	0	31981	0	0	0	0	0	0	0	0	0	0	0	0	0	0	0	0	0	68850	0	0	0	0	0	0	0	0	0	0	0	0	0	0	0	0	0	0	0	31981	0	0	0	0	0	0	0	0	0	0	0	0	0	0	0	369043	0	0	0	0	0	0	0	0	0	0	0	0	0	0	0	0	0	0	0	0	0	0	0
3336	±‰“Ï˜Ë˜Î	0	0	0	0	0	0	0	0	0	68850	0	0	0	0	0	0	31981	0	0	0	0	0	0	0	0	0	0	0	0	0	0	0	0	0	68850	0	0	0	0	0	0	0	0	0	0	0	0	0	0	0	0	0	0	0	31981	0	0	0	0	0	0	0	0	0	0	0	0	0	0	0	369043	0	0	0	0	0	0	0	0	0	0	0	0	0	0	0	0	0	0	0	0	0	0	0
3337	±‰“Ï˜Ë˜Î	0	0	0	0	0	0	0	0	0	68850	0	0	0	0	0	0	31981	0	0	0	0	0	0	0	0	0	0	0	0	0	0	0	0	0	68850	0	0	0	0	0	0	0	0	0	0	0	0	0	0	0	0	0	0	0	31981	0	0	0	0	0	0	0	0	0	0	0	0	0	0	0	369043	0	0	0	0	0	0	0	0	0	0	0	0	0	0	0	0	0	0	0	0	0	0	0
3338	±‰“Ï˜Ë˜Î	0	0	0	0	0	0	0	0	0	68850	0	0	0	0	0	0	31981	0	0	0	0	0	0	0	0	0	0	0	0	0	0	0	0	0	68850	0	0	0	0	0	0	0	0	0	0	0	0	0	0	0	0	0	0	0	31981	0	0	0	0	0	0	0	0	0	0	0	0	0	0	0	369043	0	0	0	0	0	0	0	0	0	0	0	0	0	0	0	0	0	0	0	0	0	0	0
3339	˜Ë˜Î±¶±¶	0	0	0	0	0	0	0	0	0	68850	0	0	0	0	0	0	31981	0	0	0	0	0	0	0	0	0	0	0	0	0	0	0	0	0	68850	0	0	0	0	0	0	0	0	0	0	0	0	0	0	0	0	0	0	0	31981	0	0	0	0	0	0	0	0	0	0	0	0	0	0	0	369043	0	0	0	0	0	0	0	0	0	0	0	0	0	0	0	0	0	0	0	0	0	0	0
3340	≥…ƒÍÚ‘¡˙	0	369043	0	0	0	0	0	0	31981	0	0	0	31981	0	0	0	0	0	0	0	0	0	0	0	0	0	0	0	0	0	0	0	0	0	0	0	0	0	0	0	0	0	0	0	0	0	0	0	68850	0	0	68850	0	0	0	0	0	0	0	0	0	0	0	0	0	0	0	0	0	0	0	0	0	0	0	0	0	0	0	0	0	0	0	0	0	0	0	0	0	0	0	0	0	0
3341	±‰“ÏÚ‘¡˙	0	369043	0	0	0	0	0	0	31981	0	0	0	31981	0	0	0	0	0	0	0	0	0	0	0	0	0	0	0	0	0	0	0	0	0	0	0	0	0	0	0	0	0	0	0	0	0	0	0	68850	0	0	68850	0	0	0	0	0	0	0	0	0	0	0	0	0	0	0	0	0	0	0	0	0	0	0	0	0	0	0	0	0	0	0	0	0	0	0	0	0	0	0	0	0	0
3342	±‰“ÏÚ‘¡˙	0	369043	0	0	0	0	0	0	31981	0	0	0	31981	0	0	0	0	0	0	0	0	0	0	0	0	0	0	0	0	0	0	0	0	0	0	0	0	0	0	0	0	0	0	0	0	0	0	0	68850	0	0	68850	0	0	0	0	0	0	0	0	0	0	0	0	0	0	0	0	0	0	0	0	0	0	0	0	0	0	0	0	0	0	0	0	0	0	0	0	0	0	0	0	0	0
3343	±‰“ÏÚ‘¡˙	0	369043	0	0	0	0	0	0	31981	0	0	0	31981	0	0	0	0	0	0	0	0	0	0	0	0	0	0	0	0	0	0	0	0	0	0	0	0	0	0	0	0	0	0	0	0	0	0	0	68850	0	0	68850	0	0	0	0	0	0	0	0	0	0	0	0	0	0	0	0	0	0	0	0	0	0	0	0	0	0	0	0	0	0	0	0	0	0	0	0	0	0	0	0	0	0
3344	±‰“ÏÚ‘¡˙	0	369043	0	0	0	0	0	0	31981	0	0	0	31981	0	0	0	0	0	0	0	0	0	0	0	0	0	0	0	0	0	0	0	0	0	0	0	0	0	0	0	0	0	0	0	0	0	0	0	68850	0	0	68850	0	0	0	0	0	0	0	0	0	0	0	0	0	0	0	0	0	0	0	0	0	0	0	0	0	0	0	0	0	0	0	0	0	0	0	0	0	0	0	0	0	0
3345	±‰“ÏÚ‘¡˙	0	369043	0	0	0	0	0	0	31981	0	0	0	31981	0	0	0	0	0	0	0	0	0	0	0	0	0	0	0	0	0	0	0	0	0	0	0	0	0	0	0	0	0	0	0	0	0	0	0	68850	0	0	68850	0	0	0	0	0	0	0	0	0	0	0	0	0	0	0	0	0	0	0	0	0	0	0	0	0	0	0	0	0	0	0	0	0	0	0	0	0	0	0	0	0	0
3346	±‰“ÏÚ‘¡˙	0	369043	0	0	0	0	0	0	31981	0	0	0	31981	0	0	0	0	0	0	0	0	0	0	0	0	0	0	0	0	0	0	0	0	0	0	0	0	0	0	0	0	0	0	0	0	0	0	0	68850	0	0	68850	0	0	0	0	0	0	0	0	0	0	0	0	0	0	0	0	0	0	0	0	0	0	0	0	0	0	0	0	0	0	0	0	0	0	0	0	0	0	0	0	0	0
3347	±‰“ÏÚ‘¡˙	0	369043	0	0	0	0	0	0	31981	0	0	0	31981	0	0	0	0	0	0	0	0	0	0	0	0	0	0	0	0	0	0	0	0	0	0	0	0	0	0	0	0	0	0	0	0	0	0	0	68850	0	0	68850	0	0	0	0	0	0	0	0	0	0	0	0	0	0	0	0	0	0	0	0	0	0	0	0	0	0	0	0	0	0	0	0	0	0	0	0	0	0	0	0	0	0
3348	±‰“ÏÚ‘¡˙	0	369043	0	0	0	0	0	0	31981	0	0	0	31981	0	0	0	0	0	0	0	0	0	0	0	0	0	0	0	0	0	0	0	0	0	0	0	0	0	0	0	0	0	0	0	0	0	0	0	68850	0	0	68850	0	0	0	0	0	0	0	0	0	0	0	0	0	0	0	0	0	0	0	0	0	0	0	0	0	0	0	0	0	0	0	0	0	0	0	0	0	0	0	0	0	0
3349	Ú‘¡˙±¶±¶	0	369043	0	0	0	0	0	0	31981	0	0	0	31981	0	0	0	0	0	0	0	0	0	0	0	0	0	0	0	0	0	0	0	0	0	0	0	0	0	0	0	0	0	0	0	0	0	0	0	68850	0	0	68850	0	0	0	0	0	0	0	0	0	0	0	0	0	0	0	0	0	0	0	0	0	0	0	0	0	0	0	0	0	0	0	0	0	0	0	0	0	0	0	0	0	0
3350	≥…ƒÍ≤Ò√®	0	0	0	0	0	55912	0	0	0	0	0	0	0	0	0	0	0	0	0	0	0	0	0	0	0	0	0	0	0	0	0	0	43648	0	0	0	0	0	0	0	0	0	0	0	0	0	0	0	0	0	0	0	0	0	0	0	0	0	0	0	0	0	0	0	0	0	0	0	0	0	0	0	0	0	369043	0	0	0	0	0	0	0	0	0	0	0	0	0	0	0	0	0	0	0
3351	±‰“Ï≤Ò√®	0	0	0	0	0	55912	0	0	0	0	0	0	0	0	0	0	0	0	0	0	0	0	0	0	0	0	0	0	0	0	0	0	43648	0	0	0	0	0	0	0	0	0	0	0	0	0	0	0	0	0	0	0	0	0	0	0	0	0	0	0	0	0	0	0	0	0	0	0	0	0	0	0	0	0	369043	0	0	0	0	0	0	0	0	0	0	0	0	0	0	0	0	0	0	0
3352	±‰“Ï≤Ò√®	0	0	0	0	0	55912	0	0	0	0	0	0	0	0	0	0	0	0	0	0	0	0	0	0	0	0	0	0	0	0	0	0	43648	0	0	0	0	0	0	0	0	0	0	0	0	0	0	0	0	0	0	0	0	0	0	0	0	0	0	0	0	0	0	0	0	0	0	0	0	0	0	0	0	0	369043	0	0	0	0	0	0	0	0	0	0	0	0	0	0	0	0	0	0	0
3359	≤Ò√®±¶±¶	0	0	0	0	0	55912	0	0	0	0	0	0	0	0	0	0	0	0	0	0	0	0	0	0	0	0	0	0	0	0	0	0	43648	0	0	0	0	0	0	0	0	0	0	0	0	0	0	0	0	0	0	0	0	0	0	0	0	0	0	0	0	0	0	0	0	0	0	0	0	0	0	0	0	0	369043	0	0	0	0	0	0	0	0	0	0	0	0	0	0	0	0	0	0	0
3360	≥…ƒÍº¶	0	0	0	0	0	0	0	55912	0	0	0	0	0	0	0	0	0	0	0	0	0	0	0	0	0	0	0	0	0	0	0	0	0	0	0	0	0	0	0	0	0	0	0	0	0	0	0	0	0	0	0	369043	0	0	0	0	0	0	0	0	0	0	0	0	0	0	0	0	0	0	0	0	0	0	0	0	0	0	0	0	0	0	0	0	0	0	0	43648	0	0	0	0	0	0
3361	±‰“Ïº¶	0	0	0	0	0	0	0	55912	0	0	0	0	0	0	0	0	0	0	0	0	0	0	0	0	0	0	0	0	0	0	0	0	0	0	0	0	0	0	0	0	0	0	0	0	0	0	0	0	0	0	0	369043	0	0	0	0	0	0	0	0	0	0	0	0	0	0	0	0	0	0	0	0	0	0	0	0	0	0	0	0	0	0	0	0	0	0	0	43648	0	0	0	0	0	0
3362	±‰“Ïº¶	0	0	0	0	0	0	0	55912	0	0	0	0	0	0	0	0	0	0	0	0	0	0	0	0	0	0	0	0	0	0	0	0	0	0	0	0	0	0	0	0	0	0	0	0	0	0	0	0	0	0	0	369043	0	0	0	0	0	0	0	0	0	0	0	0	0	0	0	0	0	0	0	0	0	0	0	0	0	0	0	0	0	0	0	0	0	0	0	43648	0	0	0	0	0	0
3369	º¶±¶±¶	0	0	0	0	0	0	0	55912	0	0	0	0	0	0	0	0	0	0	0	0	0	0	0	0	0	0	0	0	0	0	0	0	0	0	0	0	0	0	0	0	0	0	0	0	0	0	0	0	0	0	0	369043	0	0	0	0	0	0	0	0	0	0	0	0	0	0	0	0	0	0	0	0	0	0	0	0	0	0	0	0	0	0	0	0	0	0	0	43648	0	0	0	0	0	0
3370	≥…ƒÍ—º◊”	0	0	0	0	0	0	0	0	55912	0	0	0	0	0	0	0	0	0	0	0	0	0	0	0	0	0	0	0	0	0	0	0	0	0	0	0	0	0	0	0	0	0	0	0	0	0	0	0	0	0	0	0	0	0	0	0	0	0	0	0	0	0	0	0	0	0	0	0	0	0	0	0	0	0	0	0	369043	0	0	0	0	0	0	0	0	43648	0	0	0	0	0	0	0	0
3371	±‰“Ï—º◊”	0	0	0	0	0	0	0	0	55912	0	0	0	0	0	0	0	0	0	0	0	0	0	0	0	0	0	0	0	0	0	0	0	0	0	0	0	0	0	0	0	0	0	0	0	0	0	0	0	0	0	0	0	0	0	0	0	0	0	0	0	0	0	0	0	0	0	0	0	0	0	0	0	0	0	0	0	369043	0	0	0	0	0	0	0	0	43648	0	0	0	0	0	0	0	0
3372	±‰“Ï—º◊”	0	0	0	0	0	0	0	0	55912	0	0	0	0	0	0	0	0	0	0	0	0	0	0	0	0	0	0	0	0	0	0	0	0	0	0	0	0	0	0	0	0	0	0	0	0	0	0	0	0	0	0	0	0	0	0	0	0	0	0	0	0	0	0	0	0	0	0	0	0	0	0	0	0	0	0	0	369043	0	0	0	0	0	0	0	0	43648	0	0	0	0	0	0	0	0
3379	—º◊”±¶±¶	0	0	0	0	0	0	0	0	55912	0	0	0	0	0	0	0	0	0	0	0	0	0	0	0	0	0	0	0	0	0	0	0	0	0	0	0	0	0	0	0	0	0	0	0	0	0	0	0	0	0	0	0	0	0	0	0	0	0	0	0	0	0	0	0	0	0	0	0	0	0	0	0	0	0	0	0	369043	0	0	0	0	0	0	0	0	43648	0	0	0	0	0	0	0	0
3380	≥…ƒÍ…Ω—Ú	0	0	0	0	0	0	0	0	0	0	0	0	0	0	0	0	0	0	55912	0	0	0	0	0	0	0	0	0	0	0	0	0	0	0	0	0	0	0	0	0	0	0	0	0	0	0	0	0	0	0	0	0	0	0	369043	0	0	0	0	0	0	0	0	0	0	0	0	0	0	0	0	0	0	0	0	0	0	0	0	0	0	0	0	0	0	0	0	0	43648	0	0	0	0	0
3381	±‰“Ï…Ω—Ú	0	0	0	0	0	0	0	0	0	0	0	0	0	0	0	0	0	0	55912	0	0	0	0	0	0	0	0	0	0	0	0	0	0	0	0	0	0	0	0	0	0	0	0	0	0	0	0	0	0	0	0	0	0	0	369043	0	0	0	0	0	0	0	0	0	0	0	0	0	0	0	0	0	0	0	0	0	0	0	0	0	0	0	0	0	0	0	0	0	43648	0	0	0	0	0
3382	±‰“Ï…Ω—Ú	0	0	0	0	0	0	0	0	0	0	0	0	0	0	0	0	0	0	55912	0	0	0	0	0	0	0	0	0	0	0	0	0	0	0	0	0	0	0	0	0	0	0	0	0	0	0	0	0	0	0	0	0	0	0	369043	0	0	0	0	0	0	0	0	0	0	0	0	0	0	0	0	0	0	0	0	0	0	0	0	0	0	0	0	0	0	0	0	0	43648	0	0	0	0	0
3389	…Ω—Ú±¶±¶	0	0	0	0	0	0	0	0	0	0	0	0	0	0	0	0	0	0	55912	0	0	0	0	0	0	0	0	0	0	0	0	0	0	0	0	0	0	0	0	0	0	0	0	0	0	0	0	0	0	0	0	0	0	0	369043	0	0	0	0	0	0	0	0	0	0	0	0	0	0	0	0	0	0	0	0	0	0	0	0	0	0	0	0	0	0	0	0	0	43648	0	0	0	0	0
3390	≥…ƒÍ√´¬ø	0	0	0	0	0	0	0	0	0	0	0	0	0	0	0	0	55912	0	0	0	0	0	0	0	0	0	0	0	0	0	0	0	0	0	43648	0	0	0	0	0	0	0	0	0	0	0	0	0	0	0	0	0	0	0	0	0	0	0	0	0	0	0	0	0	0	0	0	0	0	0	369043	0	0	0	0	0	0	0	0	0	0	0	0	0	0	0	0	0	0	0	0	0	0	0
3391	±‰“Ï√´¬ø	0	0	0	0	0	0	0	0	0	0	0	0	0	0	0	0	55912	0	0	0	0	0	0	0	0	0	0	0	0	0	0	0	0	0	43648	0	0	0	0	0	0	0	0	0	0	0	0	0	0	0	0	0	0	0	0	0	0	0	0	0	0	0	0	0	0	0	0	0	0	0	369043	0	0	0	0	0	0	0	0	0	0	0	0	0	0	0	0	0	0	0	0	0	0	0
3392	±‰“Ï√´¬ø	0	0	0	0	0	0	0	0	0	0	0	0	0	0	0	0	55912	0	0	0	0	0	0	0	0	0	0	0	0	0	0	0	0	0	43648	0	0	0	0	0	0	0	0	0	0	0	0	0	0	0	0	0	0	0	0	0	0	0	0	0	0	0	0	0	0	0	0	0	0	0	369043	0	0	0	0	0	0	0	0	0	0	0	0	0	0	0	0	0	0	0	0	0	0	0
3399	√´¬ø±¶±¶	0	0	0	0	0	0	0	0	0	0	0	0	0	0	0	0	55912	0	0	0	0	0	0	0	0	0	0	0	0	0	0	0	0	0	43648	0	0	0	0	0	0	0	0	0	0	0	0	0	0	0	0	0	0	0	0	0	0	0	0	0	0	0	0	0	0	0	0	0	0	0	369043	0	0	0	0	0	0	0	0	0	0	0	0	0	0	0	0	0	0	0	0	0	0	0
3400	≥…ƒÍ∂Ï	0	0	0	0	0	0	0	0	0	0	0	0	55912	0	0	0	0	0	0	0	0	0	0	0	0	0	0	0	0	0	0	0	0	0	0	0	0	0	0	0	0	0	0	0	0	0	0	0	0	0	369043	0	0	0	0	0	0	0	0	0	0	0	0	0	0	0	0	0	0	0	0	0	0	0	0	0	0	0	0	0	0	0	0	0	0	0	43648	0	0	0	0	0	0	0
3401	±‰“Ï∂Ï	0	0	0	0	0	0	0	0	0	0	0	0	55912	0	0	0	0	0	0	0	0	0	0	0	0	0	0	0	0	0	0	0	0	0	0	0	0	0	0	0	0	0	0	0	0	0	0	0	0	0	369043	0	0	0	0	0	0	0	0	0	0	0	0	0	0	0	0	0	0	0	0	0	0	0	0	0	0	0	0	0	0	0	0	0	0	0	43648	0	0	0	0	0	0	0
3402	±‰“Ï∂Ï	0	0	0	0	0	0	0	0	0	0	0	0	55912	0	0	0	0	0	0	0	0	0	0	0	0	0	0	0	0	0	0	0	0	0	0	0	0	0	0	0	0	0	0	0	0	0	0	0	0	0	369043	0	0	0	0	0	0	0	0	0	0	0	0	0	0	0	0	0	0	0	0	0	0	0	0	0	0	0	0	0	0	0	0	0	0	0	43648	0	0	0	0	0	0	0
3409	∂Ï±¶±¶	0	0	0	0	0	0	0	0	0	0	0	0	55912	0	0	0	0	0	0	0	0	0	0	0	0	0	0	0	0	0	0	0	0	0	0	0	0	0	0	0	0	0	0	0	0	0	0	0	0	0	369043	0	0	0	0	0	0	0	0	0	0	0	0	0	0	0	0	0	0	0	0	0	0	0	0	0	0	0	0	0	0	0	0	0	0	0	43648	0	0	0	0	0	0	0
3410	≥…ƒÍ∞‘Õı¡˙	0	0	0	0	0	0	0	0	0	55912	20852	0	0	0	0	0	0	0	0	0	0	0	0	0	0	0	0	0	0	0	0	0	0	0	0	0	0	0	0	0	0	0	68850	0	0	0	0	0	0	0	0	0	0	0	0	0	0	0	0	0	0	0	0	0	0	0	0	0	0	0	369043	0	0	0	0	0	0	0	0	0	0	0	0	0	0	0	0	0	0	0	0	0	0	0
3411	±‰“Ï∞‘Õı¡˙	0	0	0	0	0	0	0	0	0	55912	20852	0	0	0	0	0	0	0	0	0	0	0	0	0	0	0	0	0	0	0	0	0	0	0	0	0	0	0	0	0	0	0	68850	0	0	0	0	0	0	0	0	0	0	0	0	0	0	0	0	0	0	0	0	0	0	0	0	0	0	0	369043	0	0	0	0	0	0	0	0	0	0	0	0	0	0	0	0	0	0	0	0	0	0	0
3412	±‰“Ï∞‘Õı¡˙	0	0	0	0	0	0	0	0	0	55912	20852	0	0	0	0	0	0	0	0	0	0	0	0	0	0	0	0	0	0	0	0	0	0	0	0	0	0	0	0	0	0	0	68850	0	0	0	0	0	0	0	0	0	0	0	0	0	0	0	0	0	0	0	0	0	0	0	0	0	0	0	369043	0	0	0	0	0	0	0	0	0	0	0	0	0	0	0	0	0	0	0	0	0	0	0
3419	∞‘Õı¡˙±¶±¶	0	0	0	0	0	0	0	0	0	55912	20852	0	0	0	0	0	0	0	0	0	0	0	0	0	0	0	0	0	0	0	0	0	0	0	0	0	0	0	0	0	0	0	68850	0	0	0	0	0	0	0	0	0	0	0	0	0	0	0	0	0	0	0	0	0	0	0	0	0	0	0	369043	0	0	0	0	0	0	0	0	0	0	0	0	0	0	0	0	0	0	0	0	0	0	0
3420	≥…ƒÍ∆Û∂Ï	369043	0	0	0	0	0	0	0	0	0	0	0	20852	0	0	0	0	0	0	0	0	0	0	0	0	0	0	0	0	0	0	0	0	0	0	0	68850	0	0	0	0	0	0	0	0	0	0	0	0	0	55912	0	0	0	0	0	0	0	0	0	0	0	0	0	0	0	0	0	0	0	0	0	0	0	0	0	0	0	0	0	0	0	0	0	0	0	0	0	0	0	0	0	0	0
3421	±‰“Ï∆Û∂Ï	369043	0	0	0	0	0	0	0	0	0	0	0	20852	0	0	0	0	0	0	0	0	0	0	0	0	0	0	0	0	0	0	0	0	0	0	0	68850	0	0	0	0	0	0	0	0	0	0	0	0	0	55912	0	0	0	0	0	0	0	0	0	0	0	0	0	0	0	0	0	0	0	0	0	0	0	0	0	0	0	0	0	0	0	0	0	0	0	0	0	0	0	0	0	0	0
3422	±‰“Ï∆Û∂Ï	369043	0	0	0	0	0	0	0	0	0	0	0	20852	0	0	0	0	0	0	0	0	0	0	0	0	0	0	0	0	0	0	0	0	0	0	0	68850	0	0	0	0	0	0	0	0	0	0	0	0	0	55912	0	0	0	0	0	0	0	0	0	0	0	0	0	0	0	0	0	0	0	0	0	0	0	0	0	0	0	0	0	0	0	0	0	0	0	0	0	0	0	0	0	0	0
3429	∆Û∂Ï±¶±¶	369043	0	0	0	0	0	0	0	0	0	0	0	20852	0	0	0	0	0	0	0	0	0	0	0	0	0	0	0	0	0	0	0	0	0	0	0	68850	0	0	0	0	0	0	0	0	0	0	0	0	0	55912	0	0	0	0	0	0	0	0	0	0	0	0	0	0	0	0	0	0	0	0	0	0	0	0	0	0	0	0	0	0	0	0	0	0	0	0	0	0	0	0	0	0	0
3430	≥…ƒÍ¥¸ Û	0	0	0	0	0	0	0	0	0	0	0	0	0	0	369043	0	0	0	0	0	0	0	0	0	0	0	0	0	0	0	0	0	0	0	0	0	0	0	0	0	0	0	0	0	0	0	0	0	0	0	0	0	0	0	0	0	0	0	0	0	55912	0	0	0	0	0	0	0	0	0	0	0	0	0	43648	0	0	0	0	0	0	0	0	0	0	0	0	0	0	68850	0	0	0	0
3431	±‰“Ï¥¸ Û	0	0	0	0	0	0	0	0	0	0	0	0	0	0	369043	0	0	0	0	0	0	0	0	0	0	0	0	0	0	0	0	0	0	0	0	0	0	0	0	0	0	0	0	0	0	0	0	0	0	0	0	0	0	0	0	0	0	0	0	0	55912	0	0	0	0	0	0	0	0	0	0	0	0	0	43648	0	0	0	0	0	0	0	0	0	0	0	0	0	0	68850	0	0	0	0
3432	±‰“Ï¥¸ Û	0	0	0	0	0	0	0	0	0	0	0	0	0	0	369043	0	0	0	0	0	0	0	0	0	0	0	0	0	0	0	0	0	0	0	0	0	0	0	0	0	0	0	0	0	0	0	0	0	0	0	0	0	0	0	0	0	0	0	0	0	55912	0	0	0	0	0	0	0	0	0	0	0	0	0	43648	0	0	0	0	0	0	0	0	0	0	0	0	0	0	68850	0	0	0	0
3433	±‰“Ï¥¸ Û	0	0	0	0	0	0	0	0	0	0	0	0	0	0	369043	0	0	0	0	0	0	0	0	0	0	0	0	0	0	0	0	0	0	0	0	0	0	0	0	0	0	0	0	0	0	0	0	0	0	0	0	0	0	0	0	0	0	0	0	0	55912	0	0	0	0	0	0	0	0	0	0	0	0	0	43648	0	0	0	0	0	0	0	0	0	0	0	0	0	0	68850	0	0	0	0
3434	±‰“Ï¥¸ Û	0	0	0	0	0	0	0	0	0	0	0	0	0	0	369043	0	0	0	0	0	0	0	0	0	0	0	0	0	0	0	0	0	0	0	0	0	0	0	0	0	0	0	0	0	0	0	0	0	0	0	0	0	0	0	0	0	0	0	0	0	55912	0	0	0	0	0	0	0	0	0	0	0	0	0	43648	0	0	0	0	0	0	0	0	0	0	0	0	0	0	68850	0	0	0	0
3435	±‰“Ï¥¸ Û	0	0	0	0	0	0	0	0	0	0	0	0	0	0	369043	0	0	0	0	0	0	0	0	0	0	0	0	0	0	0	0	0	0	0	0	0	0	0	0	0	0	0	0	0	0	0	0	0	0	0	0	0	0	0	0	0	0	0	0	0	55912	0	0	0	0	0	0	0	0	0	0	0	0	0	43648	0	0	0	0	0	0	0	0	0	0	0	0	0	0	68850	0	0	0	0
3436	±‰“Ï¥¸ Û	0	0	0	0	0	0	0	0	0	0	0	0	0	0	369043	0	0	0	0	0	0	0	0	0	0	0	0	0	0	0	0	0	0	0	0	0	0	0	0	0	0	0	0	0	0	0	0	0	0	0	0	0	0	0	0	0	0	0	0	0	55912	0	0	0	0	0	0	0	0	0	0	0	0	0	43648	0	0	0	0	0	0	0	0	0	0	0	0	0	0	68850	0	0	0	0
3439	¥¸ Û±¶±¶	0	0	0	0	0	0	0	0	0	0	0	0	0	0	369043	0	0	0	0	0	0	0	0	0	0	0	0	0	0	0	0	0	0	0	0	0	0	0	0	0	0	0	0	0	0	0	0	0	0	0	0	0	0	0	0	0	0	0	0	0	55912	0	0	0	0	0	0	0	0	0	0	0	0	0	43648	0	0	0	0	0	0	0	0	0	0	0	0	0	0	68850	0	0	0	0
3440	≥…ƒÍ—º◊Ï ﬁ	0	0	0	0	55912	0	0	0	0	0	0	0	0	0	0	0	0	0	0	0	0	0	0	0	0	0	0	0	0	0	0	0	0	0	0	0	0	0	0	0	0	0	0	0	0	0	0	0	0	0	0	0	0	0	0	0	0	0	369043	0	0	0	0	0	0	0	0	0	0	0	0	0	0	0	0	0	0	0	0	0	0	0	20852	0	68850	0	0	0	0	0	0	0	0	0
3441	±‰“Ï—º◊Ï ﬁ	0	0	0	0	55912	0	0	0	0	0	0	0	0	0	0	0	0	0	0	0	0	0	0	0	0	0	0	0	0	0	0	0	0	0	0	0	0	0	0	0	0	0	0	0	0	0	0	0	0	0	0	0	0	0	0	0	0	0	369043	0	0	0	0	0	0	0	0	0	0	0	0	0	0	0	0	0	0	0	0	0	0	0	20852	0	68850	0	0	0	0	0	0	0	0	0
3442	±‰“Ï—º◊Ï ﬁ	0	0	0	0	55912	0	0	0	0	0	0	0	0	0	0	0	0	0	0	0	0	0	0	0	0	0	0	0	0	0	0	0	0	0	0	0	0	0	0	0	0	0	0	0	0	0	0	0	0	0	0	0	0	0	0	0	0	0	369043	0	0	0	0	0	0	0	0	0	0	0	0	0	0	0	0	0	0	0	0	0	0	0	20852	0	68850	0	0	0	0	0	0	0	0	0
3449	—º◊Ï ﬁ±¶±¶	0	0	0	0	55912	0	0	0	0	0	0	0	0	0	0	0	0	0	0	0	0	0	0	0	0	0	0	0	0	0	0	0	0	0	0	0	0	0	0	0	0	0	0	0	0	0	0	0	0	0	0	0	0	0	0	0	0	0	369043	0	0	0	0	0	0	0	0	0	0	0	0	0	0	0	0	0	0	0	0	0	0	0	20852	0	68850	0	0	0	0	0	0	0	0	0
3450	≥…ƒÍ÷Ì	0	0	0	0	0	0	369043	0	0	0	0	0	0	0	0	0	20852	0	0	0	0	0	0	0	0	0	0	0	0	0	0	0	0	0	68850	0	0	0	0	0	0	0	0	0	0	0	0	0	0	0	0	0	0	0	0	0	0	0	0	0	0	0	0	0	0	0	55912	0	0	0	0	0	0	0	0	0	0	0	0	0	0	0	0	0	0	0	0	0	0	0	0	0	0	0
3451	±‰“Ï÷Ì	0	0	0	0	0	0	369043	0	0	0	0	0	0	0	0	0	20852	0	0	0	0	0	0	0	0	0	0	0	0	0	0	0	0	0	68850	0	0	0	0	0	0	0	0	0	0	0	0	0	0	0	0	0	0	0	0	0	0	0	0	0	0	0	0	0	0	0	55912	0	0	0	0	0	0	0	0	0	0	0	0	0	0	0	0	0	0	0	0	0	0	0	0	0	0	0
3459	÷Ì±¶±¶	0	0	0	0	0	0	369043	0	0	0	0	0	0	0	0	0	20852	0	0	0	0	0	0	0	0	0	0	0	0	0	0	0	0	0	68850	0	0	0	0	0	0	0	0	0	0	0	0	0	0	0	0	0	0	0	0	0	0	0	0	0	0	0	0	0	0	0	55912	0	0	0	0	0	0	0	0	0	0	0	0	0	0	0	0	0	0	0	0	0	0	0	0	0	0	0
3460	≥…ƒÍ«‡Õ‹	0	0	369043	0	0	0	0	0	0	0	0	0	0	0	0	0	0	0	0	0	0	0	0	0	0	0	0	0	0	0	0	0	0	0	0	0	0	0	0	0	0	0	0	0	0	0	68850	0	0	0	0	0	20852	0	0	0	0	0	0	0	0	0	0	0	0	0	0	0	0	0	0	0	0	0	0	0	0	0	55912	0	0	0	0	0	0	0	0	0	0	0	0	0	0	0
3461	±‰“Ï«‡Õ‹	0	0	369043	0	0	0	0	0	0	0	0	0	0	0	0	0	0	0	0	0	0	0	0	0	0	0	0	0	0	0	0	0	0	0	0	0	0	0	0	0	0	0	0	0	0	0	68850	0	0	0	0	0	20852	0	0	0	0	0	0	0	0	0	0	0	0	0	0	0	0	0	0	0	0	0	0	0	0	0	55912	0	0	0	0	0	0	0	0	0	0	0	0	0	0	0
3469	«‡Õ‹±¶±¶	0	0	369043	0	0	0	0	0	0	0	0	0	0	0	0	0	0	0	0	0	0	0	0	0	0	0	0	0	0	0	0	0	0	0	0	0	0	0	0	0	0	0	0	0	0	0	68850	0	0	0	0	0	20852	0	0	0	0	0	0	0	0	0	0	0	0	0	0	0	0	0	0	0	0	0	0	0	0	0	55912	0	0	0	0	0	0	0	0	0	0	0	0	0	0	0
3470	≥…ƒÍ–°œÛ	0	0	0	0	0	0	55912	0	0	0	0	0	0	0	0	0	0	0	0	0	0	0	0	0	0	0	0	0	0	0	0	0	0	0	0	0	0	0	68850	0	0	0	0	0	0	0	0	0	0	0	0	0	0	43648	369043	0	0	0	0	0	0	0	0	0	0	0	0	0	0	0	0	0	0	0	0	0	0	0	0	0	0	0	0	0	0	0	0	0	0	0	0	0	0	0
3471	±‰“Ï–°œÛ	0	0	0	0	0	0	55912	0	0	0	0	0	0	0	0	0	0	0	0	0	0	0	0	0	0	0	0	0	0	0	0	0	0	0	0	0	0	0	68850	0	0	0	0	0	0	0	0	0	0	0	0	0	0	43648	369043	0	0	0	0	0	0	0	0	0	0	0	0	0	0	0	0	0	0	0	0	0	0	0	0	0	0	0	0	0	0	0	0	0	0	0	0	0	0	0
3472	±‰“Ï–°œÛ	0	0	0	0	0	0	55912	0	0	0	0	0	0	0	0	0	0	0	0	0	0	0	0	0	0	0	0	0	0	0	0	0	0	0	0	0	0	0	68850	0	0	0	0	0	0	0	0	0	0	0	0	0	0	43648	369043	0	0	0	0	0	0	0	0	0	0	0	0	0	0	0	0	0	0	0	0	0	0	0	0	0	0	0	0	0	0	0	0	0	0	0	0	0	0	0
3473	±‰“Ï–°œÛ	0	0	0	0	0	0	55912	0	0	0	0	0	0	0	0	0	0	0	0	0	0	0	0	0	0	0	0	0	0	0	0	0	0	0	0	0	0	0	68850	0	0	0	0	0	0	0	0	0	0	0	0	0	0	43648	369043	0	0	0	0	0	0	0	0	0	0	0	0	0	0	0	0	0	0	0	0	0	0	0	0	0	0	0	0	0	0	0	0	0	0	0	0	0	0	0
3474	±‰“Ï–°œÛ	0	0	0	0	0	0	55912	0	0	0	0	0	0	0	0	0	0	0	0	0	0	0	0	0	0	0	0	0	0	0	0	0	0	0	0	0	0	0	68850	0	0	0	0	0	0	0	0	0	0	0	0	0	0	43648	369043	0	0	0	0	0	0	0	0	0	0	0	0	0	0	0	0	0	0	0	0	0	0	0	0	0	0	0	0	0	0	0	0	0	0	0	0	0	0	0
3475	±‰“Ï–°œÛ	0	0	0	0	0	0	55912	0	0	0	0	0	0	0	0	0	0	0	0	0	0	0	0	0	0	0	0	0	0	0	0	0	0	0	0	0	0	0	68850	0	0	0	0	0	0	0	0	0	0	0	0	0	0	43648	369043	0	0	0	0	0	0	0	0	0	0	0	0	0	0	0	0	0	0	0	0	0	0	0	0	0	0	0	0	0	0	0	0	0	0	0	0	0	0	0
3476	±‰“Ï–°œÛ	0	0	0	0	0	0	55912	0	0	0	0	0	0	0	0	0	0	0	0	0	0	0	0	0	0	0	0	0	0	0	0	0	0	0	0	0	0	0	68850	0	0	0	0	0	0	0	0	0	0	0	0	0	0	43648	369043	0	0	0	0	0	0	0	0	0	0	0	0	0	0	0	0	0	0	0	0	0	0	0	0	0	0	0	0	0	0	0	0	0	0	0	0	0	0	0
3479	–°œÛ±¶±¶	0	0	0	0	0	0	55912	0	0	0	0	0	0	0	0	0	0	0	0	0	0	0	0	0	0	0	0	0	0	0	0	0	0	0	0	0	0	0	68850	0	0	0	0	0	0	0	0	0	0	0	0	0	0	43648	369043	0	0	0	0	0	0	0	0	0	0	0	0	0	0	0	0	0	0	0	0	0	0	0	0	0	0	0	0	0	0	0	0	0	0	0	0	0	0	0
3480	≥…ƒÍ—©∫¸	0	0	0	0	0	0	0	0	0	0	0	0	0	0	0	0	0	0	0	0	0	0	0	0	0	0	0	0	0	0	0	0	0	0	0	0	0	0	0	0	0	0	0	0	0	0	0	0	68850	0	55912	0	0	0	0	0	0	0	0	0	20852	0	0	0	0	0	0	0	0	0	0	0	0	0	0	0	0	0	0	0	0	0	369043	0	0	0	0	0	0	0	0	0	0	0
3481	±‰“Ï—©∫¸	0	0	0	0	0	0	0	0	0	0	0	0	0	0	0	0	0	0	0	0	0	0	0	0	0	0	0	0	0	0	0	0	0	0	0	0	0	0	0	0	0	0	0	0	0	0	0	0	68850	0	55912	0	0	0	0	0	0	0	0	0	20852	0	0	0	0	0	0	0	0	0	0	0	0	0	0	0	0	0	0	0	0	0	369043	0	0	0	0	0	0	0	0	0	0	0
3489	—©∫¸±¶±¶	0	0	0	0	0	0	0	0	0	0	0	0	0	0	0	0	0	0	0	0	0	0	0	0	0	0	0	0	0	0	0	0	0	0	0	0	0	0	0	0	0	0	0	0	0	0	0	0	68850	0	55912	0	0	0	0	0	0	0	0	0	20852	0	0	0	0	0	0	0	0	0	0	0	0	0	0	0	0	0	0	0	0	0	369043	0	0	0	0	0	0	0	0	0	0	0
3490	≥…ƒÍ¿«	0	0	0	0	0	369043	0	0	0	0	0	0	0	0	0	0	0	0	0	0	0	0	0	0	0	0	0	0	0	0	0	0	0	0	0	0	0	0	0	0	0	0	43648	0	0	0	0	0	0	0	0	0	0	0	55912	0	0	0	0	0	0	0	0	0	0	0	0	0	0	0	0	0	0	0	0	0	0	0	0	0	0	0	0	0	0	0	0	0	0	0	0	0	0	0
3491	±‰“Ï¿«	0	0	0	0	0	369043	0	0	0	0	0	0	0	0	0	0	0	0	0	0	0	0	0	0	0	0	0	0	0	0	0	0	0	0	0	0	0	0	0	0	0	0	43648	0	0	0	0	0	0	0	0	0	0	0	55912	0	0	0	0	0	0	0	0	0	0	0	0	0	0	0	0	0	0	0	0	0	0	0	0	0	0	0	0	0	0	0	0	0	0	0	0	0	0	0
3492	±‰“Ï¿«	0	0	0	0	0	369043	0	0	0	0	0	0	0	0	0	0	0	0	0	0	0	0	0	0	0	0	0	0	0	0	0	0	0	0	0	0	0	0	0	0	0	0	43648	0	0	0	0	0	0	0	0	0	0	0	55912	0	0	0	0	0	0	0	0	0	0	0	0	0	0	0	0	0	0	0	0	0	0	0	0	0	0	0	0	0	0	0	0	0	0	0	0	0	0	0
3499	¿«±¶±¶	0	0	0	0	0	369043	0	0	0	0	0	0	0	0	0	0	0	0	0	0	0	0	0	0	0	0	0	0	0	0	0	0	0	0	0	0	0	0	0	0	0	0	43648	0	0	0	0	0	0	0	0	0	0	0	55912	0	0	0	0	0	0	0	0	0	0	0	0	0	0	0	0	0	0	0	0	0	0	0	0	0	0	0	0	0	0	0	0	0	0	0	0	0	0	0
4216	—©∫¸	0	0	0	0	0	0	0	0	0	0	0	0	0	0	0	0	0	0	0	0	0	0	0	0	0	0	0	0	0	0	0	0	0	0	0	0	0	0	0	0	0	0	0	0	0	0	369043	0	0	0	55912	0	0	0	0	0	0	0	0	0	68850	0	0	0	0	0	0	0	0	0	0	0	0	0	0	0	0	0	0	0	0	0	0	0	0	0	0	0	0	0	0	0	0	0
6000	≥…ƒÍ¡˙	0	0	0	0	0	0	0	0	55912	0	0	0	31981	0	0	0	0	0	0	0	0	0	0	0	0	0	0	0	0	0	0	0	0	0	0	0	0	0	0	0	0	0	0	0	0	0	0	0	43648	0	0	369043	0	0	0	0	0	0	0	0	0	0	43648	0	0	0	0	0	0	0	0	0	0	0	0	0	0	0	0	0	0	0	0	0	0	0	0	0	0	0	0	0	0	0
6001	±‰“Ï¡˙	0	0	0	0	0	0	0	0	55912	0	0	0	31981	0	0	0	0	0	0	0	0	0	0	0	0	0	0	0	0	0	0	0	0	0	0	0	0	0	0	0	0	0	0	0	0	0	0	0	43648	0	0	369043	0	0	0	0	0	0	0	0	0	0	43648	0	0	0	0	0	0	0	0	0	0	0	0	0	0	0	0	0	0	0	0	0	0	0	0	0	0	0	0	0	0	0
6002	±‰“Ï¡˙	0	0	0	0	0	0	0	0	55912	0	0	0	31981	0	0	0	0	0	0	0	0	0	0	0	0	0	0	0	0	0	0	0	0	0	0	0	0	0	0	0	0	0	0	0	0	0	0	0	43648	0	0	369043	0	0	0	0	0	0	0	0	0	0	43648	0	0	0	0	0	0	0	0	0	0	0	0	0	0	0	0	0	0	0	0	0	0	0	0	0	0	0	0	0	0	0
6003	±‰“Ï¡˙	0	0	0	0	0	0	0	0	55912	0	0	0	31981	0	0	0	0	0	0	0	0	0	0	0	0	0	0	0	0	0	0	0	0	0	0	0	0	0	0	0	0	0	0	0	0	0	0	0	43648	0	0	369043	0	0	0	0	0	0	0	0	0	0	43648	0	0	0	0	0	0	0	0	0	0	0	0	0	0	0	0	0	0	0	0	0	0	0	0	0	0	0	0	0	0	0
6004	±‰“Ï¡˙	0	0	0	0	0	0	0	0	55912	0	0	0	31981	0	0	0	0	0	0	0	0	0	0	0	0	0	0	0	0	0	0	0	0	0	0	0	0	0	0	0	0	0	0	0	0	0	0	0	43648	0	0	369043	0	0	0	0	0	0	0	0	0	0	43648	0	0	0	0	0	0	0	0	0	0	0	0	0	0	0	0	0	0	0	0	0	0	0	0	0	0	0	0	0	0	0
6005	±‰“Ï¡˙	0	0	0	0	0	0	0	0	55912	0	0	0	31981	0	0	0	0	0	0	0	0	0	0	0	0	0	0	0	0	0	0	0	0	0	0	0	0	0	0	0	0	0	0	0	0	0	0	0	43648	0	0	369043	0	0	0	0	0	0	0	0	0	0	43648	0	0	0	0	0	0	0	0	0	0	0	0	0	0	0	0	0	0	0	0	0	0	0	0	0	0	0	0	0	0	0
6009	¡˙±¶±¶	0	0	0	0	0	0	0	0	55912	0	0	0	31981	0	0	0	0	0	0	0	0	0	0	0	0	0	0	0	0	0	0	0	0	0	0	0	0	0	0	0	0	0	0	0	0	0	0	0	43648	0	0	369043	0	0	0	0	0	0	0	0	0	0	43648	0	0	0	0	0	0	0	0	0	0	0	0	0	0	0	0	0	0	0	0	0	0	0	0	0	0	0	0	0	0	0
6010	≥…ƒÍ¡˙√®	0	0	0	0	0	0	0	0	0	0	0	0	0	0	0	0	55912	0	0	0	0	0	0	0	0	0	0	0	0	0	0	0	0	0	0	0	0	0	0	0	0	0	0	0	0	0	0	0	0	0	0	0	0	0	0	0	0	0	0	0	0	0	0	0	43648	0	0	0	0	0	369043	0	0	0	0	0	0	0	0	0	0	0	0	0	0	0	0	0	43648	0	0	0	0	0
6011	±‰“Ï¡˙√®	0	0	0	0	0	0	0	0	0	0	0	0	0	0	0	0	55912	0	0	0	0	0	0	0	0	0	0	0	0	0	0	0	0	0	0	0	0	0	0	0	0	0	0	0	0	0	0	0	0	0	0	0	0	0	0	0	0	0	0	0	0	0	0	0	43648	0	0	0	0	0	369043	0	0	0	0	0	0	0	0	0	0	0	0	0	0	0	0	0	43648	0	0	0	0	0
6012	±‰“Ï¡˙√®	0	0	0	0	0	0	0	0	0	0	0	0	0	0	0	0	55912	0	0	0	0	0	0	0	0	0	0	0	0	0	0	0	0	0	0	0	0	0	0	0	0	0	0	0	0	0	0	0	0	0	0	0	0	0	0	0	0	0	0	0	0	0	0	0	43648	0	0	0	0	0	369043	0	0	0	0	0	0	0	0	0	0	0	0	0	0	0	0	0	43648	0	0	0	0	0
6019	¡˙√®±¶±¶	0	0	0	0	0	0	0	0	0	0	0	0	0	0	0	0	55912	0	0	0	0	0	0	0	0	0	0	0	0	0	0	0	0	0	0	0	0	0	0	0	0	0	0	0	0	0	0	0	0	0	0	0	0	0	0	0	0	0	0	0	0	0	0	0	43648	0	0	0	0	0	369043	0	0	0	0	0	0	0	0	0	0	0	0	0	0	0	0	0	43648	0	0	0	0	0
6020	≥…ƒÍ«ø¡˙√®	0	0	0	0	0	0	0	0	0	0	0	0	0	0	0	0	68850	0	0	0	0	0	0	0	0	0	0	0	0	0	0	0	0	0	0	0	0	0	0	0	0	0	0	0	0	0	0	0	0	0	0	0	0	0	0	0	0	0	0	0	0	0	0	0	55912	0	0	0	0	0	369043	0	0	0	0	0	0	0	0	0	0	0	0	0	0	0	0	0	55912	0	0	0	0	0
6021	±‰“Ï«ø¡˙√®	0	0	0	0	0	0	0	0	0	0	0	0	0	0	0	0	68850	0	0	0	0	0	0	0	0	0	0	0	0	0	0	0	0	0	0	0	0	0	0	0	0	0	0	0	0	0	0	0	0	0	0	0	0	0	0	0	0	0	0	0	0	0	0	0	55912	0	0	0	0	0	369043	0	0	0	0	0	0	0	0	0	0	0	0	0	0	0	0	0	55912	0	0	0	0	0
6022	±‰“Ï«ø¡˙√®	0	0	0	0	0	0	0	0	0	0	0	0	0	0	0	0	68850	0	0	0	0	0	0	0	0	0	0	0	0	0	0	0	0	0	0	0	0	0	0	0	0	0	0	0	0	0	0	0	0	0	0	0	0	0	0	0	0	0	0	0	0	0	0	0	55912	0	0	0	0	0	369043	0	0	0	0	0	0	0	0	0	0	0	0	0	0	0	0	0	55912	0	0	0	0	0
6023	±‰“Ï«ø¡˙√®	0	0	0	0	0	0	0	0	0	0	0	0	0	0	0	0	68850	0	0	0	0	0	0	0	0	0	0	0	0	0	0	0	0	0	0	0	0	0	0	0	0	0	0	0	0	0	0	0	0	0	0	0	0	0	0	0	0	0	0	0	0	0	0	0	55912	0	0	0	0	0	369043	0	0	0	0	0	0	0	0	0	0	0	0	0	0	0	0	0	55912	0	0	0	0	0
6029	«ø¡˙√®±¶±¶	0	0	0	0	0	0	0	0	0	0	0	0	0	0	0	0	68850	0	0	0	0	0	0	0	0	0	0	0	0	0	0	0	0	0	0	0	0	0	0	0	0	0	0	0	0	0	0	0	0	0	0	0	0	0	0	0	0	0	0	0	0	0	0	0	55912	0	0	0	0	0	369043	0	0	0	0	0	0	0	0	0	0	0	0	0	0	0	0	0	55912	0	0	0	0	0
6030	≥…ƒÍ’‰¡˙√®	0	0	0	0	0	0	0	0	0	0	0	0	0	0	0	0	82549	0	0	0	0	0	0	0	0	0	0	0	0	0	0	0	0	0	0	0	0	0	0	0	0	0	0	0	0	0	0	0	0	0	0	0	0	0	0	0	0	0	0	0	0	0	0	0	68850	0	0	0	0	0	369043	0	0	0	0	0	0	0	0	0	0	0	0	0	0	0	0	0	68850	0	0	0	0	0
6031	±‰“Ï’‰¡˙√®	0	0	0	0	0	0	0	0	0	0	0	0	0	0	0	0	82549	0	0	0	0	0	0	0	0	0	0	0	0	0	0	0	0	0	0	0	0	0	0	0	0	0	0	0	0	0	0	0	0	0	0	0	0	0	0	0	0	0	0	0	0	0	0	0	68850	0	0	0	0	0	369043	0	0	0	0	0	0	0	0	0	0	0	0	0	0	0	0	0	68850	0	0	0	0	0
6032	±‰“Ï’‰¡˙√®	0	0	0	0	0	0	0	0	0	0	0	0	0	0	0	0	82549	0	0	0	0	0	0	0	0	0	0	0	0	0	0	0	0	0	0	0	0	0	0	0	0	0	0	0	0	0	0	0	0	0	0	0	0	0	0	0	0	0	0	0	0	0	0	0	68850	0	0	0	0	0	369043	0	0	0	0	0	0	0	0	0	0	0	0	0	0	0	0	0	68850	0	0	0	0	0
6033	±‰“Ï’‰¡˙√®	0	0	0	0	0	0	0	0	0	0	0	0	0	0	0	0	82549	0	0	0	0	0	0	0	0	0	0	0	0	0	0	0	0	0	0	0	0	0	0	0	0	0	0	0	0	0	0	0	0	0	0	0	0	0	0	0	0	0	0	0	0	0	0	0	68850	0	0	0	0	0	369043	0	0	0	0	0	0	0	0	0	0	0	0	0	0	0	0	0	68850	0	0	0	0	0
6034	±‰“Ï’‰¡˙√®	0	0	0	0	0	0	0	0	0	0	0	0	0	0	0	0	82549	0	0	0	0	0	0	0	0	0	0	0	0	0	0	0	0	0	0	0	0	0	0	0	0	0	0	0	0	0	0	0	0	0	0	0	0	0	0	0	0	0	0	0	0	0	0	0	68850	0	0	0	0	0	369043	0	0	0	0	0	0	0	0	0	0	0	0	0	0	0	0	0	68850	0	0	0	0	0
6039	’‰¡˙√®±¶±¶	0	0	0	0	0	0	0	0	0	0	0	0	0	0	0	0	82549	0	0	0	0	0	0	0	0	0	0	0	0	0	0	0	0	0	0	0	0	0	0	0	0	0	0	0	0	0	0	0	0	0	0	0	0	0	0	0	0	0	0	0	0	0	0	0	68850	0	0	0	0	0	369043	0	0	0	0	0	0	0	0	0	0	0	0	0	0	0	0	0	68850	0	0	0	0	0
6040	≥…ƒÍ≥¨¡˙√®	0	0	0	0	0	0	0	0	0	0	0	0	0	0	0	0	97120	0	0	0	0	0	0	0	0	0	0	0	0	0	0	0	0	0	0	0	0	0	0	0	0	0	0	0	0	0	0	0	0	0	0	0	0	0	0	0	0	0	0	0	0	0	0	0	82549	0	0	0	0	0	369043	0	0	0	0	0	0	0	0	0	0	0	0	0	0	0	0	0	82549	0	0	0	0	0
6041	±‰“Ï≥¨¡˙√®	0	0	0	0	0	0	0	0	0	0	0	0	0	0	0	0	97120	0	0	0	0	0	0	0	0	0	0	0	0	0	0	0	0	0	0	0	0	0	0	0	0	0	0	0	0	0	0	0	0	0	0	0	0	0	0	0	0	0	0	0	0	0	0	0	82549	0	0	0	0	0	369043	0	0	0	0	0	0	0	0	0	0	0	0	0	0	0	0	0	82549	0	0	0	0	0
6042	±‰“Ï≥¨¡˙√®	0	0	0	0	0	0	0	0	0	0	0	0	0	0	0	0	97120	0	0	0	0	0	0	0	0	0	0	0	0	0	0	0	0	0	0	0	0	0	0	0	0	0	0	0	0	0	0	0	0	0	0	0	0	0	0	0	0	0	0	0	0	0	0	0	82549	0	0	0	0	0	369043	0	0	0	0	0	0	0	0	0	0	0	0	0	0	0	0	0	82549	0	0	0	0	0
6043	±‰“Ï≥¨¡˙√®	0	0	0	0	0	0	0	0	0	0	0	0	0	0	0	0	97120	0	0	0	0	0	0	0	0	0	0	0	0	0	0	0	0	0	0	0	0	0	0	0	0	0	0	0	0	0	0	0	0	0	0	0	0	0	0	0	0	0	0	0	0	0	0	0	82549	0	0	0	0	0	369043	0	0	0	0	0	0	0	0	0	0	0	0	0	0	0	0	0	82549	0	0	0	0	0
6044	±‰“Ï≥¨¡˙√®	0	0	0	0	0	0	0	0	0	0	0	0	0	0	0	0	97120	0	0	0	0	0	0	0	0	0	0	0	0	0	0	0	0	0	0	0	0	0	0	0	0	0	0	0	0	0	0	0	0	0	0	0	0	0	0	0	0	0	0	0	0	0	0	0	82549	0	0	0	0	0	369043	0	0	0	0	0	0	0	0	0	0	0	0	0	0	0	0	0	82549	0	0	0	0	0
6045	±‰“Ï≥¨¡˙√®	0	0	0	0	0	0	0	0	0	0	0	0	0	0	0	0	97120	0	0	0	0	0	0	0	0	0	0	0	0	0	0	0	0	0	0	0	0	0	0	0	0	0	0	0	0	0	0	0	0	0	0	0	0	0	0	0	0	0	0	0	0	0	0	0	82549	0	0	0	0	0	369043	0	0	0	0	0	0	0	0	0	0	0	0	0	0	0	0	0	82549	0	0	0	0	0
6049	≥¨¡˙√®±¶±¶	0	0	0	0	0	0	0	0	0	0	0	0	0	0	0	0	97120	0	0	0	0	0	0	0	0	0	0	0	0	0	0	0	0	0	0	0	0	0	0	0	0	0	0	0	0	0	0	0	0	0	0	0	0	0	0	0	0	0	0	0	0	0	0	0	82549	0	0	0	0	0	369043	0	0	0	0	0	0	0	0	0	0	0	0	0	0	0	0	0	82549	0	0	0	0	0
6050	≥…ƒÍ…Ò¡˙√®	0	0	0	0	0	0	0	0	0	0	0	0	0	0	0	0	112696	0	0	0	0	0	0	0	0	0	0	0	0	0	0	0	0	0	0	0	0	0	0	0	0	0	0	0	0	0	0	0	0	0	0	0	0	0	0	0	0	0	0	0	0	0	0	0	97120	0	0	0	0	0	369043	0	0	0	0	0	0	0	0	0	0	0	0	0	0	0	0	0	97120	0	0	0	0	0
6051	±‰“Ï…Ò¡˙√®	0	0	0	0	0	0	0	0	0	0	0	0	0	0	0	0	112696	0	0	0	0	0	0	0	0	0	0	0	0	0	0	0	0	0	0	0	0	0	0	0	0	0	0	0	0	0	0	0	0	0	0	0	0	0	0	0	0	0	0	0	0	0	0	0	97120	0	0	0	0	0	369043	0	0	0	0	0	0	0	0	0	0	0	0	0	0	0	0	0	97120	0	0	0	0	0
6052	±‰“Ï…Ò¡˙√®	0	0	0	0	0	0	0	0	0	0	0	0	0	0	0	0	112696	0	0	0	0	0	0	0	0	0	0	0	0	0	0	0	0	0	0	0	0	0	0	0	0	0	0	0	0	0	0	0	0	0	0	0	0	0	0	0	0	0	0	0	0	0	0	0	97120	0	0	0	0	0	369043	0	0	0	0	0	0	0	0	0	0	0	0	0	0	0	0	0	97120	0	0	0	0	0
6053	±‰“Ï…Ò¡˙√®	0	0	0	0	0	0	0	0	0	0	0	0	0	0	0	0	112696	0	0	0	0	0	0	0	0	0	0	0	0	0	0	0	0	0	0	0	0	0	0	0	0	0	0	0	0	0	0	0	0	0	0	0	0	0	0	0	0	0	0	0	0	0	0	0	97120	0	0	0	0	0	369043	0	0	0	0	0	0	0	0	0	0	0	0	0	0	0	0	0	97120	0	0	0	0	0
6054	±‰“Ï…Ò¡˙√®	0	0	0	0	0	0	0	0	0	0	0	0	0	0	0	0	112696	0	0	0	0	0	0	0	0	0	0	0	0	0	0	0	0	0	0	0	0	0	0	0	0	0	0	0	0	0	0	0	0	0	0	0	0	0	0	0	0	0	0	0	0	0	0	0	97120	0	0	0	0	0	369043	0	0	0	0	0	0	0	0	0	0	0	0	0	0	0	0	0	97120	0	0	0	0	0
6055	±‰“Ï…Ò¡˙√®	0	0	0	0	0	0	0	0	0	0	0	0	0	0	0	0	112696	0	0	0	0	0	0	0	0	0	0	0	0	0	0	0	0	0	0	0	0	0	0	0	0	0	0	0	0	0	0	0	0	0	0	0	0	0	0	0	0	0	0	0	0	0	0	0	97120	0	0	0	0	0	369043	0	0	0	0	0	0	0	0	0	0	0	0	0	0	0	0	0	97120	0	0	0	0	0
6056	±‰“Ï…Ò¡˙√®	0	0	0	0	0	0	0	0	0	0	0	0	0	0	0	0	112696	0	0	0	0	0	0	0	0	0	0	0	0	0	0	0	0	0	0	0	0	0	0	0	0	0	0	0	0	0	0	0	0	0	0	0	0	0	0	0	0	0	0	0	0	0	0	0	97120	0	0	0	0	0	369043	0	0	0	0	0	0	0	0	0	0	0	0	0	0	0	0	0	97120	0	0	0	0	0
6059	…Ò¡˙√®±¶±¶	0	0	0	0	0	0	0	0	0	0	0	0	0	0	0	0	112696	0	0	0	0	0	0	0	0	0	0	0	0	0	0	0	0	0	0	0	0	0	0	0	0	0	0	0	0	0	0	0	0	0	0	0	0	0	0	0	0	0	0	0	0	0	0	0	97120	0	0	0	0	0	369043	0	0	0	0	0	0	0	0	0	0	0	0	0	0	0	0	0	97120	0	0	0	0	0
6060	≥…ƒÍƒ´æµ√®	0	0	0	0	0	0	0	0	0	0	0	0	0	0	0	0	0	0	0	0	0	0	0	0	0	0	0	0	0	0	0	0	0	0	0	0	0	0	0	0	0	0	0	0	0	0	43648	0	0	0	0	0	0	0	0	0	0	0	0	0	55912	0	0	0	0	0	0	0	0	0	0	0	43648	0	0	0	369043	0	0	0	0	0	0	0	0	0	0	0	0	0	0	0	0	0
6061	±‰“Ïƒ´æµ√®	0	0	0	0	0	0	0	0	0	0	0	0	0	0	0	0	0	0	0	0	0	0	0	0	0	0	0	0	0	0	0	0	0	0	0	0	0	0	0	0	0	0	0	0	0	0	43648	0	0	0	0	0	0	0	0	0	0	0	0	0	55912	0	0	0	0	0	0	0	0	0	0	0	43648	0	0	0	369043	0	0	0	0	0	0	0	0	0	0	0	0	0	0	0	0	0
6062	±‰“Ïƒ´æµ√®	0	0	0	0	0	0	0	0	0	0	0	0	0	0	0	0	0	0	0	0	0	0	0	0	0	0	0	0	0	0	0	0	0	0	0	0	0	0	0	0	0	0	0	0	0	0	43648	0	0	0	0	0	0	0	0	0	0	0	0	0	55912	0	0	0	0	0	0	0	0	0	0	0	43648	0	0	0	369043	0	0	0	0	0	0	0	0	0	0	0	0	0	0	0	0	0
6069	ƒ´æµ√®±¶±¶	0	0	0	0	0	0	0	0	0	0	0	0	0	0	0	0	0	0	0	0	0	0	0	0	0	0	0	0	0	0	0	0	0	0	0	0	0	0	0	0	0	0	0	0	0	0	43648	0	0	0	0	0	0	0	0	0	0	0	0	0	55912	0	0	0	0	0	0	0	0	0	0	0	43648	0	0	0	369043	0	0	0	0	0	0	0	0	0	0	0	0	0	0	0	0	0
6070	≥…ƒÍ¡˜––√®	0	0	0	0	0	0	0	0	0	0	0	0	0	0	0	0	0	0	0	0	0	0	0	0	0	0	0	0	0	0	0	0	0	0	0	0	0	0	0	0	0	0	0	0	0	0	55912	0	0	0	0	0	0	0	0	0	0	0	0	0	68850	0	0	0	0	0	0	0	0	0	0	0	55912	0	0	0	369043	0	0	0	0	0	0	0	0	0	0	0	0	0	0	0	0	0
6071	±‰“Ï¡˜––√®	0	0	0	0	0	0	0	0	0	0	0	0	0	0	0	0	0	0	0	0	0	0	0	0	0	0	0	0	0	0	0	0	0	0	0	0	0	0	0	0	0	0	0	0	0	0	55912	0	0	0	0	0	0	0	0	0	0	0	0	0	68850	0	0	0	0	0	0	0	0	0	0	0	55912	0	0	0	369043	0	0	0	0	0	0	0	0	0	0	0	0	0	0	0	0	0
6072	±‰“Ï¡˜––√®	0	0	0	0	0	0	0	0	0	0	0	0	0	0	0	0	0	0	0	0	0	0	0	0	0	0	0	0	0	0	0	0	0	0	0	0	0	0	0	0	0	0	0	0	0	0	55912	0	0	0	0	0	0	0	0	0	0	0	0	0	68850	0	0	0	0	0	0	0	0	0	0	0	55912	0	0	0	369043	0	0	0	0	0	0	0	0	0	0	0	0	0	0	0	0	0
6073	±‰“Ï¡˜––√®	0	0	0	0	0	0	0	0	0	0	0	0	0	0	0	0	0	0	0	0	0	0	0	0	0	0	0	0	0	0	0	0	0	0	0	0	0	0	0	0	0	0	0	0	0	0	55912	0	0	0	0	0	0	0	0	0	0	0	0	0	68850	0	0	0	0	0	0	0	0	0	0	0	55912	0	0	0	369043	0	0	0	0	0	0	0	0	0	0	0	0	0	0	0	0	0
6079	¡˜––√®±¶±¶	0	0	0	0	0	0	0	0	0	0	0	0	0	0	0	0	0	0	0	0	0	0	0	0	0	0	0	0	0	0	0	0	0	0	0	0	0	0	0	0	0	0	0	0	0	0	55912	0	0	0	0	0	0	0	0	0	0	0	0	0	68850	0	0	0	0	0	0	0	0	0	0	0	55912	0	0	0	369043	0	0	0	0	0	0	0	0	0	0	0	0	0	0	0	0	0
6080	≥…ƒÍ ±…–√®	0	0	0	0	0	0	0	0	0	0	0	0	0	0	0	0	0	0	0	0	0	0	0	0	0	0	0	0	0	0	0	0	0	0	0	0	0	0	0	0	0	0	0	0	0	0	68850	0	0	0	0	0	0	0	0	0	0	0	0	0	82549	0	0	0	0	0	0	0	0	0	0	0	68850	0	0	0	369043	0	0	0	0	0	0	0	0	0	0	0	0	0	0	0	0	0
6081	±‰“Ï ±…–√®	0	0	0	0	0	0	0	0	0	0	0	0	0	0	0	0	0	0	0	0	0	0	0	0	0	0	0	0	0	0	0	0	0	0	0	0	0	0	0	0	0	0	0	0	0	0	68850	0	0	0	0	0	0	0	0	0	0	0	0	0	82549	0	0	0	0	0	0	0	0	0	0	0	68850	0	0	0	369043	0	0	0	0	0	0	0	0	0	0	0	0	0	0	0	0	0
6082	±‰“Ï ±…–√®	0	0	0	0	0	0	0	0	0	0	0	0	0	0	0	0	0	0	0	0	0	0	0	0	0	0	0	0	0	0	0	0	0	0	0	0	0	0	0	0	0	0	0	0	0	0	68850	0	0	0	0	0	0	0	0	0	0	0	0	0	82549	0	0	0	0	0	0	0	0	0	0	0	68850	0	0	0	369043	0	0	0	0	0	0	0	0	0	0	0	0	0	0	0	0	0
6083	±‰“Ï ±…–√®	0	0	0	0	0	0	0	0	0	0	0	0	0	0	0	0	0	0	0	0	0	0	0	0	0	0	0	0	0	0	0	0	0	0	0	0	0	0	0	0	0	0	0	0	0	0	68850	0	0	0	0	0	0	0	0	0	0	0	0	0	82549	0	0	0	0	0	0	0	0	0	0	0	68850	0	0	0	369043	0	0	0	0	0	0	0	0	0	0	0	0	0	0	0	0	0
6084	±‰“Ï ±…–√®	0	0	0	0	0	0	0	0	0	0	0	0	0	0	0	0	0	0	0	0	0	0	0	0	0	0	0	0	0	0	0	0	0	0	0	0	0	0	0	0	0	0	0	0	0	0	68850	0	0	0	0	0	0	0	0	0	0	0	0	0	82549	0	0	0	0	0	0	0	0	0	0	0	68850	0	0	0	369043	0	0	0	0	0	0	0	0	0	0	0	0	0	0	0	0	0
6089	 ±…–√®±¶±¶	0	0	0	0	0	0	0	0	0	0	0	0	0	0	0	0	0	0	0	0	0	0	0	0	0	0	0	0	0	0	0	0	0	0	0	0	0	0	0	0	0	0	0	0	0	0	68850	0	0	0	0	0	0	0	0	0	0	0	0	0	82549	0	0	0	0	0	0	0	0	0	0	0	68850	0	0	0	369043	0	0	0	0	0	0	0	0	0	0	0	0	0	0	0	0	0
6090	≥…ƒÍ≈ºœÒ√®	0	0	0	0	0	0	0	0	0	0	0	0	0	0	0	0	0	0	0	0	0	0	0	0	0	0	0	0	0	0	0	0	0	0	0	0	0	0	0	0	0	0	0	0	0	0	82549	0	0	0	0	0	0	0	0	0	0	0	0	0	97120	0	0	0	0	0	0	0	0	0	0	0	82549	0	0	0	369043	0	0	0	0	0	0	0	0	0	0	0	0	0	0	0	0	0
6091	±‰“Ï≈ºœÒ√®	0	0	0	0	0	0	0	0	0	0	0	0	0	0	0	0	0	0	0	0	0	0	0	0	0	0	0	0	0	0	0	0	0	0	0	0	0	0	0	0	0	0	0	0	0	0	82549	0	0	0	0	0	0	0	0	0	0	0	0	0	97120	0	0	0	0	0	0	0	0	0	0	0	82549	0	0	0	369043	0	0	0	0	0	0	0	0	0	0	0	0	0	0	0	0	0
6092	±‰“Ï≈ºœÒ√®	0	0	0	0	0	0	0	0	0	0	0	0	0	0	0	0	0	0	0	0	0	0	0	0	0	0	0	0	0	0	0	0	0	0	0	0	0	0	0	0	0	0	0	0	0	0	82549	0	0	0	0	0	0	0	0	0	0	0	0	0	97120	0	0	0	0	0	0	0	0	0	0	0	82549	0	0	0	369043	0	0	0	0	0	0	0	0	0	0	0	0	0	0	0	0	0
6093	±‰“Ï≈ºœÒ√®	0	0	0	0	0	0	0	0	0	0	0	0	0	0	0	0	0	0	0	0	0	0	0	0	0	0	0	0	0	0	0	0	0	0	0	0	0	0	0	0	0	0	0	0	0	0	82549	0	0	0	0	0	0	0	0	0	0	0	0	0	97120	0	0	0	0	0	0	0	0	0	0	0	82549	0	0	0	369043	0	0	0	0	0	0	0	0	0	0	0	0	0	0	0	0	0
6094	±‰“Ï≈ºœÒ√®	0	0	0	0	0	0	0	0	0	0	0	0	0	0	0	0	0	0	0	0	0	0	0	0	0	0	0	0	0	0	0	0	0	0	0	0	0	0	0	0	0	0	0	0	0	0	82549	0	0	0	0	0	0	0	0	0	0	0	0	0	97120	0	0	0	0	0	0	0	0	0	0	0	82549	0	0	0	369043	0	0	0	0	0	0	0	0	0	0	0	0	0	0	0	0	0
6095	±‰“Ï≈ºœÒ√®	0	0	0	0	0	0	0	0	0	0	0	0	0	0	0	0	0	0	0	0	0	0	0	0	0	0	0	0	0	0	0	0	0	0	0	0	0	0	0	0	0	0	0	0	0	0	82549	0	0	0	0	0	0	0	0	0	0	0	0	0	97120	0	0	0	0	0	0	0	0	0	0	0	82549	0	0	0	369043	0	0	0	0	0	0	0	0	0	0	0	0	0	0	0	0	0
6099	≈ºœÒ√®±¶±¶	0	0	0	0	0	0	0	0	0	0	0	0	0	0	0	0	0	0	0	0	0	0	0	0	0	0	0	0	0	0	0	0	0	0	0	0	0	0	0	0	0	0	0	0	0	0	82549	0	0	0	0	0	0	0	0	0	0	0	0	0	97120	0	0	0	0	0	0	0	0	0	0	0	82549	0	0	0	369043	0	0	0	0	0	0	0	0	0	0	0	0	0	0	0	0	0
6100	≥…ƒÍπ⁄æ¸√®	0	0	0	0	0	0	0	0	0	0	0	0	0	0	0	0	0	0	0	0	0	0	0	0	0	0	0	0	0	0	0	0	0	0	0	0	0	0	0	0	0	0	0	0	0	0	97120	0	0	0	0	0	0	0	0	0	0	0	0	0	112696	0	0	0	0	0	0	0	0	0	0	0	97120	0	0	0	369043	0	0	0	0	0	0	0	0	0	0	0	0	0	0	0	0	0
6101	±‰“Ïπ⁄æ¸√®	0	0	0	0	0	0	0	0	0	0	0	0	0	0	0	0	0	0	0	0	0	0	0	0	0	0	0	0	0	0	0	0	0	0	0	0	0	0	0	0	0	0	0	0	0	0	97120	0	0	0	0	0	0	0	0	0	0	0	0	0	112696	0	0	0	0	0	0	0	0	0	0	0	97120	0	0	0	369043	0	0	0	0	0	0	0	0	0	0	0	0	0	0	0	0	0
6102	±‰“Ïπ⁄æ¸√®	0	0	0	0	0	0	0	0	0	0	0	0	0	0	0	0	0	0	0	0	0	0	0	0	0	0	0	0	0	0	0	0	0	0	0	0	0	0	0	0	0	0	0	0	0	0	97120	0	0	0	0	0	0	0	0	0	0	0	0	0	112696	0	0	0	0	0	0	0	0	0	0	0	97120	0	0	0	369043	0	0	0	0	0	0	0	0	0	0	0	0	0	0	0	0	0
6103	±‰“Ïπ⁄æ¸√®	0	0	0	0	0	0	0	0	0	0	0	0	0	0	0	0	0	0	0	0	0	0	0	0	0	0	0	0	0	0	0	0	0	0	0	0	0	0	0	0	0	0	0	0	0	0	97120	0	0	0	0	0	0	0	0	0	0	0	0	0	112696	0	0	0	0	0	0	0	0	0	0	0	97120	0	0	0	369043	0	0	0	0	0	0	0	0	0	0	0	0	0	0	0	0	0
6104	±‰“Ïπ⁄æ¸√®	0	0	0	0	0	0	0	0	0	0	0	0	0	0	0	0	0	0	0	0	0	0	0	0	0	0	0	0	0	0	0	0	0	0	0	0	0	0	0	0	0	0	0	0	0	0	97120	0	0	0	0	0	0	0	0	0	0	0	0	0	112696	0	0	0	0	0	0	0	0	0	0	0	97120	0	0	0	369043	0	0	0	0	0	0	0	0	0	0	0	0	0	0	0	0	0
6105	±‰“Ïπ⁄æ¸√®	0	0	0	0	0	0	0	0	0	0	0	0	0	0	0	0	0	0	0	0	0	0	0	0	0	0	0	0	0	0	0	0	0	0	0	0	0	0	0	0	0	0	0	0	0	0	97120	0	0	0	0	0	0	0	0	0	0	0	0	0	112696	0	0	0	0	0	0	0	0	0	0	0	97120	0	0	0	369043	0	0	0	0	0	0	0	0	0	0	0	0	0	0	0	0	0
6106	±‰“Ïπ⁄æ¸√®	0	0	0	0	0	0	0	0	0	0	0	0	0	0	0	0	0	0	0	0	0	0	0	0	0	0	0	0	0	0	0	0	0	0	0	0	0	0	0	0	0	0	0	0	0	0	97120	0	0	0	0	0	0	0	0	0	0	0	0	0	112696	0	0	0	0	0	0	0	0	0	0	0	97120	0	0	0	369043	0	0	0	0	0	0	0	0	0	0	0	0	0	0	0	0	0
6109	π⁄æ¸√®±¶±¶	0	0	0	0	0	0	0	0	0	0	0	0	0	0	0	0	0	0	0	0	0	0	0	0	0	0	0	0	0	0	0	0	0	0	0	0	0	0	0	0	0	0	0	0	0	0	97120	0	0	0	0	0	0	0	0	0	0	0	0	0	112696	0	0	0	0	0	0	0	0	0	0	0	97120	0	0	0	369043	0	0	0	0	0	0	0	0	0	0	0	0	0	0	0	0	0
6110	≥…ƒÍœ¨ƒÒ	0	0	0	0	0	0	0	0	0	0	0	0	0	0	0	0	0	0	0	0	0	0	0	0	0	0	0	0	0	0	0	0	0	0	0	0	68850	0	0	0	0	0	0	0	0	0	0	0	0	0	0	55912	0	0	43648	0	0	0	0	0	369043	0	0	0	0	0	0	0	0	0	0	0	0	0	0	0	0	0	0	0	0	0	0	0	0	0	0	0	0	0	0	0	0	0
6111	±‰“Ïœ¨ƒÒ	0	0	0	0	0	0	0	0	0	0	0	0	0	0	0	0	0	0	0	0	0	0	0	0	0	0	0	0	0	0	0	0	0	0	0	0	68850	0	0	0	0	0	0	0	0	0	0	0	0	0	0	55912	0	0	43648	0	0	0	0	0	369043	0	0	0	0	0	0	0	0	0	0	0	0	0	0	0	0	0	0	0	0	0	0	0	0	0	0	0	0	0	0	0	0	0
6112	±‰“Ïœ¨ƒÒ	0	0	0	0	0	0	0	0	0	0	0	0	0	0	0	0	0	0	0	0	0	0	0	0	0	0	0	0	0	0	0	0	0	0	0	0	68850	0	0	0	0	0	0	0	0	0	0	0	0	0	0	55912	0	0	43648	0	0	0	0	0	369043	0	0	0	0	0	0	0	0	0	0	0	0	0	0	0	0	0	0	0	0	0	0	0	0	0	0	0	0	0	0	0	0	0
6119	œ¨ƒÒ±¶±¶	0	0	0	0	0	0	0	0	0	0	0	0	0	0	0	0	0	0	0	0	0	0	0	0	0	0	0	0	0	0	0	0	0	0	0	0	68850	0	0	0	0	0	0	0	0	0	0	0	0	0	0	55912	0	0	43648	0	0	0	0	0	369043	0	0	0	0	0	0	0	0	0	0	0	0	0	0	0	0	0	0	0	0	0	0	0	0	0	0	0	0	0	0	0	0	0
6120	≥…ƒÍ¡Èœ¨ƒÒ	0	0	0	0	0	0	0	0	0	0	0	0	0	0	0	0	0	0	0	0	0	0	0	0	0	0	0	0	0	0	0	0	0	0	0	0	82549	0	0	0	0	0	0	0	0	0	0	0	0	0	0	68850	0	0	55912	0	0	0	0	0	369043	0	0	0	0	0	0	0	0	0	0	0	0	0	0	0	0	0	0	0	0	0	0	0	0	0	0	0	0	0	0	0	0	0
6121	±‰“Ï¡Èœ¨ƒÒ	0	0	0	0	0	0	0	0	0	0	0	0	0	0	0	0	0	0	0	0	0	0	0	0	0	0	0	0	0	0	0	0	0	0	0	0	82549	0	0	0	0	0	0	0	0	0	0	0	0	0	0	68850	0	0	55912	0	0	0	0	0	369043	0	0	0	0	0	0	0	0	0	0	0	0	0	0	0	0	0	0	0	0	0	0	0	0	0	0	0	0	0	0	0	0	0
6122	±‰“Ï¡Èœ¨ƒÒ	0	0	0	0	0	0	0	0	0	0	0	0	0	0	0	0	0	0	0	0	0	0	0	0	0	0	0	0	0	0	0	0	0	0	0	0	82549	0	0	0	0	0	0	0	0	0	0	0	0	0	0	68850	0	0	55912	0	0	0	0	0	369043	0	0	0	0	0	0	0	0	0	0	0	0	0	0	0	0	0	0	0	0	0	0	0	0	0	0	0	0	0	0	0	0	0
6123	±‰“Ï¡Èœ¨ƒÒ	0	0	0	0	0	0	0	0	0	0	0	0	0	0	0	0	0	0	0	0	0	0	0	0	0	0	0	0	0	0	0	0	0	0	0	0	82549	0	0	0	0	0	0	0	0	0	0	0	0	0	0	68850	0	0	55912	0	0	0	0	0	369043	0	0	0	0	0	0	0	0	0	0	0	0	0	0	0	0	0	0	0	0	0	0	0	0	0	0	0	0	0	0	0	0	0
6129	¡Èœ¨ƒÒ±¶±¶	0	0	0	0	0	0	0	0	0	0	0	0	0	0	0	0	0	0	0	0	0	0	0	0	0	0	0	0	0	0	0	0	0	0	0	0	82549	0	0	0	0	0	0	0	0	0	0	0	0	0	0	68850	0	0	55912	0	0	0	0	0	369043	0	0	0	0	0	0	0	0	0	0	0	0	0	0	0	0	0	0	0	0	0	0	0	0	0	0	0	0	0	0	0	0	0
6130	≥…ƒÍ’‰œ¨ƒÒ	0	0	0	0	0	0	0	0	0	0	0	0	0	0	0	0	0	0	0	0	0	0	0	0	0	0	0	0	0	0	0	0	0	0	0	0	97120	0	0	0	0	0	0	0	0	0	0	0	0	0	0	82549	0	0	68850	0	0	0	0	0	369043	0	0	0	0	0	0	0	0	0	0	0	0	0	0	0	0	0	0	0	0	0	0	0	0	0	0	0	0	0	0	0	0	0
6131	±‰“Ï’‰œ¨ƒÒ	0	0	0	0	0	0	0	0	0	0	0	0	0	0	0	0	0	0	0	0	0	0	0	0	0	0	0	0	0	0	0	0	0	0	0	0	97120	0	0	0	0	0	0	0	0	0	0	0	0	0	0	82549	0	0	68850	0	0	0	0	0	369043	0	0	0	0	0	0	0	0	0	0	0	0	0	0	0	0	0	0	0	0	0	0	0	0	0	0	0	0	0	0	0	0	0
6132	±‰“Ï’‰œ¨ƒÒ	0	0	0	0	0	0	0	0	0	0	0	0	0	0	0	0	0	0	0	0	0	0	0	0	0	0	0	0	0	0	0	0	0	0	0	0	97120	0	0	0	0	0	0	0	0	0	0	0	0	0	0	82549	0	0	68850	0	0	0	0	0	369043	0	0	0	0	0	0	0	0	0	0	0	0	0	0	0	0	0	0	0	0	0	0	0	0	0	0	0	0	0	0	0	0	0
6133	±‰“Ï’‰œ¨ƒÒ	0	0	0	0	0	0	0	0	0	0	0	0	0	0	0	0	0	0	0	0	0	0	0	0	0	0	0	0	0	0	0	0	0	0	0	0	97120	0	0	0	0	0	0	0	0	0	0	0	0	0	0	82549	0	0	68850	0	0	0	0	0	369043	0	0	0	0	0	0	0	0	0	0	0	0	0	0	0	0	0	0	0	0	0	0	0	0	0	0	0	0	0	0	0	0	0
6134	±‰“Ï’‰œ¨ƒÒ	0	0	0	0	0	0	0	0	0	0	0	0	0	0	0	0	0	0	0	0	0	0	0	0	0	0	0	0	0	0	0	0	0	0	0	0	97120	0	0	0	0	0	0	0	0	0	0	0	0	0	0	82549	0	0	68850	0	0	0	0	0	369043	0	0	0	0	0	0	0	0	0	0	0	0	0	0	0	0	0	0	0	0	0	0	0	0	0	0	0	0	0	0	0	0	0
6139	’‰œ¨ƒÒ±¶±¶	0	0	0	0	0	0	0	0	0	0	0	0	0	0	0	0	0	0	0	0	0	0	0	0	0	0	0	0	0	0	0	0	0	0	0	0	97120	0	0	0	0	0	0	0	0	0	0	0	0	0	0	82549	0	0	68850	0	0	0	0	0	369043	0	0	0	0	0	0	0	0	0	0	0	0	0	0	0	0	0	0	0	0	0	0	0	0	0	0	0	0	0	0	0	0	0
6140	≥…ƒÍ≥¨œ¨ƒÒ	0	0	0	0	0	0	0	0	0	0	0	0	0	0	0	0	0	0	0	0	0	0	0	0	0	0	0	0	0	0	0	0	0	0	0	0	112696	0	0	0	0	0	0	0	0	0	0	0	0	0	0	97120	0	0	82549	0	0	0	0	0	369043	0	0	0	0	0	0	0	0	0	0	0	0	0	0	0	0	0	0	0	0	0	0	0	0	0	0	0	0	0	0	0	0	0
6141	±‰“Ï≥¨œ¨ƒÒ	0	0	0	0	0	0	0	0	0	0	0	0	0	0	0	0	0	0	0	0	0	0	0	0	0	0	0	0	0	0	0	0	0	0	0	0	112696	0	0	0	0	0	0	0	0	0	0	0	0	0	0	97120	0	0	82549	0	0	0	0	0	369043	0	0	0	0	0	0	0	0	0	0	0	0	0	0	0	0	0	0	0	0	0	0	0	0	0	0	0	0	0	0	0	0	0
6142	±‰“Ï≥¨œ¨ƒÒ	0	0	0	0	0	0	0	0	0	0	0	0	0	0	0	0	0	0	0	0	0	0	0	0	0	0	0	0	0	0	0	0	0	0	0	0	112696	0	0	0	0	0	0	0	0	0	0	0	0	0	0	97120	0	0	82549	0	0	0	0	0	369043	0	0	0	0	0	0	0	0	0	0	0	0	0	0	0	0	0	0	0	0	0	0	0	0	0	0	0	0	0	0	0	0	0
6143	±‰“Ï≥¨œ¨ƒÒ	0	0	0	0	0	0	0	0	0	0	0	0	0	0	0	0	0	0	0	0	0	0	0	0	0	0	0	0	0	0	0	0	0	0	0	0	112696	0	0	0	0	0	0	0	0	0	0	0	0	0	0	97120	0	0	82549	0	0	0	0	0	369043	0	0	0	0	0	0	0	0	0	0	0	0	0	0	0	0	0	0	0	0	0	0	0	0	0	0	0	0	0	0	0	0	0
6144	±‰“Ï≥¨œ¨ƒÒ	0	0	0	0	0	0	0	0	0	0	0	0	0	0	0	0	0	0	0	0	0	0	0	0	0	0	0	0	0	0	0	0	0	0	0	0	112696	0	0	0	0	0	0	0	0	0	0	0	0	0	0	97120	0	0	82549	0	0	0	0	0	369043	0	0	0	0	0	0	0	0	0	0	0	0	0	0	0	0	0	0	0	0	0	0	0	0	0	0	0	0	0	0	0	0	0
6145	±‰“Ï≥¨œ¨ƒÒ	0	0	0	0	0	0	0	0	0	0	0	0	0	0	0	0	0	0	0	0	0	0	0	0	0	0	0	0	0	0	0	0	0	0	0	0	112696	0	0	0	0	0	0	0	0	0	0	0	0	0	0	97120	0	0	82549	0	0	0	0	0	369043	0	0	0	0	0	0	0	0	0	0	0	0	0	0	0	0	0	0	0	0	0	0	0	0	0	0	0	0	0	0	0	0	0
6149	≥¨œ¨ƒÒ±¶±¶	0	0	0	0	0	0	0	0	0	0	0	0	0	0	0	0	0	0	0	0	0	0	0	0	0	0	0	0	0	0	0	0	0	0	0	0	112696	0	0	0	0	0	0	0	0	0	0	0	0	0	0	97120	0	0	82549	0	0	0	0	0	369043	0	0	0	0	0	0	0	0	0	0	0	0	0	0	0	0	0	0	0	0	0	0	0	0	0	0	0	0	0	0	0	0	0
6150	≥…ƒÍ…Òœ¨ƒÒ	0	0	0	0	0	0	0	0	0	0	0	0	0	0	0	0	0	0	0	0	0	0	0	0	0	0	0	0	0	0	0	0	0	0	0	0	129449	0	0	0	0	0	0	0	0	0	0	0	0	0	0	112696	0	0	97120	0	0	0	0	0	369043	0	0	0	0	0	0	0	0	0	0	0	0	0	0	0	0	0	0	0	0	0	0	0	0	0	0	0	0	0	0	0	0	0
6151	±‰“Ï…Òœ¨ƒÒ	0	0	0	0	0	0	0	0	0	0	0	0	0	0	0	0	0	0	0	0	0	0	0	0	0	0	0	0	0	0	0	0	0	0	0	0	129449	0	0	0	0	0	0	0	0	0	0	0	0	0	0	112696	0	0	97120	0	0	0	0	0	369043	0	0	0	0	0	0	0	0	0	0	0	0	0	0	0	0	0	0	0	0	0	0	0	0	0	0	0	0	0	0	0	0	0
6152	±‰“Ï…Òœ¨ƒÒ	0	0	0	0	0	0	0	0	0	0	0	0	0	0	0	0	0	0	0	0	0	0	0	0	0	0	0	0	0	0	0	0	0	0	0	0	129449	0	0	0	0	0	0	0	0	0	0	0	0	0	0	112696	0	0	97120	0	0	0	0	0	369043	0	0	0	0	0	0	0	0	0	0	0	0	0	0	0	0	0	0	0	0	0	0	0	0	0	0	0	0	0	0	0	0	0
6153	±‰“Ï…Òœ¨ƒÒ	0	0	0	0	0	0	0	0	0	0	0	0	0	0	0	0	0	0	0	0	0	0	0	0	0	0	0	0	0	0	0	0	0	0	0	0	129449	0	0	0	0	0	0	0	0	0	0	0	0	0	0	112696	0	0	97120	0	0	0	0	0	369043	0	0	0	0	0	0	0	0	0	0	0	0	0	0	0	0	0	0	0	0	0	0	0	0	0	0	0	0	0	0	0	0	0
6154	±‰“Ï…Òœ¨ƒÒ	0	0	0	0	0	0	0	0	0	0	0	0	0	0	0	0	0	0	0	0	0	0	0	0	0	0	0	0	0	0	0	0	0	0	0	0	129449	0	0	0	0	0	0	0	0	0	0	0	0	0	0	112696	0	0	97120	0	0	0	0	0	369043	0	0	0	0	0	0	0	0	0	0	0	0	0	0	0	0	0	0	0	0	0	0	0	0	0	0	0	0	0	0	0	0	0
6155	±‰“Ï…Òœ¨ƒÒ	0	0	0	0	0	0	0	0	0	0	0	0	0	0	0	0	0	0	0	0	0	0	0	0	0	0	0	0	0	0	0	0	0	0	0	0	129449	0	0	0	0	0	0	0	0	0	0	0	0	0	0	112696	0	0	97120	0	0	0	0	0	369043	0	0	0	0	0	0	0	0	0	0	0	0	0	0	0	0	0	0	0	0	0	0	0	0	0	0	0	0	0	0	0	0	0
6156	±‰“Ï…Òœ¨ƒÒ	0	0	0	0	0	0	0	0	0	0	0	0	0	0	0	0	0	0	0	0	0	0	0	0	0	0	0	0	0	0	0	0	0	0	0	0	129449	0	0	0	0	0	0	0	0	0	0	0	0	0	0	112696	0	0	97120	0	0	0	0	0	369043	0	0	0	0	0	0	0	0	0	0	0	0	0	0	0	0	0	0	0	0	0	0	0	0	0	0	0	0	0	0	0	0	0
6159	…Òœ¨ƒÒ±¶±¶	0	0	0	0	0	0	0	0	0	0	0	0	0	0	0	0	0	0	0	0	0	0	0	0	0	0	0	0	0	0	0	0	0	0	0	0	129449	0	0	0	0	0	0	0	0	0	0	0	0	0	0	112696	0	0	97120	0	0	0	0	0	369043	0	0	0	0	0	0	0	0	0	0	0	0	0	0	0	0	0	0	0	0	0	0	0	0	0	0	0	0	0	0	0	0	0
6160	≥…ƒÍ–‹√®	0	0	0	0	0	0	369043	0	0	0	0	0	0	0	0	0	0	0	0	0	0	0	0	0	0	0	0	0	0	0	0	0	0	0	0	0	0	0	43648	0	0	0	0	0	0	0	0	0	0	0	0	0	0	0	0	0	0	0	0	0	0	0	0	0	0	0	55912	0	0	0	0	0	0	0	0	0	43648	0	0	0	0	0	0	0	0	0	0	0	0	0	0	0	0	0
6161	±‰“Ï–‹√®	0	0	0	0	0	0	369043	0	0	0	0	0	0	0	0	0	0	0	0	0	0	0	0	0	0	0	0	0	0	0	0	0	0	0	0	0	0	0	43648	0	0	0	0	0	0	0	0	0	0	0	0	0	0	0	0	0	0	0	0	0	0	0	0	0	0	0	55912	0	0	0	0	0	0	0	0	0	43648	0	0	0	0	0	0	0	0	0	0	0	0	0	0	0	0	0
6162	±‰“Ï–‹√®	0	0	0	0	0	0	369043	0	0	0	0	0	0	0	0	0	0	0	0	0	0	0	0	0	0	0	0	0	0	0	0	0	0	0	0	0	0	0	43648	0	0	0	0	0	0	0	0	0	0	0	0	0	0	0	0	0	0	0	0	0	0	0	0	0	0	0	55912	0	0	0	0	0	0	0	0	0	43648	0	0	0	0	0	0	0	0	0	0	0	0	0	0	0	0	0
6169	–‹√®±¶±¶	0	0	0	0	0	0	369043	0	0	0	0	0	0	0	0	0	0	0	0	0	0	0	0	0	0	0	0	0	0	0	0	0	0	0	0	0	0	0	43648	0	0	0	0	0	0	0	0	0	0	0	0	0	0	0	0	0	0	0	0	0	0	0	0	0	0	0	55912	0	0	0	0	0	0	0	0	0	43648	0	0	0	0	0	0	0	0	0	0	0	0	0	0	0	0	0
6170	≥…ƒÍ«ø–‹√®	0	0	0	0	0	0	369043	0	0	0	0	0	0	0	0	0	0	0	0	0	0	0	0	0	0	0	0	0	0	0	0	0	0	0	0	0	0	0	55912	0	0	0	0	0	0	0	0	0	0	0	0	0	0	0	0	0	0	0	0	0	0	0	0	0	0	0	68850	0	0	0	0	0	0	0	0	0	55912	0	0	0	0	0	0	0	0	0	0	0	0	0	0	0	0	0
6171	±‰“Ï«ø–‹√®	0	0	0	0	0	0	369043	0	0	0	0	0	0	0	0	0	0	0	0	0	0	0	0	0	0	0	0	0	0	0	0	0	0	0	0	0	0	0	55912	0	0	0	0	0	0	0	0	0	0	0	0	0	0	0	0	0	0	0	0	0	0	0	0	0	0	0	68850	0	0	0	0	0	0	0	0	0	55912	0	0	0	0	0	0	0	0	0	0	0	0	0	0	0	0	0
6172	±‰“Ï«ø–‹√®	0	0	0	0	0	0	369043	0	0	0	0	0	0	0	0	0	0	0	0	0	0	0	0	0	0	0	0	0	0	0	0	0	0	0	0	0	0	0	55912	0	0	0	0	0	0	0	0	0	0	0	0	0	0	0	0	0	0	0	0	0	0	0	0	0	0	0	68850	0	0	0	0	0	0	0	0	0	55912	0	0	0	0	0	0	0	0	0	0	0	0	0	0	0	0	0
6173	±‰“Ï«ø–‹√®	0	0	0	0	0	0	369043	0	0	0	0	0	0	0	0	0	0	0	0	0	0	0	0	0	0	0	0	0	0	0	0	0	0	0	0	0	0	0	55912	0	0	0	0	0	0	0	0	0	0	0	0	0	0	0	0	0	0	0	0	0	0	0	0	0	0	0	68850	0	0	0	0	0	0	0	0	0	55912	0	0	0	0	0	0	0	0	0	0	0	0	0	0	0	0	0
6179	«ø–‹√®±¶±¶	0	0	0	0	0	0	369043	0	0	0	0	0	0	0	0	0	0	0	0	0	0	0	0	0	0	0	0	0	0	0	0	0	0	0	0	0	0	0	55912	0	0	0	0	0	0	0	0	0	0	0	0	0	0	0	0	0	0	0	0	0	0	0	0	0	0	0	68850	0	0	0	0	0	0	0	0	0	55912	0	0	0	0	0	0	0	0	0	0	0	0	0	0	0	0	0
6180	≥…ƒÍ’‰–‹√®	0	0	0	0	0	0	369043	0	0	0	0	0	0	0	0	0	0	0	0	0	0	0	0	0	0	0	0	0	0	0	0	0	0	0	0	0	0	0	68850	0	0	0	0	0	0	0	0	0	0	0	0	0	0	0	0	0	0	0	0	0	0	0	0	0	0	0	82549	0	0	0	0	0	0	0	0	0	68850	0	0	0	0	0	0	0	0	0	0	0	0	0	0	0	0	0
6181	±‰“Ï’‰–‹√®	0	0	0	0	0	0	369043	0	0	0	0	0	0	0	0	0	0	0	0	0	0	0	0	0	0	0	0	0	0	0	0	0	0	0	0	0	0	0	68850	0	0	0	0	0	0	0	0	0	0	0	0	0	0	0	0	0	0	0	0	0	0	0	0	0	0	0	82549	0	0	0	0	0	0	0	0	0	68850	0	0	0	0	0	0	0	0	0	0	0	0	0	0	0	0	0
6182	±‰“Ï’‰–‹√®	0	0	0	0	0	0	369043	0	0	0	0	0	0	0	0	0	0	0	0	0	0	0	0	0	0	0	0	0	0	0	0	0	0	0	0	0	0	0	68850	0	0	0	0	0	0	0	0	0	0	0	0	0	0	0	0	0	0	0	0	0	0	0	0	0	0	0	82549	0	0	0	0	0	0	0	0	0	68850	0	0	0	0	0	0	0	0	0	0	0	0	0	0	0	0	0
6183	±‰“Ï’‰–‹√®	0	0	0	0	0	0	369043	0	0	0	0	0	0	0	0	0	0	0	0	0	0	0	0	0	0	0	0	0	0	0	0	0	0	0	0	0	0	0	68850	0	0	0	0	0	0	0	0	0	0	0	0	0	0	0	0	0	0	0	0	0	0	0	0	0	0	0	82549	0	0	0	0	0	0	0	0	0	68850	0	0	0	0	0	0	0	0	0	0	0	0	0	0	0	0	0
6184	±‰“Ï’‰–‹√®	0	0	0	0	0	0	369043	0	0	0	0	0	0	0	0	0	0	0	0	0	0	0	0	0	0	0	0	0	0	0	0	0	0	0	0	0	0	0	68850	0	0	0	0	0	0	0	0	0	0	0	0	0	0	0	0	0	0	0	0	0	0	0	0	0	0	0	82549	0	0	0	0	0	0	0	0	0	68850	0	0	0	0	0	0	0	0	0	0	0	0	0	0	0	0	0
6189	’‰–‹√®±¶±¶	0	0	0	0	0	0	369043	0	0	0	0	0	0	0	0	0	0	0	0	0	0	0	0	0	0	0	0	0	0	0	0	0	0	0	0	0	0	0	68850	0	0	0	0	0	0	0	0	0	0	0	0	0	0	0	0	0	0	0	0	0	0	0	0	0	0	0	82549	0	0	0	0	0	0	0	0	0	68850	0	0	0	0	0	0	0	0	0	0	0	0	0	0	0	0	0
6190	≥…ƒÍ≥¨–‹√®	0	0	0	0	0	0	369043	0	0	0	0	0	0	0	0	0	0	0	0	0	0	0	0	0	0	0	0	0	0	0	0	0	0	0	0	0	0	0	82549	0	0	0	0	0	0	0	0	0	0	0	0	0	0	0	0	0	0	0	0	0	0	0	0	0	0	0	97120	0	0	0	0	0	0	0	0	0	82549	0	0	0	0	0	0	0	0	0	0	0	0	0	0	0	0	0
6191	±‰“Ï≥¨–‹√®	0	0	0	0	0	0	369043	0	0	0	0	0	0	0	0	0	0	0	0	0	0	0	0	0	0	0	0	0	0	0	0	0	0	0	0	0	0	0	82549	0	0	0	0	0	0	0	0	0	0	0	0	0	0	0	0	0	0	0	0	0	0	0	0	0	0	0	97120	0	0	0	0	0	0	0	0	0	82549	0	0	0	0	0	0	0	0	0	0	0	0	0	0	0	0	0
6192	±‰“Ï≥¨–‹√®	0	0	0	0	0	0	369043	0	0	0	0	0	0	0	0	0	0	0	0	0	0	0	0	0	0	0	0	0	0	0	0	0	0	0	0	0	0	0	82549	0	0	0	0	0	0	0	0	0	0	0	0	0	0	0	0	0	0	0	0	0	0	0	0	0	0	0	97120	0	0	0	0	0	0	0	0	0	82549	0	0	0	0	0	0	0	0	0	0	0	0	0	0	0	0	0
6193	±‰“Ï≥¨–‹√®	0	0	0	0	0	0	369043	0	0	0	0	0	0	0	0	0	0	0	0	0	0	0	0	0	0	0	0	0	0	0	0	0	0	0	0	0	0	0	82549	0	0	0	0	0	0	0	0	0	0	0	0	0	0	0	0	0	0	0	0	0	0	0	0	0	0	0	97120	0	0	0	0	0	0	0	0	0	82549	0	0	0	0	0	0	0	0	0	0	0	0	0	0	0	0	0
6194	±‰“Ï≥¨–‹√®	0	0	0	0	0	0	369043	0	0	0	0	0	0	0	0	0	0	0	0	0	0	0	0	0	0	0	0	0	0	0	0	0	0	0	0	0	0	0	82549	0	0	0	0	0	0	0	0	0	0	0	0	0	0	0	0	0	0	0	0	0	0	0	0	0	0	0	97120	0	0	0	0	0	0	0	0	0	82549	0	0	0	0	0	0	0	0	0	0	0	0	0	0	0	0	0
6195	±‰“Ï≥¨–‹√®	0	0	0	0	0	0	369043	0	0	0	0	0	0	0	0	0	0	0	0	0	0	0	0	0	0	0	0	0	0	0	0	0	0	0	0	0	0	0	82549	0	0	0	0	0	0	0	0	0	0	0	0	0	0	0	0	0	0	0	0	0	0	0	0	0	0	0	97120	0	0	0	0	0	0	0	0	0	82549	0	0	0	0	0	0	0	0	0	0	0	0	0	0	0	0	0
6199	≥¨–‹√®±¶±¶	0	0	0	0	0	0	369043	0	0	0	0	0	0	0	0	0	0	0	0	0	0	0	0	0	0	0	0	0	0	0	0	0	0	0	0	0	0	0	82549	0	0	0	0	0	0	0	0	0	0	0	0	0	0	0	0	0	0	0	0	0	0	0	0	0	0	0	97120	0	0	0	0	0	0	0	0	0	82549	0	0	0	0	0	0	0	0	0	0	0	0	0	0	0	0	0
6200	≥…ƒÍ…Ò–‹√®	0	0	0	0	0	0	369043	0	0	0	0	0	0	0	0	0	0	0	0	0	0	0	0	0	0	0	0	0	0	0	0	0	0	0	0	0	0	0	97120	0	0	0	0	0	0	0	0	0	0	0	0	0	0	0	0	0	0	0	0	0	0	0	0	0	0	0	112696	0	0	0	0	0	0	0	0	0	97120	0	0	0	0	0	0	0	0	0	0	0	0	0	0	0	0	0
6201	±‰“Ï…Ò–‹√®	0	0	0	0	0	0	369043	0	0	0	0	0	0	0	0	0	0	0	0	0	0	0	0	0	0	0	0	0	0	0	0	0	0	0	0	0	0	0	97120	0	0	0	0	0	0	0	0	0	0	0	0	0	0	0	0	0	0	0	0	0	0	0	0	0	0	0	112696	0	0	0	0	0	0	0	0	0	97120	0	0	0	0	0	0	0	0	0	0	0	0	0	0	0	0	0
6202	±‰“Ï…Ò–‹√®	0	0	0	0	0	0	369043	0	0	0	0	0	0	0	0	0	0	0	0	0	0	0	0	0	0	0	0	0	0	0	0	0	0	0	0	0	0	0	97120	0	0	0	0	0	0	0	0	0	0	0	0	0	0	0	0	0	0	0	0	0	0	0	0	0	0	0	112696	0	0	0	0	0	0	0	0	0	97120	0	0	0	0	0	0	0	0	0	0	0	0	0	0	0	0	0
6203	±‰“Ï…Ò–‹√®	0	0	0	0	0	0	369043	0	0	0	0	0	0	0	0	0	0	0	0	0	0	0	0	0	0	0	0	0	0	0	0	0	0	0	0	0	0	0	97120	0	0	0	0	0	0	0	0	0	0	0	0	0	0	0	0	0	0	0	0	0	0	0	0	0	0	0	112696	0	0	0	0	0	0	0	0	0	97120	0	0	0	0	0	0	0	0	0	0	0	0	0	0	0	0	0
6204	±‰“Ï…Ò–‹√®	0	0	0	0	0	0	369043	0	0	0	0	0	0	0	0	0	0	0	0	0	0	0	0	0	0	0	0	0	0	0	0	0	0	0	0	0	0	0	97120	0	0	0	0	0	0	0	0	0	0	0	0	0	0	0	0	0	0	0	0	0	0	0	0	0	0	0	112696	0	0	0	0	0	0	0	0	0	97120	0	0	0	0	0	0	0	0	0	0	0	0	0	0	0	0	0
6205	±‰“Ï…Ò–‹√®	0	0	0	0	0	0	369043	0	0	0	0	0	0	0	0	0	0	0	0	0	0	0	0	0	0	0	0	0	0	0	0	0	0	0	0	0	0	0	97120	0	0	0	0	0	0	0	0	0	0	0	0	0	0	0	0	0	0	0	0	0	0	0	0	0	0	0	112696	0	0	0	0	0	0	0	0	0	97120	0	0	0	0	0	0	0	0	0	0	0	0	0	0	0	0	0
6206	±‰“Ï…Ò–‹√®	0	0	0	0	0	0	369043	0	0	0	0	0	0	0	0	0	0	0	0	0	0	0	0	0	0	0	0	0	0	0	0	0	0	0	0	0	0	0	97120	0	0	0	0	0	0	0	0	0	0	0	0	0	0	0	0	0	0	0	0	0	0	0	0	0	0	0	112696	0	0	0	0	0	0	0	0	0	97120	0	0	0	0	0	0	0	0	0	0	0	0	0	0	0	0	0
6209	…Ò–‹√®±¶±¶	0	0	0	0	0	0	369043	0	0	0	0	0	0	0	0	0	0	0	0	0	0	0	0	0	0	0	0	0	0	0	0	0	0	0	0	0	0	0	97120	0	0	0	0	0	0	0	0	0	0	0	0	0	0	0	0	0	0	0	0	0	0	0	0	0	0	0	112696	0	0	0	0	0	0	0	0	0	97120	0	0	0	0	0	0	0	0	0	0	0	0	0	0	0	0	0
6210	≥…ƒÍÛ¶–∑	0	0	0	0	0	0	0	0	0	55912	0	0	0	0	0	0	0	0	0	0	0	0	0	0	0	0	0	0	0	0	0	0	43648	0	0	0	0	0	0	0	0	0	0	0	0	0	0	0	0	0	31981	0	0	0	0	0	0	0	0	0	0	0	0	0	0	0	0	0	0	0	0	0	0	0	369043	0	0	0	0	0	0	0	0	0	0	0	0	0	0	0	0	0	0	0
6211	±‰“ÏÛ¶–∑	0	0	0	0	0	0	0	0	0	55912	0	0	0	0	0	0	0	0	0	0	0	0	0	0	0	0	0	0	0	0	0	0	43648	0	0	0	0	0	0	0	0	0	0	0	0	0	0	0	0	0	31981	0	0	0	0	0	0	0	0	0	0	0	0	0	0	0	0	0	0	0	0	0	0	0	369043	0	0	0	0	0	0	0	0	0	0	0	0	0	0	0	0	0	0	0
6212	±‰“ÏÛ¶–∑	0	0	0	0	0	0	0	0	0	55912	0	0	0	0	0	0	0	0	0	0	0	0	0	0	0	0	0	0	0	0	0	0	43648	0	0	0	0	0	0	0	0	0	0	0	0	0	0	0	0	0	31981	0	0	0	0	0	0	0	0	0	0	0	0	0	0	0	0	0	0	0	0	0	0	0	369043	0	0	0	0	0	0	0	0	0	0	0	0	0	0	0	0	0	0	0
6219	Û¶–∑±¶±¶	0	0	0	0	0	0	0	0	0	55912	0	0	0	0	0	0	0	0	0	0	0	0	0	0	0	0	0	0	0	0	0	0	43648	0	0	0	0	0	0	0	0	0	0	0	0	0	0	0	0	0	31981	0	0	0	0	0	0	0	0	0	0	0	0	0	0	0	0	0	0	0	0	0	0	0	369043	0	0	0	0	0	0	0	0	0	0	0	0	0	0	0	0	0	0	0
6220	≥…ƒÍ«‡–∑	0	0	0	0	0	0	0	0	0	68850	0	0	0	0	0	0	0	0	0	0	0	0	0	0	0	0	0	0	0	0	0	0	55912	0	0	0	0	0	0	0	0	0	0	0	0	0	0	0	0	0	43648	0	0	0	0	0	0	0	0	0	0	0	0	0	0	0	0	0	0	0	0	0	0	0	369043	0	0	0	0	0	0	0	0	0	0	0	0	0	0	0	0	0	0	0
6221	±‰“Ï«‡–∑	0	0	0	0	0	0	0	0	0	68850	0	0	0	0	0	0	0	0	0	0	0	0	0	0	0	0	0	0	0	0	0	0	55912	0	0	0	0	0	0	0	0	0	0	0	0	0	0	0	0	0	43648	0	0	0	0	0	0	0	0	0	0	0	0	0	0	0	0	0	0	0	0	0	0	0	369043	0	0	0	0	0	0	0	0	0	0	0	0	0	0	0	0	0	0	0
6222	±‰“Ï«‡–∑	0	0	0	0	0	0	0	0	0	68850	0	0	0	0	0	0	0	0	0	0	0	0	0	0	0	0	0	0	0	0	0	0	55912	0	0	0	0	0	0	0	0	0	0	0	0	0	0	0	0	0	43648	0	0	0	0	0	0	0	0	0	0	0	0	0	0	0	0	0	0	0	0	0	0	0	369043	0	0	0	0	0	0	0	0	0	0	0	0	0	0	0	0	0	0	0
6223	±‰“Ï«‡–∑	0	0	0	0	0	0	0	0	0	68850	0	0	0	0	0	0	0	0	0	0	0	0	0	0	0	0	0	0	0	0	0	0	55912	0	0	0	0	0	0	0	0	0	0	0	0	0	0	0	0	0	43648	0	0	0	0	0	0	0	0	0	0	0	0	0	0	0	0	0	0	0	0	0	0	0	369043	0	0	0	0	0	0	0	0	0	0	0	0	0	0	0	0	0	0	0
6229	«‡–∑±¶±¶	0	0	0	0	0	0	0	0	0	68850	0	0	0	0	0	0	0	0	0	0	0	0	0	0	0	0	0	0	0	0	0	0	55912	0	0	0	0	0	0	0	0	0	0	0	0	0	0	0	0	0	43648	0	0	0	0	0	0	0	0	0	0	0	0	0	0	0	0	0	0	0	0	0	0	0	369043	0	0	0	0	0	0	0	0	0	0	0	0	0	0	0	0	0	0	0
6230	≥…ƒÍ¥Û’¢–∑	0	0	0	0	0	0	0	0	0	82549	0	0	0	0	0	0	0	0	0	0	0	0	0	0	0	0	0	0	0	0	0	0	68850	0	0	0	0	0	0	0	0	0	0	0	0	0	0	0	0	0	55912	0	0	0	0	0	0	0	0	0	0	0	0	0	0	0	0	0	0	0	0	0	0	0	369043	0	0	0	0	0	0	0	0	0	0	0	0	0	0	0	0	0	0	0
6231	±‰“Ï¥Û’¢–∑	0	0	0	0	0	0	0	0	0	82549	0	0	0	0	0	0	0	0	0	0	0	0	0	0	0	0	0	0	0	0	0	0	68850	0	0	0	0	0	0	0	0	0	0	0	0	0	0	0	0	0	55912	0	0	0	0	0	0	0	0	0	0	0	0	0	0	0	0	0	0	0	0	0	0	0	369043	0	0	0	0	0	0	0	0	0	0	0	0	0	0	0	0	0	0	0
6232	±‰“Ï¥Û’¢–∑	0	0	0	0	0	0	0	0	0	82549	0	0	0	0	0	0	0	0	0	0	0	0	0	0	0	0	0	0	0	0	0	0	68850	0	0	0	0	0	0	0	0	0	0	0	0	0	0	0	0	0	55912	0	0	0	0	0	0	0	0	0	0	0	0	0	0	0	0	0	0	0	0	0	0	0	369043	0	0	0	0	0	0	0	0	0	0	0	0	0	0	0	0	0	0	0
6233	±‰“Ï¥Û’¢–∑	0	0	0	0	0	0	0	0	0	82549	0	0	0	0	0	0	0	0	0	0	0	0	0	0	0	0	0	0	0	0	0	0	68850	0	0	0	0	0	0	0	0	0	0	0	0	0	0	0	0	0	55912	0	0	0	0	0	0	0	0	0	0	0	0	0	0	0	0	0	0	0	0	0	0	0	369043	0	0	0	0	0	0	0	0	0	0	0	0	0	0	0	0	0	0	0
6234	±‰“Ï¥Û’¢–∑	0	0	0	0	0	0	0	0	0	82549	0	0	0	0	0	0	0	0	0	0	0	0	0	0	0	0	0	0	0	0	0	0	68850	0	0	0	0	0	0	0	0	0	0	0	0	0	0	0	0	0	55912	0	0	0	0	0	0	0	0	0	0	0	0	0	0	0	0	0	0	0	0	0	0	0	369043	0	0	0	0	0	0	0	0	0	0	0	0	0	0	0	0	0	0	0
6239	¥Û’¢–∑±¶±¶	0	0	0	0	0	0	0	0	0	82549	0	0	0	0	0	0	0	0	0	0	0	0	0	0	0	0	0	0	0	0	0	0	68850	0	0	0	0	0	0	0	0	0	0	0	0	0	0	0	0	0	55912	0	0	0	0	0	0	0	0	0	0	0	0	0	0	0	0	0	0	0	0	0	0	0	369043	0	0	0	0	0	0	0	0	0	0	0	0	0	0	0	0	0	0	0
6240	≥…ƒÍ≥±–––∑	0	0	0	0	0	0	0	0	0	97120	0	0	0	0	0	0	0	0	0	0	0	0	0	0	0	0	0	0	0	0	0	0	82549	0	0	0	0	0	0	0	0	0	0	0	0	0	0	0	0	0	68850	0	0	0	0	0	0	0	0	0	0	0	0	0	0	0	0	0	0	0	0	0	0	0	369043	0	0	0	0	0	0	0	0	0	0	0	0	0	0	0	0	0	0	0
6241	±‰“Ï≥±–––∑	0	0	0	0	0	0	0	0	0	97120	0	0	0	0	0	0	0	0	0	0	0	0	0	0	0	0	0	0	0	0	0	0	82549	0	0	0	0	0	0	0	0	0	0	0	0	0	0	0	0	0	68850	0	0	0	0	0	0	0	0	0	0	0	0	0	0	0	0	0	0	0	0	0	0	0	369043	0	0	0	0	0	0	0	0	0	0	0	0	0	0	0	0	0	0	0
6242	±‰“Ï≥±–––∑	0	0	0	0	0	0	0	0	0	97120	0	0	0	0	0	0	0	0	0	0	0	0	0	0	0	0	0	0	0	0	0	0	82549	0	0	0	0	0	0	0	0	0	0	0	0	0	0	0	0	0	68850	0	0	0	0	0	0	0	0	0	0	0	0	0	0	0	0	0	0	0	0	0	0	0	369043	0	0	0	0	0	0	0	0	0	0	0	0	0	0	0	0	0	0	0
6243	±‰“Ï≥±–––∑	0	0	0	0	0	0	0	0	0	97120	0	0	0	0	0	0	0	0	0	0	0	0	0	0	0	0	0	0	0	0	0	0	82549	0	0	0	0	0	0	0	0	0	0	0	0	0	0	0	0	0	68850	0	0	0	0	0	0	0	0	0	0	0	0	0	0	0	0	0	0	0	0	0	0	0	369043	0	0	0	0	0	0	0	0	0	0	0	0	0	0	0	0	0	0	0
6244	±‰“Ï≥±–––∑	0	0	0	0	0	0	0	0	0	97120	0	0	0	0	0	0	0	0	0	0	0	0	0	0	0	0	0	0	0	0	0	0	82549	0	0	0	0	0	0	0	0	0	0	0	0	0	0	0	0	0	68850	0	0	0	0	0	0	0	0	0	0	0	0	0	0	0	0	0	0	0	0	0	0	0	369043	0	0	0	0	0	0	0	0	0	0	0	0	0	0	0	0	0	0	0
6245	±‰“Ï≥±–––∑	0	0	0	0	0	0	0	0	0	97120	0	0	0	0	0	0	0	0	0	0	0	0	0	0	0	0	0	0	0	0	0	0	82549	0	0	0	0	0	0	0	0	0	0	0	0	0	0	0	0	0	68850	0	0	0	0	0	0	0	0	0	0	0	0	0	0	0	0	0	0	0	0	0	0	0	369043	0	0	0	0	0	0	0	0	0	0	0	0	0	0	0	0	0	0	0
6249	≥±–––∑±¶±¶	0	0	0	0	0	0	0	0	0	97120	0	0	0	0	0	0	0	0	0	0	0	0	0	0	0	0	0	0	0	0	0	0	82549	0	0	0	0	0	0	0	0	0	0	0	0	0	0	0	0	0	68850	0	0	0	0	0	0	0	0	0	0	0	0	0	0	0	0	0	0	0	0	0	0	0	369043	0	0	0	0	0	0	0	0	0	0	0	0	0	0	0	0	0	0	0
6250	≥…ƒÍ»ﬁÚ¸–∑	0	0	0	0	0	0	0	0	0	112696	0	0	0	0	0	0	0	0	0	0	0	0	0	0	0	0	0	0	0	0	0	0	97120	0	0	0	0	0	0	0	0	0	0	0	0	0	0	0	0	0	82549	0	0	0	0	0	0	0	0	0	0	0	0	0	0	0	0	0	0	0	0	0	0	0	369043	0	0	0	0	0	0	0	0	0	0	0	0	0	0	0	0	0	0	0
6251	±‰“Ï»ﬁÚ¸–∑	0	0	0	0	0	0	0	0	0	112696	0	0	0	0	0	0	0	0	0	0	0	0	0	0	0	0	0	0	0	0	0	0	97120	0	0	0	0	0	0	0	0	0	0	0	0	0	0	0	0	0	82549	0	0	0	0	0	0	0	0	0	0	0	0	0	0	0	0	0	0	0	0	0	0	0	369043	0	0	0	0	0	0	0	0	0	0	0	0	0	0	0	0	0	0	0
6252	±‰“Ï»ﬁÚ¸–∑	0	0	0	0	0	0	0	0	0	112696	0	0	0	0	0	0	0	0	0	0	0	0	0	0	0	0	0	0	0	0	0	0	97120	0	0	0	0	0	0	0	0	0	0	0	0	0	0	0	0	0	82549	0	0	0	0	0	0	0	0	0	0	0	0	0	0	0	0	0	0	0	0	0	0	0	369043	0	0	0	0	0	0	0	0	0	0	0	0	0	0	0	0	0	0	0
6253	±‰“Ï»ﬁÚ¸–∑	0	0	0	0	0	0	0	0	0	112696	0	0	0	0	0	0	0	0	0	0	0	0	0	0	0	0	0	0	0	0	0	0	97120	0	0	0	0	0	0	0	0	0	0	0	0	0	0	0	0	0	82549	0	0	0	0	0	0	0	0	0	0	0	0	0	0	0	0	0	0	0	0	0	0	0	369043	0	0	0	0	0	0	0	0	0	0	0	0	0	0	0	0	0	0	0
6254	±‰“Ï»ﬁÚ¸–∑	0	0	0	0	0	0	0	0	0	112696	0	0	0	0	0	0	0	0	0	0	0	0	0	0	0	0	0	0	0	0	0	0	97120	0	0	0	0	0	0	0	0	0	0	0	0	0	0	0	0	0	82549	0	0	0	0	0	0	0	0	0	0	0	0	0	0	0	0	0	0	0	0	0	0	0	369043	0	0	0	0	0	0	0	0	0	0	0	0	0	0	0	0	0	0	0
6255	±‰“Ï»ﬁÚ¸–∑	0	0	0	0	0	0	0	0	0	112696	0	0	0	0	0	0	0	0	0	0	0	0	0	0	0	0	0	0	0	0	0	0	97120	0	0	0	0	0	0	0	0	0	0	0	0	0	0	0	0	0	82549	0	0	0	0	0	0	0	0	0	0	0	0	0	0	0	0	0	0	0	0	0	0	0	369043	0	0	0	0	0	0	0	0	0	0	0	0	0	0	0	0	0	0	0
6256	±‰“Ï»ﬁÚ¸–∑	0	0	0	0	0	0	0	0	0	112696	0	0	0	0	0	0	0	0	0	0	0	0	0	0	0	0	0	0	0	0	0	0	97120	0	0	0	0	0	0	0	0	0	0	0	0	0	0	0	0	0	82549	0	0	0	0	0	0	0	0	0	0	0	0	0	0	0	0	0	0	0	0	0	0	0	369043	0	0	0	0	0	0	0	0	0	0	0	0	0	0	0	0	0	0	0
6259	»ﬁÚ¸–∑±¶±¶	0	0	0	0	0	0	0	0	0	112696	0	0	0	0	0	0	0	0	0	0	0	0	0	0	0	0	0	0	0	0	0	0	97120	0	0	0	0	0	0	0	0	0	0	0	0	0	0	0	0	0	82549	0	0	0	0	0	0	0	0	0	0	0	0	0	0	0	0	0	0	0	0	0	0	0	369043	0	0	0	0	0	0	0	0	0	0	0	0	0	0	0	0	0	0	0
6260	≥…ƒÍ∑€µ˚	0	0	0	0	0	0	0	0	20852	0	0	0	0	0	0	0	0	0	0	0	0	0	0	0	0	0	0	0	0	0	0	0	0	0	0	0	0	0	0	0	0	0	0	0	0	0	0	0	43648	0	0	0	369043	0	0	0	0	0	0	0	97120	0	0	0	0	0	0	0	0	0	0	0	0	0	0	0	0	0	0	0	0	0	0	0	0	0	0	0	0	0	0	0	0	0
6261	±‰“Ï∑€µ˚	0	0	0	0	0	0	0	0	20852	0	0	0	0	0	0	0	0	0	0	0	0	0	0	0	0	0	0	0	0	0	0	0	0	0	0	0	0	0	0	0	0	0	0	0	0	0	0	0	43648	0	0	0	369043	0	0	0	0	0	0	0	97120	0	0	0	0	0	0	0	0	0	0	0	0	0	0	0	0	0	0	0	0	0	0	0	0	0	0	0	0	0	0	0	0	0
6262	±‰“Ï∑€µ˚	0	0	0	0	0	0	0	0	20852	0	0	0	0	0	0	0	0	0	0	0	0	0	0	0	0	0	0	0	0	0	0	0	0	0	0	0	0	0	0	0	0	0	0	0	0	0	0	0	43648	0	0	0	369043	0	0	0	0	0	0	0	97120	0	0	0	0	0	0	0	0	0	0	0	0	0	0	0	0	0	0	0	0	0	0	0	0	0	0	0	0	0	0	0	0	0
6269	∑€µ˚±¶±¶	0	0	0	0	0	0	0	0	20852	0	0	0	0	0	0	0	0	0	0	0	0	0	0	0	0	0	0	0	0	0	0	0	0	0	0	0	0	0	0	0	0	0	0	0	0	0	0	0	43648	0	0	0	369043	0	0	0	0	0	0	0	97120	0	0	0	0	0	0	0	0	0	0	0	0	0	0	0	0	0	0	0	0	0	0	0	0	0	0	0	0	0	0	0	0	0
6270	≥…ƒÍ∞ﬂµ˚	0	0	0	0	0	0	0	0	31981	0	0	0	0	0	0	0	0	0	0	0	0	0	0	0	0	0	0	0	0	0	0	0	0	0	0	0	0	0	0	0	0	0	0	0	0	0	0	0	55912	0	0	0	369043	0	0	0	0	0	0	0	112696	0	0	0	0	0	0	0	0	0	0	0	0	0	0	0	0	0	0	0	0	0	0	0	0	0	0	0	0	0	0	0	0	0
6271	±‰“Ï∞ﬂµ˚	0	0	0	0	0	0	0	0	31981	0	0	0	0	0	0	0	0	0	0	0	0	0	0	0	0	0	0	0	0	0	0	0	0	0	0	0	0	0	0	0	0	0	0	0	0	0	0	0	55912	0	0	0	369043	0	0	0	0	0	0	0	112696	0	0	0	0	0	0	0	0	0	0	0	0	0	0	0	0	0	0	0	0	0	0	0	0	0	0	0	0	0	0	0	0	0
6272	±‰“Ï∞ﬂµ˚	0	0	0	0	0	0	0	0	31981	0	0	0	0	0	0	0	0	0	0	0	0	0	0	0	0	0	0	0	0	0	0	0	0	0	0	0	0	0	0	0	0	0	0	0	0	0	0	0	55912	0	0	0	369043	0	0	0	0	0	0	0	112696	0	0	0	0	0	0	0	0	0	0	0	0	0	0	0	0	0	0	0	0	0	0	0	0	0	0	0	0	0	0	0	0	0
6273	±‰“Ï∞ﬂµ˚	0	0	0	0	0	0	0	0	31981	0	0	0	0	0	0	0	0	0	0	0	0	0	0	0	0	0	0	0	0	0	0	0	0	0	0	0	0	0	0	0	0	0	0	0	0	0	0	0	55912	0	0	0	369043	0	0	0	0	0	0	0	112696	0	0	0	0	0	0	0	0	0	0	0	0	0	0	0	0	0	0	0	0	0	0	0	0	0	0	0	0	0	0	0	0	0
6279	∞ﬂµ˚±¶±¶	0	0	0	0	0	0	0	0	31981	0	0	0	0	0	0	0	0	0	0	0	0	0	0	0	0	0	0	0	0	0	0	0	0	0	0	0	0	0	0	0	0	0	0	0	0	0	0	0	55912	0	0	0	369043	0	0	0	0	0	0	0	112696	0	0	0	0	0	0	0	0	0	0	0	0	0	0	0	0	0	0	0	0	0	0	0	0	0	0	0	0	0	0	0	0	0
6280	≥…ƒÍæÓµ˚	0	0	0	0	0	0	0	0	43648	0	0	0	0	0	0	0	0	0	0	0	0	0	0	0	0	0	0	0	0	0	0	0	0	0	0	0	0	0	0	0	0	0	0	0	0	0	0	0	68850	0	0	0	369043	0	0	0	0	0	0	0	129449	0	0	0	0	0	0	0	0	0	0	0	0	0	0	0	0	0	0	0	0	0	0	0	0	0	0	0	0	0	0	0	0	0
6281	±‰“ÏæÓµ˚	0	0	0	0	0	0	0	0	43648	0	0	0	0	0	0	0	0	0	0	0	0	0	0	0	0	0	0	0	0	0	0	0	0	0	0	0	0	0	0	0	0	0	0	0	0	0	0	0	68850	0	0	0	369043	0	0	0	0	0	0	0	129449	0	0	0	0	0	0	0	0	0	0	0	0	0	0	0	0	0	0	0	0	0	0	0	0	0	0	0	0	0	0	0	0	0
6282	±‰“ÏæÓµ˚	0	0	0	0	0	0	0	0	43648	0	0	0	0	0	0	0	0	0	0	0	0	0	0	0	0	0	0	0	0	0	0	0	0	0	0	0	0	0	0	0	0	0	0	0	0	0	0	0	68850	0	0	0	369043	0	0	0	0	0	0	0	129449	0	0	0	0	0	0	0	0	0	0	0	0	0	0	0	0	0	0	0	0	0	0	0	0	0	0	0	0	0	0	0	0	0
6283	±‰“ÏæÓµ˚	0	0	0	0	0	0	0	0	43648	0	0	0	0	0	0	0	0	0	0	0	0	0	0	0	0	0	0	0	0	0	0	0	0	0	0	0	0	0	0	0	0	0	0	0	0	0	0	0	68850	0	0	0	369043	0	0	0	0	0	0	0	129449	0	0	0	0	0	0	0	0	0	0	0	0	0	0	0	0	0	0	0	0	0	0	0	0	0	0	0	0	0	0	0	0	0
6284	±‰“ÏæÓµ˚	0	0	0	0	0	0	0	0	43648	0	0	0	0	0	0	0	0	0	0	0	0	0	0	0	0	0	0	0	0	0	0	0	0	0	0	0	0	0	0	0	0	0	0	0	0	0	0	0	68850	0	0	0	369043	0	0	0	0	0	0	0	129449	0	0	0	0	0	0	0	0	0	0	0	0	0	0	0	0	0	0	0	0	0	0	0	0	0	0	0	0	0	0	0	0	0
6289	æÓµ˚±¶±¶	0	0	0	0	0	0	0	0	43648	0	0	0	0	0	0	0	0	0	0	0	0	0	0	0	0	0	0	0	0	0	0	0	0	0	0	0	0	0	0	0	0	0	0	0	0	0	0	0	68850	0	0	0	369043	0	0	0	0	0	0	0	129449	0	0	0	0	0	0	0	0	0	0	0	0	0	0	0	0	0	0	0	0	0	0	0	0	0	0	0	0	0	0	0	0	0
6290	≥…ƒÍª∑µ˚	0	0	0	0	0	0	0	0	55912	0	0	0	0	0	0	0	0	0	0	0	0	0	0	0	0	0	0	0	0	0	0	0	0	0	0	0	0	0	0	0	0	0	0	0	0	0	0	0	82549	0	0	0	369043	0	0	0	0	0	0	0	147602	0	0	0	0	0	0	0	0	0	0	0	0	0	0	0	0	0	0	0	0	0	0	0	0	0	0	0	0	0	0	0	0	0
6291	±‰“Ïª∑µ˚	0	0	0	0	0	0	0	0	55912	0	0	0	0	0	0	0	0	0	0	0	0	0	0	0	0	0	0	0	0	0	0	0	0	0	0	0	0	0	0	0	0	0	0	0	0	0	0	0	82549	0	0	0	369043	0	0	0	0	0	0	0	147602	0	0	0	0	0	0	0	0	0	0	0	0	0	0	0	0	0	0	0	0	0	0	0	0	0	0	0	0	0	0	0	0	0
6292	±‰“Ïª∑µ˚	0	0	0	0	0	0	0	0	55912	0	0	0	0	0	0	0	0	0	0	0	0	0	0	0	0	0	0	0	0	0	0	0	0	0	0	0	0	0	0	0	0	0	0	0	0	0	0	0	82549	0	0	0	369043	0	0	0	0	0	0	0	147602	0	0	0	0	0	0	0	0	0	0	0	0	0	0	0	0	0	0	0	0	0	0	0	0	0	0	0	0	0	0	0	0	0
6293	±‰“Ïª∑µ˚	0	0	0	0	0	0	0	0	55912	0	0	0	0	0	0	0	0	0	0	0	0	0	0	0	0	0	0	0	0	0	0	0	0	0	0	0	0	0	0	0	0	0	0	0	0	0	0	0	82549	0	0	0	369043	0	0	0	0	0	0	0	147602	0	0	0	0	0	0	0	0	0	0	0	0	0	0	0	0	0	0	0	0	0	0	0	0	0	0	0	0	0	0	0	0	0
6294	±‰“Ïª∑µ˚	0	0	0	0	0	0	0	0	55912	0	0	0	0	0	0	0	0	0	0	0	0	0	0	0	0	0	0	0	0	0	0	0	0	0	0	0	0	0	0	0	0	0	0	0	0	0	0	0	82549	0	0	0	369043	0	0	0	0	0	0	0	147602	0	0	0	0	0	0	0	0	0	0	0	0	0	0	0	0	0	0	0	0	0	0	0	0	0	0	0	0	0	0	0	0	0
6295	±‰“Ïª∑µ˚	0	0	0	0	0	0	0	0	55912	0	0	0	0	0	0	0	0	0	0	0	0	0	0	0	0	0	0	0	0	0	0	0	0	0	0	0	0	0	0	0	0	0	0	0	0	0	0	0	82549	0	0	0	369043	0	0	0	0	0	0	0	147602	0	0	0	0	0	0	0	0	0	0	0	0	0	0	0	0	0	0	0	0	0	0	0	0	0	0	0	0	0	0	0	0	0
6299	ª∑µ˚±¶±¶	0	0	0	0	0	0	0	0	55912	0	0	0	0	0	0	0	0	0	0	0	0	0	0	0	0	0	0	0	0	0	0	0	0	0	0	0	0	0	0	0	0	0	0	0	0	0	0	0	82549	0	0	0	369043	0	0	0	0	0	0	0	147602	0	0	0	0	0	0	0	0	0	0	0	0	0	0	0	0	0	0	0	0	0	0	0	0	0	0	0	0	0	0	0	0	0
6300	≥…ƒÍ∑ÔŒ≤µ˚	0	0	0	0	0	0	0	0	68850	0	0	0	0	0	0	0	0	0	0	0	0	0	0	0	0	0	0	0	0	0	0	0	0	0	0	0	0	0	0	0	0	0	0	0	0	0	0	0	97120	0	0	0	369043	0	0	0	0	0	0	0	167447	0	0	0	0	0	0	0	0	0	0	0	0	0	0	0	0	0	0	0	0	0	0	0	0	0	0	0	0	0	0	0	0	0
6301	±‰“Ï∑ÔŒ≤µ˚	0	0	0	0	0	0	0	0	68850	0	0	0	0	0	0	0	0	0	0	0	0	0	0	0	0	0	0	0	0	0	0	0	0	0	0	0	0	0	0	0	0	0	0	0	0	0	0	0	97120	0	0	0	369043	0	0	0	0	0	0	0	167447	0	0	0	0	0	0	0	0	0	0	0	0	0	0	0	0	0	0	0	0	0	0	0	0	0	0	0	0	0	0	0	0	0
6302	±‰“Ï∑ÔŒ≤µ˚	0	0	0	0	0	0	0	0	68850	0	0	0	0	0	0	0	0	0	0	0	0	0	0	0	0	0	0	0	0	0	0	0	0	0	0	0	0	0	0	0	0	0	0	0	0	0	0	0	97120	0	0	0	369043	0	0	0	0	0	0	0	167447	0	0	0	0	0	0	0	0	0	0	0	0	0	0	0	0	0	0	0	0	0	0	0	0	0	0	0	0	0	0	0	0	0
6303	±‰“Ï∑ÔŒ≤µ˚	0	0	0	0	0	0	0	0	68850	0	0	0	0	0	0	0	0	0	0	0	0	0	0	0	0	0	0	0	0	0	0	0	0	0	0	0	0	0	0	0	0	0	0	0	0	0	0	0	97120	0	0	0	369043	0	0	0	0	0	0	0	167447	0	0	0	0	0	0	0	0	0	0	0	0	0	0	0	0	0	0	0	0	0	0	0	0	0	0	0	0	0	0	0	0	0
6304	±‰“Ï∑ÔŒ≤µ˚	0	0	0	0	0	0	0	0	68850	0	0	0	0	0	0	0	0	0	0	0	0	0	0	0	0	0	0	0	0	0	0	0	0	0	0	0	0	0	0	0	0	0	0	0	0	0	0	0	97120	0	0	0	369043	0	0	0	0	0	0	0	167447	0	0	0	0	0	0	0	0	0	0	0	0	0	0	0	0	0	0	0	0	0	0	0	0	0	0	0	0	0	0	0	0	0
6305	±‰“Ï∑ÔŒ≤µ˚	0	0	0	0	0	0	0	0	68850	0	0	0	0	0	0	0	0	0	0	0	0	0	0	0	0	0	0	0	0	0	0	0	0	0	0	0	0	0	0	0	0	0	0	0	0	0	0	0	97120	0	0	0	369043	0	0	0	0	0	0	0	167447	0	0	0	0	0	0	0	0	0	0	0	0	0	0	0	0	0	0	0	0	0	0	0	0	0	0	0	0	0	0	0	0	0
6306	±‰“Ï∑ÔŒ≤µ˚	0	0	0	0	0	0	0	0	68850	0	0	0	0	0	0	0	0	0	0	0	0	0	0	0	0	0	0	0	0	0	0	0	0	0	0	0	0	0	0	0	0	0	0	0	0	0	0	0	97120	0	0	0	369043	0	0	0	0	0	0	0	167447	0	0	0	0	0	0	0	0	0	0	0	0	0	0	0	0	0	0	0	0	0	0	0	0	0	0	0	0	0	0	0	0	0
6309	∑ÔŒ≤µ˚±¶±¶	0	0	0	0	0	0	0	0	68850	0	0	0	0	0	0	0	0	0	0	0	0	0	0	0	0	0	0	0	0	0	0	0	0	0	0	0	0	0	0	0	0	0	0	0	0	0	0	0	97120	0	0	0	369043	0	0	0	0	0	0	0	167447	0	0	0	0	0	0	0	0	0	0	0	0	0	0	0	0	0	0	0	0	0	0	0	0	0	0	0	0	0	0	0	0	0
6310	≥…ƒÍŒœ≈£	0	0	0	0	97120	0	0	0	0	0	0	0	0	0	0	0	0	0	0	0	0	0	0	0	0	0	0	0	0	0	0	0	0	0	369043	0	0	0	0	0	0	0	0	0	0	0	0	0	0	0	0	0	0	0	0	0	0	0	0	0	0	0	0	0	20852	0	0	0	0	0	0	0	0	0	0	0	55912	0	0	0	0	0	0	0	0	0	0	0	0	0	0	0	0	0
6311	±‰“ÏŒœ≈£	0	0	0	0	97120	0	0	0	0	0	0	0	0	0	0	0	0	0	0	0	0	0	0	0	0	0	0	0	0	0	0	0	0	0	369043	0	0	0	0	0	0	0	0	0	0	0	0	0	0	0	0	0	0	0	0	0	0	0	0	0	0	0	0	0	20852	0	0	0	0	0	0	0	0	0	0	0	55912	0	0	0	0	0	0	0	0	0	0	0	0	0	0	0	0	0
6312	±‰“ÏŒœ≈£	0	0	0	0	97120	0	0	0	0	0	0	0	0	0	0	0	0	0	0	0	0	0	0	0	0	0	0	0	0	0	0	0	0	0	369043	0	0	0	0	0	0	0	0	0	0	0	0	0	0	0	0	0	0	0	0	0	0	0	0	0	0	0	0	0	20852	0	0	0	0	0	0	0	0	0	0	0	55912	0	0	0	0	0	0	0	0	0	0	0	0	0	0	0	0	0
6319	Œœ≈£±¶±¶	0	0	0	0	97120	0	0	0	0	0	0	0	0	0	0	0	0	0	0	0	0	0	0	0	0	0	0	0	0	0	0	0	0	0	369043	0	0	0	0	0	0	0	0	0	0	0	0	0	0	0	0	0	0	0	0	0	0	0	0	0	0	0	0	0	20852	0	0	0	0	0	0	0	0	0	0	0	55912	0	0	0	0	0	0	0	0	0	0	0	0	0	0	0	0	0
6320	≥…ƒÍ◊≥Œœ≈£	0	0	0	0	112696	0	0	0	0	0	0	0	0	0	0	0	0	0	0	0	0	0	0	0	0	0	0	0	0	0	0	0	0	0	369043	0	0	0	0	0	0	0	0	0	0	0	0	0	0	0	0	0	0	0	0	0	0	0	0	0	0	0	0	0	31981	0	0	0	0	0	0	0	0	0	0	0	68850	0	0	0	0	0	0	0	0	0	0	0	0	0	0	0	0	0
6321	±‰“Ï◊≥Œœ≈£	0	0	0	0	112696	0	0	0	0	0	0	0	0	0	0	0	0	0	0	0	0	0	0	0	0	0	0	0	0	0	0	0	0	0	369043	0	0	0	0	0	0	0	0	0	0	0	0	0	0	0	0	0	0	0	0	0	0	0	0	0	0	0	0	0	31981	0	0	0	0	0	0	0	0	0	0	0	68850	0	0	0	0	0	0	0	0	0	0	0	0	0	0	0	0	0
6322	±‰“Ï◊≥Œœ≈£	0	0	0	0	112696	0	0	0	0	0	0	0	0	0	0	0	0	0	0	0	0	0	0	0	0	0	0	0	0	0	0	0	0	0	369043	0	0	0	0	0	0	0	0	0	0	0	0	0	0	0	0	0	0	0	0	0	0	0	0	0	0	0	0	0	31981	0	0	0	0	0	0	0	0	0	0	0	68850	0	0	0	0	0	0	0	0	0	0	0	0	0	0	0	0	0
6323	±‰“Ï◊≥Œœ≈£	0	0	0	0	112696	0	0	0	0	0	0	0	0	0	0	0	0	0	0	0	0	0	0	0	0	0	0	0	0	0	0	0	0	0	369043	0	0	0	0	0	0	0	0	0	0	0	0	0	0	0	0	0	0	0	0	0	0	0	0	0	0	0	0	0	31981	0	0	0	0	0	0	0	0	0	0	0	68850	0	0	0	0	0	0	0	0	0	0	0	0	0	0	0	0	0
6329	◊≥Œœ≈£±¶±¶	0	0	0	0	112696	0	0	0	0	0	0	0	0	0	0	0	0	0	0	0	0	0	0	0	0	0	0	0	0	0	0	0	0	0	369043	0	0	0	0	0	0	0	0	0	0	0	0	0	0	0	0	0	0	0	0	0	0	0	0	0	0	0	0	0	31981	0	0	0	0	0	0	0	0	0	0	0	68850	0	0	0	0	0	0	0	0	0	0	0	0	0	0	0	0	0
6330	≥…ƒÍ’‰Œœ≈£	0	0	0	0	129449	0	0	0	0	0	0	0	0	0	0	0	0	0	0	0	0	0	0	0	0	0	0	0	0	0	0	0	0	0	369043	0	0	0	0	0	0	0	0	0	0	0	0	0	0	0	0	0	0	0	0	0	0	0	0	0	0	0	0	0	43648	0	0	0	0	0	0	0	0	0	0	0	82549	0	0	0	0	0	0	0	0	0	0	0	0	0	0	0	0	0
6331	±‰“Ï’‰Œœ≈£	0	0	0	0	129449	0	0	0	0	0	0	0	0	0	0	0	0	0	0	0	0	0	0	0	0	0	0	0	0	0	0	0	0	0	369043	0	0	0	0	0	0	0	0	0	0	0	0	0	0	0	0	0	0	0	0	0	0	0	0	0	0	0	0	0	43648	0	0	0	0	0	0	0	0	0	0	0	82549	0	0	0	0	0	0	0	0	0	0	0	0	0	0	0	0	0
6332	±‰“Ï’‰Œœ≈£	0	0	0	0	129449	0	0	0	0	0	0	0	0	0	0	0	0	0	0	0	0	0	0	0	0	0	0	0	0	0	0	0	0	0	369043	0	0	0	0	0	0	0	0	0	0	0	0	0	0	0	0	0	0	0	0	0	0	0	0	0	0	0	0	0	43648	0	0	0	0	0	0	0	0	0	0	0	82549	0	0	0	0	0	0	0	0	0	0	0	0	0	0	0	0	0
6333	±‰“Ï’‰Œœ≈£	0	0	0	0	129449	0	0	0	0	0	0	0	0	0	0	0	0	0	0	0	0	0	0	0	0	0	0	0	0	0	0	0	0	0	369043	0	0	0	0	0	0	0	0	0	0	0	0	0	0	0	0	0	0	0	0	0	0	0	0	0	0	0	0	0	43648	0	0	0	0	0	0	0	0	0	0	0	82549	0	0	0	0	0	0	0	0	0	0	0	0	0	0	0	0	0
6334	±‰“Ï’‰Œœ≈£	0	0	0	0	129449	0	0	0	0	0	0	0	0	0	0	0	0	0	0	0	0	0	0	0	0	0	0	0	0	0	0	0	0	0	369043	0	0	0	0	0	0	0	0	0	0	0	0	0	0	0	0	0	0	0	0	0	0	0	0	0	0	0	0	0	43648	0	0	0	0	0	0	0	0	0	0	0	82549	0	0	0	0	0	0	0	0	0	0	0	0	0	0	0	0	0
6339	’‰Œœ≈£±¶±¶	0	0	0	0	129449	0	0	0	0	0	0	0	0	0	0	0	0	0	0	0	0	0	0	0	0	0	0	0	0	0	0	0	0	0	369043	0	0	0	0	0	0	0	0	0	0	0	0	0	0	0	0	0	0	0	0	0	0	0	0	0	0	0	0	0	43648	0	0	0	0	0	0	0	0	0	0	0	82549	0	0	0	0	0	0	0	0	0	0	0	0	0	0	0	0	0
6340	≥…ƒÍ≥¨Œœ≈£	0	0	0	0	147602	0	0	0	0	0	0	0	0	0	0	0	0	0	0	0	0	0	0	0	0	0	0	0	0	0	0	0	0	0	369043	0	0	0	0	0	0	0	0	0	0	0	0	0	0	0	0	0	0	0	0	0	0	0	0	0	0	0	0	0	55912	0	0	0	0	0	0	0	0	0	0	0	97120	0	0	0	0	0	0	0	0	0	0	0	0	0	0	0	0	0
6341	±‰“Ï≥¨Œœ≈£	0	0	0	0	147602	0	0	0	0	0	0	0	0	0	0	0	0	0	0	0	0	0	0	0	0	0	0	0	0	0	0	0	0	0	369043	0	0	0	0	0	0	0	0	0	0	0	0	0	0	0	0	0	0	0	0	0	0	0	0	0	0	0	0	0	55912	0	0	0	0	0	0	0	0	0	0	0	97120	0	0	0	0	0	0	0	0	0	0	0	0	0	0	0	0	0
6342	±‰“Ï≥¨Œœ≈£	0	0	0	0	147602	0	0	0	0	0	0	0	0	0	0	0	0	0	0	0	0	0	0	0	0	0	0	0	0	0	0	0	0	0	369043	0	0	0	0	0	0	0	0	0	0	0	0	0	0	0	0	0	0	0	0	0	0	0	0	0	0	0	0	0	55912	0	0	0	0	0	0	0	0	0	0	0	97120	0	0	0	0	0	0	0	0	0	0	0	0	0	0	0	0	0
6343	±‰“Ï≥¨Œœ≈£	0	0	0	0	147602	0	0	0	0	0	0	0	0	0	0	0	0	0	0	0	0	0	0	0	0	0	0	0	0	0	0	0	0	0	369043	0	0	0	0	0	0	0	0	0	0	0	0	0	0	0	0	0	0	0	0	0	0	0	0	0	0	0	0	0	55912	0	0	0	0	0	0	0	0	0	0	0	97120	0	0	0	0	0	0	0	0	0	0	0	0	0	0	0	0	0
6344	±‰“Ï≥¨Œœ≈£	0	0	0	0	147602	0	0	0	0	0	0	0	0	0	0	0	0	0	0	0	0	0	0	0	0	0	0	0	0	0	0	0	0	0	369043	0	0	0	0	0	0	0	0	0	0	0	0	0	0	0	0	0	0	0	0	0	0	0	0	0	0	0	0	0	55912	0	0	0	0	0	0	0	0	0	0	0	97120	0	0	0	0	0	0	0	0	0	0	0	0	0	0	0	0	0
6345	±‰“Ï≥¨Œœ≈£	0	0	0	0	147602	0	0	0	0	0	0	0	0	0	0	0	0	0	0	0	0	0	0	0	0	0	0	0	0	0	0	0	0	0	369043	0	0	0	0	0	0	0	0	0	0	0	0	0	0	0	0	0	0	0	0	0	0	0	0	0	0	0	0	0	55912	0	0	0	0	0	0	0	0	0	0	0	97120	0	0	0	0	0	0	0	0	0	0	0	0	0	0	0	0	0
6349	≥¨Œœ≈£±¶±¶	0	0	0	0	147602	0	0	0	0	0	0	0	0	0	0	0	0	0	0	0	0	0	0	0	0	0	0	0	0	0	0	0	0	0	369043	0	0	0	0	0	0	0	0	0	0	0	0	0	0	0	0	0	0	0	0	0	0	0	0	0	0	0	0	0	55912	0	0	0	0	0	0	0	0	0	0	0	97120	0	0	0	0	0	0	0	0	0	0	0	0	0	0	0	0	0
6350	≥…ƒÍ…ÒŒœ≈£	0	0	0	0	167447	0	0	0	0	0	0	0	0	0	0	0	0	0	0	0	0	0	0	0	0	0	0	0	0	0	0	0	0	0	369043	0	0	0	0	0	0	0	0	0	0	0	0	0	0	0	0	0	0	0	0	0	0	0	0	0	0	0	0	0	68850	0	0	0	0	0	0	0	0	0	0	0	112696	0	0	0	0	0	0	0	0	0	0	0	0	0	0	0	0	0
6351	±‰“Ï…ÒŒœ≈£	0	0	0	0	167447	0	0	0	0	0	0	0	0	0	0	0	0	0	0	0	0	0	0	0	0	0	0	0	0	0	0	0	0	0	369043	0	0	0	0	0	0	0	0	0	0	0	0	0	0	0	0	0	0	0	0	0	0	0	0	0	0	0	0	0	68850	0	0	0	0	0	0	0	0	0	0	0	112696	0	0	0	0	0	0	0	0	0	0	0	0	0	0	0	0	0
6352	±‰“Ï…ÒŒœ≈£	0	0	0	0	167447	0	0	0	0	0	0	0	0	0	0	0	0	0	0	0	0	0	0	0	0	0	0	0	0	0	0	0	0	0	369043	0	0	0	0	0	0	0	0	0	0	0	0	0	0	0	0	0	0	0	0	0	0	0	0	0	0	0	0	0	68850	0	0	0	0	0	0	0	0	0	0	0	112696	0	0	0	0	0	0	0	0	0	0	0	0	0	0	0	0	0
6353	±‰“Ï…ÒŒœ≈£	0	0	0	0	167447	0	0	0	0	0	0	0	0	0	0	0	0	0	0	0	0	0	0	0	0	0	0	0	0	0	0	0	0	0	369043	0	0	0	0	0	0	0	0	0	0	0	0	0	0	0	0	0	0	0	0	0	0	0	0	0	0	0	0	0	68850	0	0	0	0	0	0	0	0	0	0	0	112696	0	0	0	0	0	0	0	0	0	0	0	0	0	0	0	0	0
6354	±‰“Ï…ÒŒœ≈£	0	0	0	0	167447	0	0	0	0	0	0	0	0	0	0	0	0	0	0	0	0	0	0	0	0	0	0	0	0	0	0	0	0	0	369043	0	0	0	0	0	0	0	0	0	0	0	0	0	0	0	0	0	0	0	0	0	0	0	0	0	0	0	0	0	68850	0	0	0	0	0	0	0	0	0	0	0	112696	0	0	0	0	0	0	0	0	0	0	0	0	0	0	0	0	0
6355	±‰“Ï…ÒŒœ≈£	0	0	0	0	167447	0	0	0	0	0	0	0	0	0	0	0	0	0	0	0	0	0	0	0	0	0	0	0	0	0	0	0	0	0	369043	0	0	0	0	0	0	0	0	0	0	0	0	0	0	0	0	0	0	0	0	0	0	0	0	0	0	0	0	0	68850	0	0	0	0	0	0	0	0	0	0	0	112696	0	0	0	0	0	0	0	0	0	0	0	0	0	0	0	0	0
6356	±‰“Ï…ÒŒœ≈£	0	0	0	0	167447	0	0	0	0	0	0	0	0	0	0	0	0	0	0	0	0	0	0	0	0	0	0	0	0	0	0	0	0	0	369043	0	0	0	0	0	0	0	0	0	0	0	0	0	0	0	0	0	0	0	0	0	0	0	0	0	0	0	0	0	68850	0	0	0	0	0	0	0	0	0	0	0	112696	0	0	0	0	0	0	0	0	0	0	0	0	0	0	0	0	0
6359	…ÒŒœ≈£±¶±¶	0	0	0	0	167447	0	0	0	0	0	0	0	0	0	0	0	0	0	0	0	0	0	0	0	0	0	0	0	0	0	0	0	0	0	369043	0	0	0	0	0	0	0	0	0	0	0	0	0	0	0	0	0	0	0	0	0	0	0	0	0	0	0	0	0	68850	0	0	0	0	0	0	0	0	0	0	0	112696	0	0	0	0	0	0	0	0	0	0	0	0	0	0	0	0	0
6360	≥…ƒÍ∂æ–´	0	0	0	0	0	0	0	369043	0	0	0	0	0	0	0	0	0	0	0	0	0	0	0	0	0	0	0	0	0	0	0	0	0	0	0	0	0	0	0	0	0	0	43648	0	0	0	0	0	0	0	0	0	20852	0	0	0	0	0	0	0	0	0	0	0	0	0	0	0	0	0	0	0	0	0	97120	0	0	0	0	0	0	0	0	0	0	0	0	0	0	0	0	0	0	0
6361	±‰“Ï∂æ–´	0	0	0	0	0	0	0	369043	0	0	0	0	0	0	0	0	0	0	0	0	0	0	0	0	0	0	0	0	0	0	0	0	0	0	0	0	0	0	0	0	0	0	43648	0	0	0	0	0	0	0	0	0	20852	0	0	0	0	0	0	0	0	0	0	0	0	0	0	0	0	0	0	0	0	0	97120	0	0	0	0	0	0	0	0	0	0	0	0	0	0	0	0	0	0	0
6362	±‰“Ï∂æ–´	0	0	0	0	0	0	0	369043	0	0	0	0	0	0	0	0	0	0	0	0	0	0	0	0	0	0	0	0	0	0	0	0	0	0	0	0	0	0	0	0	0	0	43648	0	0	0	0	0	0	0	0	0	20852	0	0	0	0	0	0	0	0	0	0	0	0	0	0	0	0	0	0	0	0	0	97120	0	0	0	0	0	0	0	0	0	0	0	0	0	0	0	0	0	0	0
6369	∂æ–´±¶±¶	0	0	0	0	0	0	0	369043	0	0	0	0	0	0	0	0	0	0	0	0	0	0	0	0	0	0	0	0	0	0	0	0	0	0	0	0	0	0	0	0	0	0	43648	0	0	0	0	0	0	0	0	0	20852	0	0	0	0	0	0	0	0	0	0	0	0	0	0	0	0	0	0	0	0	0	97120	0	0	0	0	0	0	0	0	0	0	0	0	0	0	0	0	0	0	0
6370	≥…ƒÍ¡È–´	0	0	0	0	0	0	0	369043	0	0	0	0	0	0	0	0	0	0	0	0	0	0	0	0	0	0	0	0	0	0	0	0	0	0	0	0	0	0	0	0	0	0	55912	0	0	0	0	0	0	0	0	0	31981	0	0	0	0	0	0	0	0	0	0	0	0	0	0	0	0	0	0	0	0	0	112696	0	0	0	0	0	0	0	0	0	0	0	0	0	0	0	0	0	0	0
6371	±‰“Ï¡È–´	0	0	0	0	0	0	0	369043	0	0	0	0	0	0	0	0	0	0	0	0	0	0	0	0	0	0	0	0	0	0	0	0	0	0	0	0	0	0	0	0	0	0	55912	0	0	0	0	0	0	0	0	0	31981	0	0	0	0	0	0	0	0	0	0	0	0	0	0	0	0	0	0	0	0	0	112696	0	0	0	0	0	0	0	0	0	0	0	0	0	0	0	0	0	0	0
6372	±‰“Ï¡È–´	0	0	0	0	0	0	0	369043	0	0	0	0	0	0	0	0	0	0	0	0	0	0	0	0	0	0	0	0	0	0	0	0	0	0	0	0	0	0	0	0	0	0	55912	0	0	0	0	0	0	0	0	0	31981	0	0	0	0	0	0	0	0	0	0	0	0	0	0	0	0	0	0	0	0	0	112696	0	0	0	0	0	0	0	0	0	0	0	0	0	0	0	0	0	0	0
6373	±‰“Ï¡È–´	0	0	0	0	0	0	0	369043	0	0	0	0	0	0	0	0	0	0	0	0	0	0	0	0	0	0	0	0	0	0	0	0	0	0	0	0	0	0	0	0	0	0	55912	0	0	0	0	0	0	0	0	0	31981	0	0	0	0	0	0	0	0	0	0	0	0	0	0	0	0	0	0	0	0	0	112696	0	0	0	0	0	0	0	0	0	0	0	0	0	0	0	0	0	0	0
6379	¡È–´±¶±¶	0	0	0	0	0	0	0	369043	0	0	0	0	0	0	0	0	0	0	0	0	0	0	0	0	0	0	0	0	0	0	0	0	0	0	0	0	0	0	0	0	0	0	55912	0	0	0	0	0	0	0	0	0	31981	0	0	0	0	0	0	0	0	0	0	0	0	0	0	0	0	0	0	0	0	0	112696	0	0	0	0	0	0	0	0	0	0	0	0	0	0	0	0	0	0	0
6380	≥…ƒÍ’‰–´	0	0	0	0	0	0	0	369043	0	0	0	0	0	0	0	0	0	0	0	0	0	0	0	0	0	0	0	0	0	0	0	0	0	0	0	0	0	0	0	0	0	0	68850	0	0	0	0	0	0	0	0	0	43648	0	0	0	0	0	0	0	0	0	0	0	0	0	0	0	0	0	0	0	0	0	129449	0	0	0	0	0	0	0	0	0	0	0	0	0	0	0	0	0	0	0
6381	±‰“Ï’‰–´	0	0	0	0	0	0	0	369043	0	0	0	0	0	0	0	0	0	0	0	0	0	0	0	0	0	0	0	0	0	0	0	0	0	0	0	0	0	0	0	0	0	0	68850	0	0	0	0	0	0	0	0	0	43648	0	0	0	0	0	0	0	0	0	0	0	0	0	0	0	0	0	0	0	0	0	129449	0	0	0	0	0	0	0	0	0	0	0	0	0	0	0	0	0	0	0
6382	±‰“Ï’‰–´	0	0	0	0	0	0	0	369043	0	0	0	0	0	0	0	0	0	0	0	0	0	0	0	0	0	0	0	0	0	0	0	0	0	0	0	0	0	0	0	0	0	0	68850	0	0	0	0	0	0	0	0	0	43648	0	0	0	0	0	0	0	0	0	0	0	0	0	0	0	0	0	0	0	0	0	129449	0	0	0	0	0	0	0	0	0	0	0	0	0	0	0	0	0	0	0
6383	±‰“Ï’‰–´	0	0	0	0	0	0	0	369043	0	0	0	0	0	0	0	0	0	0	0	0	0	0	0	0	0	0	0	0	0	0	0	0	0	0	0	0	0	0	0	0	0	0	68850	0	0	0	0	0	0	0	0	0	43648	0	0	0	0	0	0	0	0	0	0	0	0	0	0	0	0	0	0	0	0	0	129449	0	0	0	0	0	0	0	0	0	0	0	0	0	0	0	0	0	0	0
6384	±‰“Ï’‰–´	0	0	0	0	0	0	0	369043	0	0	0	0	0	0	0	0	0	0	0	0	0	0	0	0	0	0	0	0	0	0	0	0	0	0	0	0	0	0	0	0	0	0	68850	0	0	0	0	0	0	0	0	0	43648	0	0	0	0	0	0	0	0	0	0	0	0	0	0	0	0	0	0	0	0	0	129449	0	0	0	0	0	0	0	0	0	0	0	0	0	0	0	0	0	0	0
6389	’‰–´±¶±¶	0	0	0	0	0	0	0	369043	0	0	0	0	0	0	0	0	0	0	0	0	0	0	0	0	0	0	0	0	0	0	0	0	0	0	0	0	0	0	0	0	0	0	68850	0	0	0	0	0	0	0	0	0	43648	0	0	0	0	0	0	0	0	0	0	0	0	0	0	0	0	0	0	0	0	0	129449	0	0	0	0	0	0	0	0	0	0	0	0	0	0	0	0	0	0	0
6390	≥…ƒÍÃÏ–´	0	0	0	0	0	0	0	369043	0	0	0	0	0	0	0	0	0	0	0	0	0	0	0	0	0	0	0	0	0	0	0	0	0	0	0	0	0	0	0	0	0	0	82549	0	0	0	0	0	0	0	0	0	55912	0	0	0	0	0	0	0	0	0	0	0	0	0	0	0	0	0	0	0	0	0	147602	0	0	0	0	0	0	0	0	0	0	0	0	0	0	0	0	0	0	0
6391	±‰“ÏÃÏ–´	0	0	0	0	0	0	0	369043	0	0	0	0	0	0	0	0	0	0	0	0	0	0	0	0	0	0	0	0	0	0	0	0	0	0	0	0	0	0	0	0	0	0	82549	0	0	0	0	0	0	0	0	0	55912	0	0	0	0	0	0	0	0	0	0	0	0	0	0	0	0	0	0	0	0	0	147602	0	0	0	0	0	0	0	0	0	0	0	0	0	0	0	0	0	0	0
6392	±‰“ÏÃÏ–´	0	0	0	0	0	0	0	369043	0	0	0	0	0	0	0	0	0	0	0	0	0	0	0	0	0	0	0	0	0	0	0	0	0	0	0	0	0	0	0	0	0	0	82549	0	0	0	0	0	0	0	0	0	55912	0	0	0	0	0	0	0	0	0	0	0	0	0	0	0	0	0	0	0	0	0	147602	0	0	0	0	0	0	0	0	0	0	0	0	0	0	0	0	0	0	0
6393	±‰“ÏÃÏ–´	0	0	0	0	0	0	0	369043	0	0	0	0	0	0	0	0	0	0	0	0	0	0	0	0	0	0	0	0	0	0	0	0	0	0	0	0	0	0	0	0	0	0	82549	0	0	0	0	0	0	0	0	0	55912	0	0	0	0	0	0	0	0	0	0	0	0	0	0	0	0	0	0	0	0	0	147602	0	0	0	0	0	0	0	0	0	0	0	0	0	0	0	0	0	0	0
6394	±‰“ÏÃÏ–´	0	0	0	0	0	0	0	369043	0	0	0	0	0	0	0	0	0	0	0	0	0	0	0	0	0	0	0	0	0	0	0	0	0	0	0	0	0	0	0	0	0	0	82549	0	0	0	0	0	0	0	0	0	55912	0	0	0	0	0	0	0	0	0	0	0	0	0	0	0	0	0	0	0	0	0	147602	0	0	0	0	0	0	0	0	0	0	0	0	0	0	0	0	0	0	0
6395	±‰“ÏÃÏ–´	0	0	0	0	0	0	0	369043	0	0	0	0	0	0	0	0	0	0	0	0	0	0	0	0	0	0	0	0	0	0	0	0	0	0	0	0	0	0	0	0	0	0	82549	0	0	0	0	0	0	0	0	0	55912	0	0	0	0	0	0	0	0	0	0	0	0	0	0	0	0	0	0	0	0	0	147602	0	0	0	0	0	0	0	0	0	0	0	0	0	0	0	0	0	0	0
6399	ÃÏ–´±¶±¶	0	0	0	0	0	0	0	369043	0	0	0	0	0	0	0	0	0	0	0	0	0	0	0	0	0	0	0	0	0	0	0	0	0	0	0	0	0	0	0	0	0	0	82549	0	0	0	0	0	0	0	0	0	55912	0	0	0	0	0	0	0	0	0	0	0	0	0	0	0	0	0	0	0	0	0	147602	0	0	0	0	0	0	0	0	0	0	0	0	0	0	0	0	0	0	0
6400	≥…ƒÍƒß–´	0	0	0	0	0	0	0	369043	0	0	0	0	0	0	0	0	0	0	0	0	0	0	0	0	0	0	0	0	0	0	0	0	0	0	0	0	0	0	0	0	0	0	97120	0	0	0	0	0	0	0	0	0	68850	0	0	0	0	0	0	0	0	0	0	0	0	0	0	0	0	0	0	0	0	0	167447	0	0	0	0	0	0	0	0	0	0	0	0	0	0	0	0	0	0	0
6401	±‰“Ïƒß–´	0	0	0	0	0	0	0	369043	0	0	0	0	0	0	0	0	0	0	0	0	0	0	0	0	0	0	0	0	0	0	0	0	0	0	0	0	0	0	0	0	0	0	97120	0	0	0	0	0	0	0	0	0	68850	0	0	0	0	0	0	0	0	0	0	0	0	0	0	0	0	0	0	0	0	0	167447	0	0	0	0	0	0	0	0	0	0	0	0	0	0	0	0	0	0	0
6402	±‰“Ïƒß–´	0	0	0	0	0	0	0	369043	0	0	0	0	0	0	0	0	0	0	0	0	0	0	0	0	0	0	0	0	0	0	0	0	0	0	0	0	0	0	0	0	0	0	97120	0	0	0	0	0	0	0	0	0	68850	0	0	0	0	0	0	0	0	0	0	0	0	0	0	0	0	0	0	0	0	0	167447	0	0	0	0	0	0	0	0	0	0	0	0	0	0	0	0	0	0	0
6403	±‰“Ïƒß–´	0	0	0	0	0	0	0	369043	0	0	0	0	0	0	0	0	0	0	0	0	0	0	0	0	0	0	0	0	0	0	0	0	0	0	0	0	0	0	0	0	0	0	97120	0	0	0	0	0	0	0	0	0	68850	0	0	0	0	0	0	0	0	0	0	0	0	0	0	0	0	0	0	0	0	0	167447	0	0	0	0	0	0	0	0	0	0	0	0	0	0	0	0	0	0	0
6404	±‰“Ïƒß–´	0	0	0	0	0	0	0	369043	0	0	0	0	0	0	0	0	0	0	0	0	0	0	0	0	0	0	0	0	0	0	0	0	0	0	0	0	0	0	0	0	0	0	97120	0	0	0	0	0	0	0	0	0	68850	0	0	0	0	0	0	0	0	0	0	0	0	0	0	0	0	0	0	0	0	0	167447	0	0	0	0	0	0	0	0	0	0	0	0	0	0	0	0	0	0	0
6405	±‰“Ïƒß–´	0	0	0	0	0	0	0	369043	0	0	0	0	0	0	0	0	0	0	0	0	0	0	0	0	0	0	0	0	0	0	0	0	0	0	0	0	0	0	0	0	0	0	97120	0	0	0	0	0	0	0	0	0	68850	0	0	0	0	0	0	0	0	0	0	0	0	0	0	0	0	0	0	0	0	0	167447	0	0	0	0	0	0	0	0	0	0	0	0	0	0	0	0	0	0	0
6406	±‰“Ïƒß–´	0	0	0	0	0	0	0	369043	0	0	0	0	0	0	0	0	0	0	0	0	0	0	0	0	0	0	0	0	0	0	0	0	0	0	0	0	0	0	0	0	0	0	97120	0	0	0	0	0	0	0	0	0	68850	0	0	0	0	0	0	0	0	0	0	0	0	0	0	0	0	0	0	0	0	0	167447	0	0	0	0	0	0	0	0	0	0	0	0	0	0	0	0	0	0	0
6409	ƒß–´±¶±¶	0	0	0	0	0	0	0	369043	0	0	0	0	0	0	0	0	0	0	0	0	0	0	0	0	0	0	0	0	0	0	0	0	0	0	0	0	0	0	0	0	0	0	97120	0	0	0	0	0	0	0	0	0	68850	0	0	0	0	0	0	0	0	0	0	0	0	0	0	0	0	0	0	0	0	0	167447	0	0	0	0	0	0	0	0	0	0	0	0	0	0	0	0	0	0	0
6410	≥…ƒÍ–°ı¯	0	0	0	0	0	0	0	0	0	0	0	0	0	0	0	0	97120	0	0	0	0	0	0	0	0	0	0	0	0	0	0	0	0	0	43648	0	0	0	0	0	0	0	0	0	0	0	0	0	0	0	0	0	0	43648	0	0	0	0	0	0	0	0	0	0	0	0	369043	0	0	0	0	0	0	0	0	0	0	0	0	0	0	0	0	0	0	0	0	0	0	0	0	0	0	0
6411	±‰“Ï–°ı¯	0	0	0	0	0	0	0	0	0	0	0	0	0	0	0	0	97120	0	0	0	0	0	0	0	0	0	0	0	0	0	0	0	0	0	43648	0	0	0	0	0	0	0	0	0	0	0	0	0	0	0	0	0	0	43648	0	0	0	0	0	0	0	0	0	0	0	0	369043	0	0	0	0	0	0	0	0	0	0	0	0	0	0	0	0	0	0	0	0	0	0	0	0	0	0	0
6412	±‰“Ï–°ı¯	0	0	0	0	0	0	0	0	0	0	0	0	0	0	0	0	97120	0	0	0	0	0	0	0	0	0	0	0	0	0	0	0	0	0	43648	0	0	0	0	0	0	0	0	0	0	0	0	0	0	0	0	0	0	43648	0	0	0	0	0	0	0	0	0	0	0	0	369043	0	0	0	0	0	0	0	0	0	0	0	0	0	0	0	0	0	0	0	0	0	0	0	0	0	0	0
6419	–°ı¯±¶±¶	0	0	0	0	0	0	0	0	0	0	0	0	0	0	0	0	97120	0	0	0	0	0	0	0	0	0	0	0	0	0	0	0	0	0	43648	0	0	0	0	0	0	0	0	0	0	0	0	0	0	0	0	0	0	43648	0	0	0	0	0	0	0	0	0	0	0	0	369043	0	0	0	0	0	0	0	0	0	0	0	0	0	0	0	0	0	0	0	0	0	0	0	0	0	0	0
6420	≥…ƒÍ◊≥ı¯	0	0	0	0	0	0	0	0	0	0	0	0	0	0	0	0	112696	0	0	0	0	0	0	0	0	0	0	0	0	0	0	0	0	0	55912	0	0	0	0	0	0	0	0	0	0	0	0	0	0	0	0	0	0	55912	0	0	0	0	0	0	0	0	0	0	0	0	369043	0	0	0	0	0	0	0	0	0	0	0	0	0	0	0	0	0	0	0	0	0	0	0	0	0	0	0
6421	±‰“Ï◊≥ı¯	0	0	0	0	0	0	0	0	0	0	0	0	0	0	0	0	112696	0	0	0	0	0	0	0	0	0	0	0	0	0	0	0	0	0	55912	0	0	0	0	0	0	0	0	0	0	0	0	0	0	0	0	0	0	55912	0	0	0	0	0	0	0	0	0	0	0	0	369043	0	0	0	0	0	0	0	0	0	0	0	0	0	0	0	0	0	0	0	0	0	0	0	0	0	0	0
6422	±‰“Ï◊≥ı¯	0	0	0	0	0	0	0	0	0	0	0	0	0	0	0	0	112696	0	0	0	0	0	0	0	0	0	0	0	0	0	0	0	0	0	55912	0	0	0	0	0	0	0	0	0	0	0	0	0	0	0	0	0	0	55912	0	0	0	0	0	0	0	0	0	0	0	0	369043	0	0	0	0	0	0	0	0	0	0	0	0	0	0	0	0	0	0	0	0	0	0	0	0	0	0	0
6423	±‰“Ï◊≥ı¯	0	0	0	0	0	0	0	0	0	0	0	0	0	0	0	0	112696	0	0	0	0	0	0	0	0	0	0	0	0	0	0	0	0	0	55912	0	0	0	0	0	0	0	0	0	0	0	0	0	0	0	0	0	0	55912	0	0	0	0	0	0	0	0	0	0	0	0	369043	0	0	0	0	0	0	0	0	0	0	0	0	0	0	0	0	0	0	0	0	0	0	0	0	0	0	0
6429	◊≥ı¯±¶±¶	0	0	0	0	0	0	0	0	0	0	0	0	0	0	0	0	112696	0	0	0	0	0	0	0	0	0	0	0	0	0	0	0	0	0	55912	0	0	0	0	0	0	0	0	0	0	0	0	0	0	0	0	0	0	55912	0	0	0	0	0	0	0	0	0	0	0	0	369043	0	0	0	0	0	0	0	0	0	0	0	0	0	0	0	0	0	0	0	0	0	0	0	0	0	0	0
6430	≥…ƒÍ’‰ı¯	0	0	0	0	0	0	0	0	0	0	0	0	0	0	0	0	129449	0	0	0	0	0	0	0	0	0	0	0	0	0	0	0	0	0	68850	0	0	0	0	0	0	0	0	0	0	0	0	0	0	0	0	0	0	68850	0	0	0	0	0	0	0	0	0	0	0	0	369043	0	0	0	0	0	0	0	0	0	0	0	0	0	0	0	0	0	0	0	0	0	0	0	0	0	0	0
6431	±‰“Ï’‰ı¯	0	0	0	0	0	0	0	0	0	0	0	0	0	0	0	0	129449	0	0	0	0	0	0	0	0	0	0	0	0	0	0	0	0	0	68850	0	0	0	0	0	0	0	0	0	0	0	0	0	0	0	0	0	0	68850	0	0	0	0	0	0	0	0	0	0	0	0	369043	0	0	0	0	0	0	0	0	0	0	0	0	0	0	0	0	0	0	0	0	0	0	0	0	0	0	0
6432	±‰“Ï’‰ı¯	0	0	0	0	0	0	0	0	0	0	0	0	0	0	0	0	129449	0	0	0	0	0	0	0	0	0	0	0	0	0	0	0	0	0	68850	0	0	0	0	0	0	0	0	0	0	0	0	0	0	0	0	0	0	68850	0	0	0	0	0	0	0	0	0	0	0	0	369043	0	0	0	0	0	0	0	0	0	0	0	0	0	0	0	0	0	0	0	0	0	0	0	0	0	0	0
6433	±‰“Ï’‰ı¯	0	0	0	0	0	0	0	0	0	0	0	0	0	0	0	0	129449	0	0	0	0	0	0	0	0	0	0	0	0	0	0	0	0	0	68850	0	0	0	0	0	0	0	0	0	0	0	0	0	0	0	0	0	0	68850	0	0	0	0	0	0	0	0	0	0	0	0	369043	0	0	0	0	0	0	0	0	0	0	0	0	0	0	0	0	0	0	0	0	0	0	0	0	0	0	0
6434	±‰“Ï’‰ı¯	0	0	0	0	0	0	0	0	0	0	0	0	0	0	0	0	129449	0	0	0	0	0	0	0	0	0	0	0	0	0	0	0	0	0	68850	0	0	0	0	0	0	0	0	0	0	0	0	0	0	0	0	0	0	68850	0	0	0	0	0	0	0	0	0	0	0	0	369043	0	0	0	0	0	0	0	0	0	0	0	0	0	0	0	0	0	0	0	0	0	0	0	0	0	0	0
6439	’‰ı¯±¶±¶	0	0	0	0	0	0	0	0	0	0	0	0	0	0	0	0	129449	0	0	0	0	0	0	0	0	0	0	0	0	0	0	0	0	0	68850	0	0	0	0	0	0	0	0	0	0	0	0	0	0	0	0	0	0	68850	0	0	0	0	0	0	0	0	0	0	0	0	369043	0	0	0	0	0	0	0	0	0	0	0	0	0	0	0	0	0	0	0	0	0	0	0	0	0	0	0
6440	≥…ƒÍ •ı¯	0	0	0	0	0	0	0	0	0	0	0	0	0	0	0	0	147602	0	0	0	0	0	0	0	0	0	0	0	0	0	0	0	0	0	82549	0	0	0	0	0	0	0	0	0	0	0	0	0	0	0	0	0	0	82549	0	0	0	0	0	0	0	0	0	0	0	0	369043	0	0	0	0	0	0	0	0	0	0	0	0	0	0	0	0	0	0	0	0	0	0	0	0	0	0	0
6441	±‰“Ï •ı¯	0	0	0	0	0	0	0	0	0	0	0	0	0	0	0	0	147602	0	0	0	0	0	0	0	0	0	0	0	0	0	0	0	0	0	82549	0	0	0	0	0	0	0	0	0	0	0	0	0	0	0	0	0	0	82549	0	0	0	0	0	0	0	0	0	0	0	0	369043	0	0	0	0	0	0	0	0	0	0	0	0	0	0	0	0	0	0	0	0	0	0	0	0	0	0	0
6442	±‰“Ï •ı¯	0	0	0	0	0	0	0	0	0	0	0	0	0	0	0	0	147602	0	0	0	0	0	0	0	0	0	0	0	0	0	0	0	0	0	82549	0	0	0	0	0	0	0	0	0	0	0	0	0	0	0	0	0	0	82549	0	0	0	0	0	0	0	0	0	0	0	0	369043	0	0	0	0	0	0	0	0	0	0	0	0	0	0	0	0	0	0	0	0	0	0	0	0	0	0	0
6443	±‰“Ï •ı¯	0	0	0	0	0	0	0	0	0	0	0	0	0	0	0	0	147602	0	0	0	0	0	0	0	0	0	0	0	0	0	0	0	0	0	82549	0	0	0	0	0	0	0	0	0	0	0	0	0	0	0	0	0	0	82549	0	0	0	0	0	0	0	0	0	0	0	0	369043	0	0	0	0	0	0	0	0	0	0	0	0	0	0	0	0	0	0	0	0	0	0	0	0	0	0	0
6444	±‰“Ï •ı¯	0	0	0	0	0	0	0	0	0	0	0	0	0	0	0	0	147602	0	0	0	0	0	0	0	0	0	0	0	0	0	0	0	0	0	82549	0	0	0	0	0	0	0	0	0	0	0	0	0	0	0	0	0	0	82549	0	0	0	0	0	0	0	0	0	0	0	0	369043	0	0	0	0	0	0	0	0	0	0	0	0	0	0	0	0	0	0	0	0	0	0	0	0	0	0	0
6445	±‰“Ï •ı¯	0	0	0	0	0	0	0	0	0	0	0	0	0	0	0	0	147602	0	0	0	0	0	0	0	0	0	0	0	0	0	0	0	0	0	82549	0	0	0	0	0	0	0	0	0	0	0	0	0	0	0	0	0	0	82549	0	0	0	0	0	0	0	0	0	0	0	0	369043	0	0	0	0	0	0	0	0	0	0	0	0	0	0	0	0	0	0	0	0	0	0	0	0	0	0	0
6449	 •ı¯±¶±¶	0	0	0	0	0	0	0	0	0	0	0	0	0	0	0	0	147602	0	0	0	0	0	0	0	0	0	0	0	0	0	0	0	0	0	82549	0	0	0	0	0	0	0	0	0	0	0	0	0	0	0	0	0	0	82549	0	0	0	0	0	0	0	0	0	0	0	0	369043	0	0	0	0	0	0	0	0	0	0	0	0	0	0	0	0	0	0	0	0	0	0	0	0	0	0	0
6450	≥…ƒÍ…Òı¯	0	0	0	0	0	0	0	0	0	0	0	0	0	0	0	0	167447	0	0	0	0	0	0	0	0	0	0	0	0	0	0	0	0	0	97120	0	0	0	0	0	0	0	0	0	0	0	0	0	0	0	0	0	0	97120	0	0	0	0	0	0	0	0	0	0	0	0	369043	0	0	0	0	0	0	0	0	0	0	0	0	0	0	0	0	0	0	0	0	0	0	0	0	0	0	0
6451	±‰“Ï…Òı¯	0	0	0	0	0	0	0	0	0	0	0	0	0	0	0	0	167447	0	0	0	0	0	0	0	0	0	0	0	0	0	0	0	0	0	97120	0	0	0	0	0	0	0	0	0	0	0	0	0	0	0	0	0	0	97120	0	0	0	0	0	0	0	0	0	0	0	0	369043	0	0	0	0	0	0	0	0	0	0	0	0	0	0	0	0	0	0	0	0	0	0	0	0	0	0	0
6452	±‰“Ï…Òı¯	0	0	0	0	0	0	0	0	0	0	0	0	0	0	0	0	167447	0	0	0	0	0	0	0	0	0	0	0	0	0	0	0	0	0	97120	0	0	0	0	0	0	0	0	0	0	0	0	0	0	0	0	0	0	97120	0	0	0	0	0	0	0	0	0	0	0	0	369043	0	0	0	0	0	0	0	0	0	0	0	0	0	0	0	0	0	0	0	0	0	0	0	0	0	0	0
6453	±‰“Ï…Òı¯	0	0	0	0	0	0	0	0	0	0	0	0	0	0	0	0	167447	0	0	0	0	0	0	0	0	0	0	0	0	0	0	0	0	0	97120	0	0	0	0	0	0	0	0	0	0	0	0	0	0	0	0	0	0	97120	0	0	0	0	0	0	0	0	0	0	0	0	369043	0	0	0	0	0	0	0	0	0	0	0	0	0	0	0	0	0	0	0	0	0	0	0	0	0	0	0
6454	±‰“Ï…Òı¯	0	0	0	0	0	0	0	0	0	0	0	0	0	0	0	0	167447	0	0	0	0	0	0	0	0	0	0	0	0	0	0	0	0	0	97120	0	0	0	0	0	0	0	0	0	0	0	0	0	0	0	0	0	0	97120	0	0	0	0	0	0	0	0	0	0	0	0	369043	0	0	0	0	0	0	0	0	0	0	0	0	0	0	0	0	0	0	0	0	0	0	0	0	0	0	0
6455	±‰“Ï…Òı¯	0	0	0	0	0	0	0	0	0	0	0	0	0	0	0	0	167447	0	0	0	0	0	0	0	0	0	0	0	0	0	0	0	0	0	97120	0	0	0	0	0	0	0	0	0	0	0	0	0	0	0	0	0	0	97120	0	0	0	0	0	0	0	0	0	0	0	0	369043	0	0	0	0	0	0	0	0	0	0	0	0	0	0	0	0	0	0	0	0	0	0	0	0	0	0	0
6456	±‰“Ï…Òı¯	0	0	0	0	0	0	0	0	0	0	0	0	0	0	0	0	167447	0	0	0	0	0	0	0	0	0	0	0	0	0	0	0	0	0	97120	0	0	0	0	0	0	0	0	0	0	0	0	0	0	0	0	0	0	97120	0	0	0	0	0	0	0	0	0	0	0	0	369043	0	0	0	0	0	0	0	0	0	0	0	0	0	0	0	0	0	0	0	0	0	0	0	0	0	0	0
6459	…Òı¯±¶±¶	0	0	0	0	0	0	0	0	0	0	0	0	0	0	0	0	167447	0	0	0	0	0	0	0	0	0	0	0	0	0	0	0	0	0	97120	0	0	0	0	0	0	0	0	0	0	0	0	0	0	0	0	0	0	97120	0	0	0	0	0	0	0	0	0	0	0	0	369043	0	0	0	0	0	0	0	0	0	0	0	0	0	0	0	0	0	0	0	0	0	0	0	0	0	0	0
6460	≥…ƒÍº◊≥Ê	0	0	0	0	0	0	0	0	0	0	0	0	0	0	0	0	0	0	0	0	0	0	0	0	0	0	0	0	0	0	0	0	0	0	0	0	43648	0	0	0	0	0	0	0	0	0	0	0	0	0	0	0	0	0	369043	0	0	0	97120	0	0	0	0	0	0	0	0	0	0	0	43648	0	0	0	0	0	0	0	0	0	0	0	0	0	0	0	0	0	0	0	0	0	0	0
6461	±‰“Ïº◊≥Ê	0	0	0	0	0	0	0	0	0	0	0	0	0	0	0	0	0	0	0	0	0	0	0	0	0	0	0	0	0	0	0	0	0	0	0	0	43648	0	0	0	0	0	0	0	0	0	0	0	0	0	0	0	0	0	369043	0	0	0	97120	0	0	0	0	0	0	0	0	0	0	0	43648	0	0	0	0	0	0	0	0	0	0	0	0	0	0	0	0	0	0	0	0	0	0	0
6462	±‰“Ïº◊≥Ê	0	0	0	0	0	0	0	0	0	0	0	0	0	0	0	0	0	0	0	0	0	0	0	0	0	0	0	0	0	0	0	0	0	0	0	0	43648	0	0	0	0	0	0	0	0	0	0	0	0	0	0	0	0	0	369043	0	0	0	97120	0	0	0	0	0	0	0	0	0	0	0	43648	0	0	0	0	0	0	0	0	0	0	0	0	0	0	0	0	0	0	0	0	0	0	0
6469	º◊≥Ê±¶±¶	0	0	0	0	0	0	0	0	0	0	0	0	0	0	0	0	0	0	0	0	0	0	0	0	0	0	0	0	0	0	0	0	0	0	0	0	43648	0	0	0	0	0	0	0	0	0	0	0	0	0	0	0	0	0	369043	0	0	0	97120	0	0	0	0	0	0	0	0	0	0	0	43648	0	0	0	0	0	0	0	0	0	0	0	0	0	0	0	0	0	0	0	0	0	0	0
6470	≥…ƒÍ«øº◊≥Ê	0	0	0	0	0	0	0	0	0	0	0	0	0	0	0	0	0	0	0	0	0	0	0	0	0	0	0	0	0	0	0	0	0	0	0	0	55912	0	0	0	0	0	0	0	0	0	0	0	0	0	0	0	0	0	369043	0	0	0	112696	0	0	0	0	0	0	0	0	0	0	0	55912	0	0	0	0	0	0	0	0	0	0	0	0	0	0	0	0	0	0	0	0	0	0	0
6471	±‰“Ï«øº◊≥Ê	0	0	0	0	0	0	0	0	0	0	0	0	0	0	0	0	0	0	0	0	0	0	0	0	0	0	0	0	0	0	0	0	0	0	0	0	55912	0	0	0	0	0	0	0	0	0	0	0	0	0	0	0	0	0	369043	0	0	0	112696	0	0	0	0	0	0	0	0	0	0	0	55912	0	0	0	0	0	0	0	0	0	0	0	0	0	0	0	0	0	0	0	0	0	0	0
6472	±‰“Ï«øº◊≥Ê	0	0	0	0	0	0	0	0	0	0	0	0	0	0	0	0	0	0	0	0	0	0	0	0	0	0	0	0	0	0	0	0	0	0	0	0	55912	0	0	0	0	0	0	0	0	0	0	0	0	0	0	0	0	0	369043	0	0	0	112696	0	0	0	0	0	0	0	0	0	0	0	55912	0	0	0	0	0	0	0	0	0	0	0	0	0	0	0	0	0	0	0	0	0	0	0
6473	±‰“Ï«øº◊≥Ê	0	0	0	0	0	0	0	0	0	0	0	0	0	0	0	0	0	0	0	0	0	0	0	0	0	0	0	0	0	0	0	0	0	0	0	0	55912	0	0	0	0	0	0	0	0	0	0	0	0	0	0	0	0	0	369043	0	0	0	112696	0	0	0	0	0	0	0	0	0	0	0	55912	0	0	0	0	0	0	0	0	0	0	0	0	0	0	0	0	0	0	0	0	0	0	0
6479	«øº◊≥Ê±¶±¶	0	0	0	0	0	0	0	0	0	0	0	0	0	0	0	0	0	0	0	0	0	0	0	0	0	0	0	0	0	0	0	0	0	0	0	0	55912	0	0	0	0	0	0	0	0	0	0	0	0	0	0	0	0	0	369043	0	0	0	112696	0	0	0	0	0	0	0	0	0	0	0	55912	0	0	0	0	0	0	0	0	0	0	0	0	0	0	0	0	0	0	0	0	0	0	0
6480	≥…ƒÍ’‰º◊≥Ê	0	0	0	0	0	0	0	0	0	0	0	0	0	0	0	0	0	0	0	0	0	0	0	0	0	0	0	0	0	0	0	0	0	0	0	0	68850	0	0	0	0	0	0	0	0	0	0	0	0	0	0	0	0	0	369043	0	0	0	129449	0	0	0	0	0	0	0	0	0	0	0	68850	0	0	0	0	0	0	0	0	0	0	0	0	0	0	0	0	0	0	0	0	0	0	0
6481	±‰“Ï’‰º◊≥Ê	0	0	0	0	0	0	0	0	0	0	0	0	0	0	0	0	0	0	0	0	0	0	0	0	0	0	0	0	0	0	0	0	0	0	0	0	68850	0	0	0	0	0	0	0	0	0	0	0	0	0	0	0	0	0	369043	0	0	0	129449	0	0	0	0	0	0	0	0	0	0	0	68850	0	0	0	0	0	0	0	0	0	0	0	0	0	0	0	0	0	0	0	0	0	0	0
6482	±‰“Ï’‰º◊≥Ê	0	0	0	0	0	0	0	0	0	0	0	0	0	0	0	0	0	0	0	0	0	0	0	0	0	0	0	0	0	0	0	0	0	0	0	0	68850	0	0	0	0	0	0	0	0	0	0	0	0	0	0	0	0	0	369043	0	0	0	129449	0	0	0	0	0	0	0	0	0	0	0	68850	0	0	0	0	0	0	0	0	0	0	0	0	0	0	0	0	0	0	0	0	0	0	0
6483	±‰“Ï’‰º◊≥Ê	0	0	0	0	0	0	0	0	0	0	0	0	0	0	0	0	0	0	0	0	0	0	0	0	0	0	0	0	0	0	0	0	0	0	0	0	68850	0	0	0	0	0	0	0	0	0	0	0	0	0	0	0	0	0	369043	0	0	0	129449	0	0	0	0	0	0	0	0	0	0	0	68850	0	0	0	0	0	0	0	0	0	0	0	0	0	0	0	0	0	0	0	0	0	0	0
6484	±‰“Ï’‰º◊≥Ê	0	0	0	0	0	0	0	0	0	0	0	0	0	0	0	0	0	0	0	0	0	0	0	0	0	0	0	0	0	0	0	0	0	0	0	0	68850	0	0	0	0	0	0	0	0	0	0	0	0	0	0	0	0	0	369043	0	0	0	129449	0	0	0	0	0	0	0	0	0	0	0	68850	0	0	0	0	0	0	0	0	0	0	0	0	0	0	0	0	0	0	0	0	0	0	0
6489	’‰º◊≥Ê±¶±¶	0	0	0	0	0	0	0	0	0	0	0	0	0	0	0	0	0	0	0	0	0	0	0	0	0	0	0	0	0	0	0	0	0	0	0	0	68850	0	0	0	0	0	0	0	0	0	0	0	0	0	0	0	0	0	369043	0	0	0	129449	0	0	0	0	0	0	0	0	0	0	0	68850	0	0	0	0	0	0	0	0	0	0	0	0	0	0	0	0	0	0	0	0	0	0	0
6490	≥…ƒÍ •º◊≥Ê	0	0	0	0	0	0	0	0	0	0	0	0	0	0	0	0	0	0	0	0	0	0	0	0	0	0	0	0	0	0	0	0	0	0	0	0	82549	0	0	0	0	0	0	0	0	0	0	0	0	0	0	0	0	0	369043	0	0	0	147602	0	0	0	0	0	0	0	0	0	0	0	82549	0	0	0	0	0	0	0	0	0	0	0	0	0	0	0	0	0	0	0	0	0	0	0
6491	±‰“Ï •º◊≥Ê	0	0	0	0	0	0	0	0	0	0	0	0	0	0	0	0	0	0	0	0	0	0	0	0	0	0	0	0	0	0	0	0	0	0	0	0	82549	0	0	0	0	0	0	0	0	0	0	0	0	0	0	0	0	0	369043	0	0	0	147602	0	0	0	0	0	0	0	0	0	0	0	82549	0	0	0	0	0	0	0	0	0	0	0	0	0	0	0	0	0	0	0	0	0	0	0
6492	±‰“Ï •º◊≥Ê	0	0	0	0	0	0	0	0	0	0	0	0	0	0	0	0	0	0	0	0	0	0	0	0	0	0	0	0	0	0	0	0	0	0	0	0	82549	0	0	0	0	0	0	0	0	0	0	0	0	0	0	0	0	0	369043	0	0	0	147602	0	0	0	0	0	0	0	0	0	0	0	82549	0	0	0	0	0	0	0	0	0	0	0	0	0	0	0	0	0	0	0	0	0	0	0
6493	±‰“Ï •º◊≥Ê	0	0	0	0	0	0	0	0	0	0	0	0	0	0	0	0	0	0	0	0	0	0	0	0	0	0	0	0	0	0	0	0	0	0	0	0	82549	0	0	0	0	0	0	0	0	0	0	0	0	0	0	0	0	0	369043	0	0	0	147602	0	0	0	0	0	0	0	0	0	0	0	82549	0	0	0	0	0	0	0	0	0	0	0	0	0	0	0	0	0	0	0	0	0	0	0
6494	±‰“Ï •º◊≥Ê	0	0	0	0	0	0	0	0	0	0	0	0	0	0	0	0	0	0	0	0	0	0	0	0	0	0	0	0	0	0	0	0	0	0	0	0	82549	0	0	0	0	0	0	0	0	0	0	0	0	0	0	0	0	0	369043	0	0	0	147602	0	0	0	0	0	0	0	0	0	0	0	82549	0	0	0	0	0	0	0	0	0	0	0	0	0	0	0	0	0	0	0	0	0	0	0
6495	±‰“Ï •º◊≥Ê	0	0	0	0	0	0	0	0	0	0	0	0	0	0	0	0	0	0	0	0	0	0	0	0	0	0	0	0	0	0	0	0	0	0	0	0	82549	0	0	0	0	0	0	0	0	0	0	0	0	0	0	0	0	0	369043	0	0	0	147602	0	0	0	0	0	0	0	0	0	0	0	82549	0	0	0	0	0	0	0	0	0	0	0	0	0	0	0	0	0	0	0	0	0	0	0
6499	 •º◊≥Ê±¶±¶	0	0	0	0	0	0	0	0	0	0	0	0	0	0	0	0	0	0	0	0	0	0	0	0	0	0	0	0	0	0	0	0	0	0	0	0	82549	0	0	0	0	0	0	0	0	0	0	0	0	0	0	0	0	0	369043	0	0	0	147602	0	0	0	0	0	0	0	0	0	0	0	82549	0	0	0	0	0	0	0	0	0	0	0	0	0	0	0	0	0	0	0	0	0	0	0
6500	≥…ƒÍ…Òº◊≥Ê	0	0	0	0	0	0	0	0	0	0	0	0	0	0	0	0	0	0	0	0	0	0	0	0	0	0	0	0	0	0	0	0	0	0	0	0	97120	0	0	0	0	0	0	0	0	0	0	0	0	0	0	0	0	0	369043	0	0	0	167447	0	0	0	0	0	0	0	0	0	0	0	97120	0	0	0	0	0	0	0	0	0	0	0	0	0	0	0	0	0	0	0	0	0	0	0
6501	±‰“Ï…Òº◊≥Ê	0	0	0	0	0	0	0	0	0	0	0	0	0	0	0	0	0	0	0	0	0	0	0	0	0	0	0	0	0	0	0	0	0	0	0	0	97120	0	0	0	0	0	0	0	0	0	0	0	0	0	0	0	0	0	369043	0	0	0	167447	0	0	0	0	0	0	0	0	0	0	0	97120	0	0	0	0	0	0	0	0	0	0	0	0	0	0	0	0	0	0	0	0	0	0	0
6502	±‰“Ï…Òº◊≥Ê	0	0	0	0	0	0	0	0	0	0	0	0	0	0	0	0	0	0	0	0	0	0	0	0	0	0	0	0	0	0	0	0	0	0	0	0	97120	0	0	0	0	0	0	0	0	0	0	0	0	0	0	0	0	0	369043	0	0	0	167447	0	0	0	0	0	0	0	0	0	0	0	97120	0	0	0	0	0	0	0	0	0	0	0	0	0	0	0	0	0	0	0	0	0	0	0
6503	±‰“Ï…Òº◊≥Ê	0	0	0	0	0	0	0	0	0	0	0	0	0	0	0	0	0	0	0	0	0	0	0	0	0	0	0	0	0	0	0	0	0	0	0	0	97120	0	0	0	0	0	0	0	0	0	0	0	0	0	0	0	0	0	369043	0	0	0	167447	0	0	0	0	0	0	0	0	0	0	0	97120	0	0	0	0	0	0	0	0	0	0	0	0	0	0	0	0	0	0	0	0	0	0	0
6504	±‰“Ï…Òº◊≥Ê	0	0	0	0	0	0	0	0	0	0	0	0	0	0	0	0	0	0	0	0	0	0	0	0	0	0	0	0	0	0	0	0	0	0	0	0	97120	0	0	0	0	0	0	0	0	0	0	0	0	0	0	0	0	0	369043	0	0	0	167447	0	0	0	0	0	0	0	0	0	0	0	97120	0	0	0	0	0	0	0	0	0	0	0	0	0	0	0	0	0	0	0	0	0	0	0
6505	±‰“Ï…Òº◊≥Ê	0	0	0	0	0	0	0	0	0	0	0	0	0	0	0	0	0	0	0	0	0	0	0	0	0	0	0	0	0	0	0	0	0	0	0	0	97120	0	0	0	0	0	0	0	0	0	0	0	0	0	0	0	0	0	369043	0	0	0	167447	0	0	0	0	0	0	0	0	0	0	0	97120	0	0	0	0	0	0	0	0	0	0	0	0	0	0	0	0	0	0	0	0	0	0	0
6506	±‰“Ï…Òº◊≥Ê	0	0	0	0	0	0	0	0	0	0	0	0	0	0	0	0	0	0	0	0	0	0	0	0	0	0	0	0	0	0	0	0	0	0	0	0	97120	0	0	0	0	0	0	0	0	0	0	0	0	0	0	0	0	0	369043	0	0	0	167447	0	0	0	0	0	0	0	0	0	0	0	97120	0	0	0	0	0	0	0	0	0	0	0	0	0	0	0	0	0	0	0	0	0	0	0
6509	…Òº◊≥Ê±¶±¶	0	0	0	0	0	0	0	0	0	0	0	0	0	0	0	0	0	0	0	0	0	0	0	0	0	0	0	0	0	0	0	0	0	0	0	0	97120	0	0	0	0	0	0	0	0	0	0	0	0	0	0	0	0	0	369043	0	0	0	167447	0	0	0	0	0	0	0	0	0	0	0	97120	0	0	0	0	0	0	0	0	0	0	0	0	0	0	0	0	0	0	0	0	0	0	0
6510	≥…ƒÍµ±ÏË	0	0	0	0	0	0	0	0	0	0	0	0	0	0	0	0	0	0	0	0	0	0	0	0	0	0	0	0	0	0	0	0	0	0	0	0	0	0	0	0	0	0	0	0	0	0	0	0	0	0	0	0	0	0	0	0	0	0	0	0	0	0	0	0	0	0	0	0	68850	0	0	0	0	0	369043	0	43648	0	0	0	0	0	0	0	0	43648	0	0	0	0	0	0	0	0
6511	±‰“Ïµ±ÏË	0	0	0	0	0	0	0	0	0	0	0	0	0	0	0	0	0	0	0	0	0	0	0	0	0	0	0	0	0	0	0	0	0	0	0	0	0	0	0	0	0	0	0	0	0	0	0	0	0	0	0	0	0	0	0	0	0	0	0	0	0	0	0	0	0	0	0	0	68850	0	0	0	0	0	369043	0	43648	0	0	0	0	0	0	0	0	43648	0	0	0	0	0	0	0	0
6512	±‰“Ïµ±ÏË	0	0	0	0	0	0	0	0	0	0	0	0	0	0	0	0	0	0	0	0	0	0	0	0	0	0	0	0	0	0	0	0	0	0	0	0	0	0	0	0	0	0	0	0	0	0	0	0	0	0	0	0	0	0	0	0	0	0	0	0	0	0	0	0	0	0	0	0	68850	0	0	0	0	0	369043	0	43648	0	0	0	0	0	0	0	0	43648	0	0	0	0	0	0	0	0
6519	µ±ÏË±¶±¶	0	0	0	0	0	0	0	0	0	0	0	0	0	0	0	0	0	0	0	0	0	0	0	0	0	0	0	0	0	0	0	0	0	0	0	0	0	0	0	0	0	0	0	0	0	0	0	0	0	0	0	0	0	0	0	0	0	0	0	0	0	0	0	0	0	0	0	0	68850	0	0	0	0	0	369043	0	43648	0	0	0	0	0	0	0	0	43648	0	0	0	0	0	0	0	0
6520	≥…ƒÍ¡Èµ±ÏË	0	0	0	0	0	0	0	0	0	0	0	0	0	0	0	0	0	0	0	0	0	0	0	0	0	0	0	0	0	0	0	0	0	0	0	0	0	0	0	0	0	0	0	0	0	0	0	0	0	0	0	0	0	0	0	0	0	0	0	0	0	0	0	0	0	0	0	0	82549	0	0	0	0	0	369043	0	55912	0	0	0	0	0	0	0	0	55912	0	0	0	0	0	0	0	0
6521	±‰“Ï¡Èµ±ÏË	0	0	0	0	0	0	0	0	0	0	0	0	0	0	0	0	0	0	0	0	0	0	0	0	0	0	0	0	0	0	0	0	0	0	0	0	0	0	0	0	0	0	0	0	0	0	0	0	0	0	0	0	0	0	0	0	0	0	0	0	0	0	0	0	0	0	0	0	82549	0	0	0	0	0	369043	0	55912	0	0	0	0	0	0	0	0	55912	0	0	0	0	0	0	0	0
6522	±‰“Ï¡Èµ±ÏË	0	0	0	0	0	0	0	0	0	0	0	0	0	0	0	0	0	0	0	0	0	0	0	0	0	0	0	0	0	0	0	0	0	0	0	0	0	0	0	0	0	0	0	0	0	0	0	0	0	0	0	0	0	0	0	0	0	0	0	0	0	0	0	0	0	0	0	0	82549	0	0	0	0	0	369043	0	55912	0	0	0	0	0	0	0	0	55912	0	0	0	0	0	0	0	0
6523	±‰“Ï¡Èµ±ÏË	0	0	0	0	0	0	0	0	0	0	0	0	0	0	0	0	0	0	0	0	0	0	0	0	0	0	0	0	0	0	0	0	0	0	0	0	0	0	0	0	0	0	0	0	0	0	0	0	0	0	0	0	0	0	0	0	0	0	0	0	0	0	0	0	0	0	0	0	82549	0	0	0	0	0	369043	0	55912	0	0	0	0	0	0	0	0	55912	0	0	0	0	0	0	0	0
6529	¡Èµ±ÏË±¶±¶	0	0	0	0	0	0	0	0	0	0	0	0	0	0	0	0	0	0	0	0	0	0	0	0	0	0	0	0	0	0	0	0	0	0	0	0	0	0	0	0	0	0	0	0	0	0	0	0	0	0	0	0	0	0	0	0	0	0	0	0	0	0	0	0	0	0	0	0	82549	0	0	0	0	0	369043	0	55912	0	0	0	0	0	0	0	0	55912	0	0	0	0	0	0	0	0
6530	≥…ƒÍ’‰µ±ÏË	0	0	0	0	0	0	0	0	0	0	0	0	0	0	0	0	0	0	0	0	0	0	0	0	0	0	0	0	0	0	0	0	0	0	0	0	0	0	0	0	0	0	0	0	0	0	0	0	0	0	0	0	0	0	0	0	0	0	0	0	0	0	0	0	0	0	0	0	97120	0	0	0	0	0	369043	0	68850	0	0	0	0	0	0	0	0	68850	0	0	0	0	0	0	0	0
6531	±‰“Ï’‰µ±ÏË	0	0	0	0	0	0	0	0	0	0	0	0	0	0	0	0	0	0	0	0	0	0	0	0	0	0	0	0	0	0	0	0	0	0	0	0	0	0	0	0	0	0	0	0	0	0	0	0	0	0	0	0	0	0	0	0	0	0	0	0	0	0	0	0	0	0	0	0	97120	0	0	0	0	0	369043	0	68850	0	0	0	0	0	0	0	0	68850	0	0	0	0	0	0	0	0
6532	±‰“Ï’‰µ±ÏË	0	0	0	0	0	0	0	0	0	0	0	0	0	0	0	0	0	0	0	0	0	0	0	0	0	0	0	0	0	0	0	0	0	0	0	0	0	0	0	0	0	0	0	0	0	0	0	0	0	0	0	0	0	0	0	0	0	0	0	0	0	0	0	0	0	0	0	0	97120	0	0	0	0	0	369043	0	68850	0	0	0	0	0	0	0	0	68850	0	0	0	0	0	0	0	0
6533	±‰“Ï’‰µ±ÏË	0	0	0	0	0	0	0	0	0	0	0	0	0	0	0	0	0	0	0	0	0	0	0	0	0	0	0	0	0	0	0	0	0	0	0	0	0	0	0	0	0	0	0	0	0	0	0	0	0	0	0	0	0	0	0	0	0	0	0	0	0	0	0	0	0	0	0	0	97120	0	0	0	0	0	369043	0	68850	0	0	0	0	0	0	0	0	68850	0	0	0	0	0	0	0	0
6534	±‰“Ï’‰µ±ÏË	0	0	0	0	0	0	0	0	0	0	0	0	0	0	0	0	0	0	0	0	0	0	0	0	0	0	0	0	0	0	0	0	0	0	0	0	0	0	0	0	0	0	0	0	0	0	0	0	0	0	0	0	0	0	0	0	0	0	0	0	0	0	0	0	0	0	0	0	97120	0	0	0	0	0	369043	0	68850	0	0	0	0	0	0	0	0	68850	0	0	0	0	0	0	0	0
6539	’‰µ±ÏË±¶±¶	0	0	0	0	0	0	0	0	0	0	0	0	0	0	0	0	0	0	0	0	0	0	0	0	0	0	0	0	0	0	0	0	0	0	0	0	0	0	0	0	0	0	0	0	0	0	0	0	0	0	0	0	0	0	0	0	0	0	0	0	0	0	0	0	0	0	0	0	97120	0	0	0	0	0	369043	0	68850	0	0	0	0	0	0	0	0	68850	0	0	0	0	0	0	0	0
6540	≥…ƒÍ •µ±ÏË	0	0	0	0	0	0	0	0	0	0	0	0	0	0	0	0	0	0	0	0	0	0	0	0	0	0	0	0	0	0	0	0	0	0	0	0	0	0	0	0	0	0	0	0	0	0	0	0	0	0	0	0	0	0	0	0	0	0	0	0	0	0	0	0	0	0	0	0	112696	0	0	0	0	0	369043	0	82549	0	0	0	0	0	0	0	0	82549	0	0	0	0	0	0	0	0
6541	±‰“Ï •µ±ÏË	0	0	0	0	0	0	0	0	0	0	0	0	0	0	0	0	0	0	0	0	0	0	0	0	0	0	0	0	0	0	0	0	0	0	0	0	0	0	0	0	0	0	0	0	0	0	0	0	0	0	0	0	0	0	0	0	0	0	0	0	0	0	0	0	0	0	0	0	112696	0	0	0	0	0	369043	0	82549	0	0	0	0	0	0	0	0	82549	0	0	0	0	0	0	0	0
6542	±‰“Ï •µ±ÏË	0	0	0	0	0	0	0	0	0	0	0	0	0	0	0	0	0	0	0	0	0	0	0	0	0	0	0	0	0	0	0	0	0	0	0	0	0	0	0	0	0	0	0	0	0	0	0	0	0	0	0	0	0	0	0	0	0	0	0	0	0	0	0	0	0	0	0	0	112696	0	0	0	0	0	369043	0	82549	0	0	0	0	0	0	0	0	82549	0	0	0	0	0	0	0	0
6543	±‰“Ï •µ±ÏË	0	0	0	0	0	0	0	0	0	0	0	0	0	0	0	0	0	0	0	0	0	0	0	0	0	0	0	0	0	0	0	0	0	0	0	0	0	0	0	0	0	0	0	0	0	0	0	0	0	0	0	0	0	0	0	0	0	0	0	0	0	0	0	0	0	0	0	0	112696	0	0	0	0	0	369043	0	82549	0	0	0	0	0	0	0	0	82549	0	0	0	0	0	0	0	0
6544	±‰“Ï •µ±ÏË	0	0	0	0	0	0	0	0	0	0	0	0	0	0	0	0	0	0	0	0	0	0	0	0	0	0	0	0	0	0	0	0	0	0	0	0	0	0	0	0	0	0	0	0	0	0	0	0	0	0	0	0	0	0	0	0	0	0	0	0	0	0	0	0	0	0	0	0	112696	0	0	0	0	0	369043	0	82549	0	0	0	0	0	0	0	0	82549	0	0	0	0	0	0	0	0
6545	±‰“Ï •µ±ÏË	0	0	0	0	0	0	0	0	0	0	0	0	0	0	0	0	0	0	0	0	0	0	0	0	0	0	0	0	0	0	0	0	0	0	0	0	0	0	0	0	0	0	0	0	0	0	0	0	0	0	0	0	0	0	0	0	0	0	0	0	0	0	0	0	0	0	0	0	112696	0	0	0	0	0	369043	0	82549	0	0	0	0	0	0	0	0	82549	0	0	0	0	0	0	0	0
6549	 •µ±ÏË±¶±¶	0	0	0	0	0	0	0	0	0	0	0	0	0	0	0	0	0	0	0	0	0	0	0	0	0	0	0	0	0	0	0	0	0	0	0	0	0	0	0	0	0	0	0	0	0	0	0	0	0	0	0	0	0	0	0	0	0	0	0	0	0	0	0	0	0	0	0	0	112696	0	0	0	0	0	369043	0	82549	0	0	0	0	0	0	0	0	82549	0	0	0	0	0	0	0	0
6550	≥…ƒÍ…Òµ±ÏË	0	0	0	0	0	0	0	0	0	0	0	0	0	0	0	0	0	0	0	0	0	0	0	0	0	0	0	0	0	0	0	0	0	0	0	0	0	0	0	0	0	0	0	0	0	0	0	0	0	0	0	0	0	0	0	0	0	0	0	0	0	0	0	0	0	0	0	0	129449	0	0	0	0	0	369043	0	97120	0	0	0	0	0	0	0	0	97120	0	0	0	0	0	0	0	0
6551	±‰“Ï…Òµ±ÏË	0	0	0	0	0	0	0	0	0	0	0	0	0	0	0	0	0	0	0	0	0	0	0	0	0	0	0	0	0	0	0	0	0	0	0	0	0	0	0	0	0	0	0	0	0	0	0	0	0	0	0	0	0	0	0	0	0	0	0	0	0	0	0	0	0	0	0	0	129449	0	0	0	0	0	369043	0	97120	0	0	0	0	0	0	0	0	97120	0	0	0	0	0	0	0	0
6552	±‰“Ï…Òµ±ÏË	0	0	0	0	0	0	0	0	0	0	0	0	0	0	0	0	0	0	0	0	0	0	0	0	0	0	0	0	0	0	0	0	0	0	0	0	0	0	0	0	0	0	0	0	0	0	0	0	0	0	0	0	0	0	0	0	0	0	0	0	0	0	0	0	0	0	0	0	129449	0	0	0	0	0	369043	0	97120	0	0	0	0	0	0	0	0	97120	0	0	0	0	0	0	0	0
6553	±‰“Ï…Òµ±ÏË	0	0	0	0	0	0	0	0	0	0	0	0	0	0	0	0	0	0	0	0	0	0	0	0	0	0	0	0	0	0	0	0	0	0	0	0	0	0	0	0	0	0	0	0	0	0	0	0	0	0	0	0	0	0	0	0	0	0	0	0	0	0	0	0	0	0	0	0	129449	0	0	0	0	0	369043	0	97120	0	0	0	0	0	0	0	0	97120	0	0	0	0	0	0	0	0
6554	±‰“Ï…Òµ±ÏË	0	0	0	0	0	0	0	0	0	0	0	0	0	0	0	0	0	0	0	0	0	0	0	0	0	0	0	0	0	0	0	0	0	0	0	0	0	0	0	0	0	0	0	0	0	0	0	0	0	0	0	0	0	0	0	0	0	0	0	0	0	0	0	0	0	0	0	0	129449	0	0	0	0	0	369043	0	97120	0	0	0	0	0	0	0	0	97120	0	0	0	0	0	0	0	0
6555	±‰“Ï…Òµ±ÏË	0	0	0	0	0	0	0	0	0	0	0	0	0	0	0	0	0	0	0	0	0	0	0	0	0	0	0	0	0	0	0	0	0	0	0	0	0	0	0	0	0	0	0	0	0	0	0	0	0	0	0	0	0	0	0	0	0	0	0	0	0	0	0	0	0	0	0	0	129449	0	0	0	0	0	369043	0	97120	0	0	0	0	0	0	0	0	97120	0	0	0	0	0	0	0	0
6556	±‰“Ï…Òµ±ÏË	0	0	0	0	0	0	0	0	0	0	0	0	0	0	0	0	0	0	0	0	0	0	0	0	0	0	0	0	0	0	0	0	0	0	0	0	0	0	0	0	0	0	0	0	0	0	0	0	0	0	0	0	0	0	0	0	0	0	0	0	0	0	0	0	0	0	0	0	129449	0	0	0	0	0	369043	0	97120	0	0	0	0	0	0	0	0	97120	0	0	0	0	0	0	0	0
6559	…Òµ±ÏË±¶±¶	0	0	0	0	0	0	0	0	0	0	0	0	0	0	0	0	0	0	0	0	0	0	0	0	0	0	0	0	0	0	0	0	0	0	0	0	0	0	0	0	0	0	0	0	0	0	0	0	0	0	0	0	0	0	0	0	0	0	0	0	0	0	0	0	0	0	0	0	129449	0	0	0	0	0	369043	0	97120	0	0	0	0	0	0	0	0	97120	0	0	0	0	0	0	0	0
6560	≥…ƒÍ…Ò∆Û∂Ï	369043	0	0	0	0	0	0	0	0	0	0	0	82549	0	0	0	0	0	0	0	0	0	0	0	0	0	0	0	0	0	0	0	0	0	0	0	112696	0	0	0	0	0	0	0	0	0	0	0	0	0	112696	0	0	0	0	0	0	0	0	0	0	0	0	0	0	0	0	0	0	0	0	0	0	0	0	0	0	0	0	0	0	0	0	0	0	0	0	0	0	0	0	0	0	0
6561	±‰“Ï…Ò∆Û∂Ï	369043	0	0	0	0	0	0	0	0	0	0	0	82549	0	0	0	0	0	0	0	0	0	0	0	0	0	0	0	0	0	0	0	0	0	0	0	112696	0	0	0	0	0	0	0	0	0	0	0	0	0	112696	0	0	0	0	0	0	0	0	0	0	0	0	0	0	0	0	0	0	0	0	0	0	0	0	0	0	0	0	0	0	0	0	0	0	0	0	0	0	0	0	0	0	0
6562	±‰“Ï…Ò∆Û∂Ï	369043	0	0	0	0	0	0	0	0	0	0	0	82549	0	0	0	0	0	0	0	0	0	0	0	0	0	0	0	0	0	0	0	0	0	0	0	112696	0	0	0	0	0	0	0	0	0	0	0	0	0	112696	0	0	0	0	0	0	0	0	0	0	0	0	0	0	0	0	0	0	0	0	0	0	0	0	0	0	0	0	0	0	0	0	0	0	0	0	0	0	0	0	0	0	0
6563	±‰“Ï…Ò∆Û∂Ï	369043	0	0	0	0	0	0	0	0	0	0	0	82549	0	0	0	0	0	0	0	0	0	0	0	0	0	0	0	0	0	0	0	0	0	0	0	112696	0	0	0	0	0	0	0	0	0	0	0	0	0	112696	0	0	0	0	0	0	0	0	0	0	0	0	0	0	0	0	0	0	0	0	0	0	0	0	0	0	0	0	0	0	0	0	0	0	0	0	0	0	0	0	0	0	0
6564	±‰“Ï…Ò∆Û∂Ï	369043	0	0	0	0	0	0	0	0	0	0	0	82549	0	0	0	0	0	0	0	0	0	0	0	0	0	0	0	0	0	0	0	0	0	0	0	112696	0	0	0	0	0	0	0	0	0	0	0	0	0	112696	0	0	0	0	0	0	0	0	0	0	0	0	0	0	0	0	0	0	0	0	0	0	0	0	0	0	0	0	0	0	0	0	0	0	0	0	0	0	0	0	0	0	0
6565	±‰“Ï…Ò∆Û∂Ï	369043	0	0	0	0	0	0	0	0	0	0	0	82549	0	0	0	0	0	0	0	0	0	0	0	0	0	0	0	0	0	0	0	0	0	0	0	112696	0	0	0	0	0	0	0	0	0	0	0	0	0	112696	0	0	0	0	0	0	0	0	0	0	0	0	0	0	0	0	0	0	0	0	0	0	0	0	0	0	0	0	0	0	0	0	0	0	0	0	0	0	0	0	0	0	0
6569	…Ò∆Û∂Ï±¶±¶	369043	0	0	0	0	0	0	0	0	0	0	0	82549	0	0	0	0	0	0	0	0	0	0	0	0	0	0	0	0	0	0	0	0	0	0	0	112696	0	0	0	0	0	0	0	0	0	0	0	0	0	112696	0	0	0	0	0	0	0	0	0	0	0	0	0	0	0	0	0	0	0	0	0	0	0	0	0	0	0	0	0	0	0	0	0	0	0	0	0	0	0	0	0	0	0
6570	≥…ƒÍπ‘∆Û∂Ï	369043	0	0	0	0	0	0	0	0	0	0	0	55912	0	0	0	0	0	0	0	0	0	0	0	0	0	0	0	0	0	0	0	0	0	0	0	68850	0	0	0	0	0	0	0	0	0	0	0	0	0	68850	0	0	0	0	0	0	0	0	0	0	0	0	0	0	0	0	0	0	0	0	0	0	0	0	0	0	0	0	0	0	0	0	0	0	0	0	0	0	0	0	0	0	0
6571	±‰“Ïπ‘∆Û∂Ï	369043	0	0	0	0	0	0	0	0	0	0	0	55912	0	0	0	0	0	0	0	0	0	0	0	0	0	0	0	0	0	0	0	0	0	0	0	68850	0	0	0	0	0	0	0	0	0	0	0	0	0	68850	0	0	0	0	0	0	0	0	0	0	0	0	0	0	0	0	0	0	0	0	0	0	0	0	0	0	0	0	0	0	0	0	0	0	0	0	0	0	0	0	0	0	0
6572	±‰“Ïπ‘∆Û∂Ï	369043	0	0	0	0	0	0	0	0	0	0	0	55912	0	0	0	0	0	0	0	0	0	0	0	0	0	0	0	0	0	0	0	0	0	0	0	68850	0	0	0	0	0	0	0	0	0	0	0	0	0	68850	0	0	0	0	0	0	0	0	0	0	0	0	0	0	0	0	0	0	0	0	0	0	0	0	0	0	0	0	0	0	0	0	0	0	0	0	0	0	0	0	0	0	0
6573	±‰“Ïπ‘∆Û∂Ï	369043	0	0	0	0	0	0	0	0	0	0	0	55912	0	0	0	0	0	0	0	0	0	0	0	0	0	0	0	0	0	0	0	0	0	0	0	68850	0	0	0	0	0	0	0	0	0	0	0	0	0	68850	0	0	0	0	0	0	0	0	0	0	0	0	0	0	0	0	0	0	0	0	0	0	0	0	0	0	0	0	0	0	0	0	0	0	0	0	0	0	0	0	0	0	0
6579	π‘∆Û∂Ï±¶±¶	369043	0	0	0	0	0	0	0	0	0	0	0	55912	0	0	0	0	0	0	0	0	0	0	0	0	0	0	0	0	0	0	0	0	0	0	0	68850	0	0	0	0	0	0	0	0	0	0	0	0	0	68850	0	0	0	0	0	0	0	0	0	0	0	0	0	0	0	0	0	0	0	0	0	0	0	0	0	0	0	0	0	0	0	0	0	0	0	0	0	0	0	0	0	0	0
6580	≥…ƒÍ¡È∆Û∂Ï	369043	0	0	0	0	0	0	0	0	0	0	0	68850	0	0	0	0	0	0	0	0	0	0	0	0	0	0	0	0	0	0	0	0	0	0	0	82549	0	0	0	0	0	0	0	0	0	0	0	0	0	82549	0	0	0	0	0	0	0	0	0	0	0	0	0	0	0	0	0	0	0	0	0	0	0	0	0	0	0	0	0	0	0	0	0	0	0	0	0	0	0	0	0	0	0
6581	±‰“Ï¡È∆Û∂Ï	369043	0	0	0	0	0	0	0	0	0	0	0	68850	0	0	0	0	0	0	0	0	0	0	0	0	0	0	0	0	0	0	0	0	0	0	0	82549	0	0	0	0	0	0	0	0	0	0	0	0	0	82549	0	0	0	0	0	0	0	0	0	0	0	0	0	0	0	0	0	0	0	0	0	0	0	0	0	0	0	0	0	0	0	0	0	0	0	0	0	0	0	0	0	0	0
6582	±‰“Ï¡È∆Û∂Ï	369043	0	0	0	0	0	0	0	0	0	0	0	68850	0	0	0	0	0	0	0	0	0	0	0	0	0	0	0	0	0	0	0	0	0	0	0	82549	0	0	0	0	0	0	0	0	0	0	0	0	0	82549	0	0	0	0	0	0	0	0	0	0	0	0	0	0	0	0	0	0	0	0	0	0	0	0	0	0	0	0	0	0	0	0	0	0	0	0	0	0	0	0	0	0	0
6583	±‰“Ï¡È∆Û∂Ï	369043	0	0	0	0	0	0	0	0	0	0	0	68850	0	0	0	0	0	0	0	0	0	0	0	0	0	0	0	0	0	0	0	0	0	0	0	82549	0	0	0	0	0	0	0	0	0	0	0	0	0	82549	0	0	0	0	0	0	0	0	0	0	0	0	0	0	0	0	0	0	0	0	0	0	0	0	0	0	0	0	0	0	0	0	0	0	0	0	0	0	0	0	0	0	0
6584	±‰“Ï¡È∆Û∂Ï	369043	0	0	0	0	0	0	0	0	0	0	0	68850	0	0	0	0	0	0	0	0	0	0	0	0	0	0	0	0	0	0	0	0	0	0	0	82549	0	0	0	0	0	0	0	0	0	0	0	0	0	82549	0	0	0	0	0	0	0	0	0	0	0	0	0	0	0	0	0	0	0	0	0	0	0	0	0	0	0	0	0	0	0	0	0	0	0	0	0	0	0	0	0	0	0
6589	¡È∆Û∂Ï±¶±¶	369043	0	0	0	0	0	0	0	0	0	0	0	68850	0	0	0	0	0	0	0	0	0	0	0	0	0	0	0	0	0	0	0	0	0	0	0	82549	0	0	0	0	0	0	0	0	0	0	0	0	0	82549	0	0	0	0	0	0	0	0	0	0	0	0	0	0	0	0	0	0	0	0	0	0	0	0	0	0	0	0	0	0	0	0	0	0	0	0	0	0	0	0	0	0	0
6590	≥…ƒÍ •∆Û∂Ï	369043	0	0	0	0	0	0	0	0	0	0	0	82549	0	0	0	0	0	0	0	0	0	0	0	0	0	0	0	0	0	0	0	0	0	0	0	97120	0	0	0	0	0	0	0	0	0	0	0	0	0	97120	0	0	0	0	0	0	0	0	0	0	0	0	0	0	0	0	0	0	0	0	0	0	0	0	0	0	0	0	0	0	0	0	0	0	0	0	0	0	0	0	0	0	0
6591	±‰“Ï •∆Û∂Ï	369043	0	0	0	0	0	0	0	0	0	0	0	82549	0	0	0	0	0	0	0	0	0	0	0	0	0	0	0	0	0	0	0	0	0	0	0	97120	0	0	0	0	0	0	0	0	0	0	0	0	0	97120	0	0	0	0	0	0	0	0	0	0	0	0	0	0	0	0	0	0	0	0	0	0	0	0	0	0	0	0	0	0	0	0	0	0	0	0	0	0	0	0	0	0	0
6592	±‰“Ï •∆Û∂Ï	369043	0	0	0	0	0	0	0	0	0	0	0	82549	0	0	0	0	0	0	0	0	0	0	0	0	0	0	0	0	0	0	0	0	0	0	0	97120	0	0	0	0	0	0	0	0	0	0	0	0	0	97120	0	0	0	0	0	0	0	0	0	0	0	0	0	0	0	0	0	0	0	0	0	0	0	0	0	0	0	0	0	0	0	0	0	0	0	0	0	0	0	0	0	0	0
6593	±‰“Ï •∆Û∂Ï	369043	0	0	0	0	0	0	0	0	0	0	0	82549	0	0	0	0	0	0	0	0	0	0	0	0	0	0	0	0	0	0	0	0	0	0	0	97120	0	0	0	0	0	0	0	0	0	0	0	0	0	97120	0	0	0	0	0	0	0	0	0	0	0	0	0	0	0	0	0	0	0	0	0	0	0	0	0	0	0	0	0	0	0	0	0	0	0	0	0	0	0	0	0	0	0
6594	±‰“Ï •∆Û∂Ï	369043	0	0	0	0	0	0	0	0	0	0	0	82549	0	0	0	0	0	0	0	0	0	0	0	0	0	0	0	0	0	0	0	0	0	0	0	97120	0	0	0	0	0	0	0	0	0	0	0	0	0	97120	0	0	0	0	0	0	0	0	0	0	0	0	0	0	0	0	0	0	0	0	0	0	0	0	0	0	0	0	0	0	0	0	0	0	0	0	0	0	0	0	0	0	0
6595	±‰“Ï •∆Û∂Ï	369043	0	0	0	0	0	0	0	0	0	0	0	82549	0	0	0	0	0	0	0	0	0	0	0	0	0	0	0	0	0	0	0	0	0	0	0	97120	0	0	0	0	0	0	0	0	0	0	0	0	0	97120	0	0	0	0	0	0	0	0	0	0	0	0	0	0	0	0	0	0	0	0	0	0	0	0	0	0	0	0	0	0	0	0	0	0	0	0	0	0	0	0	0	0	0
6599	 •∆Û∂Ï±¶±¶	369043	0	0	0	0	0	0	0	0	0	0	0	82549	0	0	0	0	0	0	0	0	0	0	0	0	0	0	0	0	0	0	0	0	0	0	0	97120	0	0	0	0	0	0	0	0	0	0	0	0	0	97120	0	0	0	0	0	0	0	0	0	0	0	0	0	0	0	0	0	0	0	0	0	0	0	0	0	0	0	0	0	0	0	0	0	0	0	0	0	0	0	0	0	0	0
6600	≥…ƒÍª◊◊ Û	0	0	0	0	0	0	0	43648	0	0	97120	0	0	0	0	0	0	0	0	0	0	0	0	0	0	0	0	0	0	0	0	0	0	0	0	0	0	0	0	0	0	0	68850	0	0	0	0	0	0	0	0	275220	0	0	0	0	0	0	0	0	0	0	0	0	0	0	0	0	0	0	0	0	0	0	0	0	0	0	0	0	0	0	0	0	0	0	0	0	0	0	0	0	0	0
6601	±‰“Ïª◊◊ Û	0	0	0	0	0	0	0	43648	0	0	97120	0	0	0	0	0	0	0	0	0	0	0	0	0	0	0	0	0	0	0	0	0	0	0	0	0	0	0	0	0	0	0	68850	0	0	0	0	0	0	0	0	275220	0	0	0	0	0	0	0	0	0	0	0	0	0	0	0	0	0	0	0	0	0	0	0	0	0	0	0	0	0	0	0	0	0	0	0	0	0	0	0	0	0	0
6602	±‰“Ïª◊◊ Û	0	0	0	0	0	0	0	43648	0	0	97120	0	0	0	0	0	0	0	0	0	0	0	0	0	0	0	0	0	0	0	0	0	0	0	0	0	0	0	0	0	0	0	68850	0	0	0	0	0	0	0	0	275220	0	0	0	0	0	0	0	0	0	0	0	0	0	0	0	0	0	0	0	0	0	0	0	0	0	0	0	0	0	0	0	0	0	0	0	0	0	0	0	0	0	0
6603	±‰“Ïª◊◊ Û	0	0	0	0	0	0	0	43648	0	0	97120	0	0	0	0	0	0	0	0	0	0	0	0	0	0	0	0	0	0	0	0	0	0	0	0	0	0	0	0	0	0	0	68850	0	0	0	0	0	0	0	0	275220	0	0	0	0	0	0	0	0	0	0	0	0	0	0	0	0	0	0	0	0	0	0	0	0	0	0	0	0	0	0	0	0	0	0	0	0	0	0	0	0	0	0
6604	±‰“Ïª◊◊ Û	0	0	0	0	0	0	0	43648	0	0	97120	0	0	0	0	0	0	0	0	0	0	0	0	0	0	0	0	0	0	0	0	0	0	0	0	0	0	0	0	0	0	0	68850	0	0	0	0	0	0	0	0	275220	0	0	0	0	0	0	0	0	0	0	0	0	0	0	0	0	0	0	0	0	0	0	0	0	0	0	0	0	0	0	0	0	0	0	0	0	0	0	0	0	0	0
6609	ª◊◊ Û±¶±¶	0	0	0	0	0	0	0	43648	0	0	97120	0	0	0	0	0	0	0	0	0	0	0	0	0	0	0	0	0	0	0	0	0	0	0	0	0	0	0	0	0	0	0	68850	0	0	0	0	0	0	0	0	275220	0	0	0	0	0	0	0	0	0	0	0	0	0	0	0	0	0	0	0	0	0	0	0	0	0	0	0	0	0	0	0	0	0	0	0	0	0	0	0	0	0	0
6610	≥…ƒÍ—◊ª◊◊ Û	0	0	0	0	0	0	0	43648	0	0	97120	0	0	0	0	0	0	0	0	0	0	0	0	0	0	0	0	0	0	0	0	0	0	0	0	0	0	0	0	0	0	0	68850	0	0	0	0	0	0	0	0	275220	0	0	0	0	0	0	0	0	0	0	0	0	0	0	0	0	0	0	0	0	0	0	0	0	0	0	0	0	0	0	0	0	0	0	0	0	0	0	0	0	0	0
6611	±‰“Ï—◊ª◊◊ Û	0	0	0	0	0	0	0	43648	0	0	97120	0	0	0	0	0	0	0	0	0	0	0	0	0	0	0	0	0	0	0	0	0	0	0	0	0	0	0	0	0	0	0	68850	0	0	0	0	0	0	0	0	275220	0	0	0	0	0	0	0	0	0	0	0	0	0	0	0	0	0	0	0	0	0	0	0	0	0	0	0	0	0	0	0	0	0	0	0	0	0	0	0	0	0	0
6612	±‰“Ï—◊ª◊◊ Û	0	0	0	0	0	0	0	43648	0	0	97120	0	0	0	0	0	0	0	0	0	0	0	0	0	0	0	0	0	0	0	0	0	0	0	0	0	0	0	0	0	0	0	68850	0	0	0	0	0	0	0	0	275220	0	0	0	0	0	0	0	0	0	0	0	0	0	0	0	0	0	0	0	0	0	0	0	0	0	0	0	0	0	0	0	0	0	0	0	0	0	0	0	0	0	0
6613	±‰“Ï—◊ª◊◊ Û	0	0	0	0	0	0	0	43648	0	0	97120	0	0	0	0	0	0	0	0	0	0	0	0	0	0	0	0	0	0	0	0	0	0	0	0	0	0	0	0	0	0	0	68850	0	0	0	0	0	0	0	0	275220	0	0	0	0	0	0	0	0	0	0	0	0	0	0	0	0	0	0	0	0	0	0	0	0	0	0	0	0	0	0	0	0	0	0	0	0	0	0	0	0	0	0
6614	±‰“Ï—◊ª◊◊ Û	0	0	0	0	0	0	0	43648	0	0	97120	0	0	0	0	0	0	0	0	0	0	0	0	0	0	0	0	0	0	0	0	0	0	0	0	0	0	0	0	0	0	0	68850	0	0	0	0	0	0	0	0	275220	0	0	0	0	0	0	0	0	0	0	0	0	0	0	0	0	0	0	0	0	0	0	0	0	0	0	0	0	0	0	0	0	0	0	0	0	0	0	0	0	0	0
6615	±‰“Ï—◊ª◊◊ Û	0	0	0	0	0	0	0	43648	0	0	97120	0	0	0	0	0	0	0	0	0	0	0	0	0	0	0	0	0	0	0	0	0	0	0	0	0	0	0	0	0	0	0	68850	0	0	0	0	0	0	0	0	275220	0	0	0	0	0	0	0	0	0	0	0	0	0	0	0	0	0	0	0	0	0	0	0	0	0	0	0	0	0	0	0	0	0	0	0	0	0	0	0	0	0	0
6616	±‰“Ï—◊ª◊◊ Û	0	0	0	0	0	0	0	43648	0	0	97120	0	0	0	0	0	0	0	0	0	0	0	0	0	0	0	0	0	0	0	0	0	0	0	0	0	0	0	0	0	0	0	68850	0	0	0	0	0	0	0	0	275220	0	0	0	0	0	0	0	0	0	0	0	0	0	0	0	0	0	0	0	0	0	0	0	0	0	0	0	0	0	0	0	0	0	0	0	0	0	0	0	0	0	0
6619	—◊ª◊◊ Û±¶±¶	0	0	0	0	0	0	0	43648	0	0	97120	0	0	0	0	0	0	0	0	0	0	0	0	0	0	0	0	0	0	0	0	0	0	0	0	0	0	0	0	0	0	0	68850	0	0	0	0	0	0	0	0	275220	0	0	0	0	0	0	0	0	0	0	0	0	0	0	0	0	0	0	0	0	0	0	0	0	0	0	0	0	0	0	0	0	0	0	0	0	0	0	0	0	0	0
6620	≥…ƒÍ–˛“Ì ﬁ	0	0	0	0	0	0	0	0	43648	0	0	0	0	0	0	0	0	0	0	0	0	0	0	0	0	0	0	0	0	0	0	0	0	0	0	0	0	0	0	0	0	0	0	0	0	0	68850	0	0	0	0	0	0	275220	0	0	0	0	0	0	0	0	0	0	0	0	0	0	0	0	0	0	0	0	0	0	0	0	0	0	0	0	97120	0	0	0	0	0	0	0	0	0	0	0
6621	±‰“Ï–˛“Ì ﬁ	0	0	0	0	0	0	0	0	43648	0	0	0	0	0	0	0	0	0	0	0	0	0	0	0	0	0	0	0	0	0	0	0	0	0	0	0	0	0	0	0	0	0	0	0	0	0	68850	0	0	0	0	0	0	275220	0	0	0	0	0	0	0	0	0	0	0	0	0	0	0	0	0	0	0	0	0	0	0	0	0	0	0	0	97120	0	0	0	0	0	0	0	0	0	0	0
6622	±‰“Ï–˛“Ì ﬁ	0	0	0	0	0	0	0	0	43648	0	0	0	0	0	0	0	0	0	0	0	0	0	0	0	0	0	0	0	0	0	0	0	0	0	0	0	0	0	0	0	0	0	0	0	0	0	68850	0	0	0	0	0	0	275220	0	0	0	0	0	0	0	0	0	0	0	0	0	0	0	0	0	0	0	0	0	0	0	0	0	0	0	0	97120	0	0	0	0	0	0	0	0	0	0	0
6623	±‰“Ï–˛“Ì ﬁ	0	0	0	0	0	0	0	0	43648	0	0	0	0	0	0	0	0	0	0	0	0	0	0	0	0	0	0	0	0	0	0	0	0	0	0	0	0	0	0	0	0	0	0	0	0	0	68850	0	0	0	0	0	0	275220	0	0	0	0	0	0	0	0	0	0	0	0	0	0	0	0	0	0	0	0	0	0	0	0	0	0	0	0	97120	0	0	0	0	0	0	0	0	0	0	0
6624	±‰“Ï–˛“Ì ﬁ	0	0	0	0	0	0	0	0	43648	0	0	0	0	0	0	0	0	0	0	0	0	0	0	0	0	0	0	0	0	0	0	0	0	0	0	0	0	0	0	0	0	0	0	0	0	0	68850	0	0	0	0	0	0	275220	0	0	0	0	0	0	0	0	0	0	0	0	0	0	0	0	0	0	0	0	0	0	0	0	0	0	0	0	97120	0	0	0	0	0	0	0	0	0	0	0
6625	±‰“Ï–˛“Ì ﬁ	0	0	0	0	0	0	0	0	43648	0	0	0	0	0	0	0	0	0	0	0	0	0	0	0	0	0	0	0	0	0	0	0	0	0	0	0	0	0	0	0	0	0	0	0	0	0	68850	0	0	0	0	0	0	275220	0	0	0	0	0	0	0	0	0	0	0	0	0	0	0	0	0	0	0	0	0	0	0	0	0	0	0	0	97120	0	0	0	0	0	0	0	0	0	0	0
6629	–˛“Ì ﬁ±¶±¶	0	0	0	0	0	0	0	0	43648	0	0	0	0	0	0	0	0	0	0	0	0	0	0	0	0	0	0	0	0	0	0	0	0	0	0	0	0	0	0	0	0	0	0	0	0	0	68850	0	0	0	0	0	0	275220	0	0	0	0	0	0	0	0	0	0	0	0	0	0	0	0	0	0	0	0	0	0	0	0	0	0	0	0	97120	0	0	0	0	0	0	0	0	0	0	0
6630	≥…ƒÍÚø–˛“Ì ﬁ	0	0	0	0	0	0	0	0	43648	0	0	0	0	0	0	0	0	0	0	0	0	0	0	0	0	0	0	0	0	0	0	0	0	0	0	0	0	0	0	0	0	0	0	0	0	0	68850	0	0	0	0	0	0	275220	0	0	0	0	0	0	0	0	0	0	0	0	0	0	0	0	0	0	0	0	0	0	0	0	0	0	0	0	97120	0	0	0	0	0	0	0	0	0	0	0
6631	±‰“ÏÚø–˛“Ì ﬁ	0	0	0	0	0	0	0	0	43648	0	0	0	0	0	0	0	0	0	0	0	0	0	0	0	0	0	0	0	0	0	0	0	0	0	0	0	0	0	0	0	0	0	0	0	0	0	68850	0	0	0	0	0	0	275220	0	0	0	0	0	0	0	0	0	0	0	0	0	0	0	0	0	0	0	0	0	0	0	0	0	0	0	0	97120	0	0	0	0	0	0	0	0	0	0	0
6632	±‰“ÏÚø–˛“Ì ﬁ	0	0	0	0	0	0	0	0	43648	0	0	0	0	0	0	0	0	0	0	0	0	0	0	0	0	0	0	0	0	0	0	0	0	0	0	0	0	0	0	0	0	0	0	0	0	0	68850	0	0	0	0	0	0	275220	0	0	0	0	0	0	0	0	0	0	0	0	0	0	0	0	0	0	0	0	0	0	0	0	0	0	0	0	97120	0	0	0	0	0	0	0	0	0	0	0
6633	±‰“ÏÚø–˛“Ì ﬁ	0	0	0	0	0	0	0	0	43648	0	0	0	0	0	0	0	0	0	0	0	0	0	0	0	0	0	0	0	0	0	0	0	0	0	0	0	0	0	0	0	0	0	0	0	0	0	68850	0	0	0	0	0	0	275220	0	0	0	0	0	0	0	0	0	0	0	0	0	0	0	0	0	0	0	0	0	0	0	0	0	0	0	0	97120	0	0	0	0	0	0	0	0	0	0	0
6634	±‰“ÏÚø–˛“Ì ﬁ	0	0	0	0	0	0	0	0	43648	0	0	0	0	0	0	0	0	0	0	0	0	0	0	0	0	0	0	0	0	0	0	0	0	0	0	0	0	0	0	0	0	0	0	0	0	0	68850	0	0	0	0	0	0	275220	0	0	0	0	0	0	0	0	0	0	0	0	0	0	0	0	0	0	0	0	0	0	0	0	0	0	0	0	97120	0	0	0	0	0	0	0	0	0	0	0
6635	±‰“ÏÚø–˛“Ì ﬁ	0	0	0	0	0	0	0	0	43648	0	0	0	0	0	0	0	0	0	0	0	0	0	0	0	0	0	0	0	0	0	0	0	0	0	0	0	0	0	0	0	0	0	0	0	0	0	68850	0	0	0	0	0	0	275220	0	0	0	0	0	0	0	0	0	0	0	0	0	0	0	0	0	0	0	0	0	0	0	0	0	0	0	0	97120	0	0	0	0	0	0	0	0	0	0	0
6636	±‰“ÏÚø–˛“Ì ﬁ	0	0	0	0	0	0	0	0	43648	0	0	0	0	0	0	0	0	0	0	0	0	0	0	0	0	0	0	0	0	0	0	0	0	0	0	0	0	0	0	0	0	0	0	0	0	0	68850	0	0	0	0	0	0	275220	0	0	0	0	0	0	0	0	0	0	0	0	0	0	0	0	0	0	0	0	0	0	0	0	0	0	0	0	97120	0	0	0	0	0	0	0	0	0	0	0
6639	Úø–˛“Ì ﬁ±¶±¶	0	0	0	0	0	0	0	0	43648	0	0	0	0	0	0	0	0	0	0	0	0	0	0	0	0	0	0	0	0	0	0	0	0	0	0	0	0	0	0	0	0	0	0	0	0	0	68850	0	0	0	0	0	0	275220	0	0	0	0	0	0	0	0	0	0	0	0	0	0	0	0	0	0	0	0	0	0	0	0	0	0	0	0	97120	0	0	0	0	0	0	0	0	0	0	0
6640	≥…ƒÍ”ÒÕ√	0	0	0	0	0	0	0	0	20852	0	0	0	0	0	0	0	0	0	55912	0	0	0	0	0	0	0	0	0	0	0	0	0	0	0	0	0	0	0	0	0	0	0	0	0	0	0	0	0	0	0	369043	0	0	0	0	0	0	0	0	0	0	0	0	0	0	0	0	0	0	0	0	0	0	0	0	0	0	0	0	0	0	0	0	0	0	0	0	68850	0	0	0	0	0	0
6641	±‰“Ï”ÒÕ√	0	0	0	0	0	0	0	0	20852	0	0	0	0	0	0	0	0	0	55912	0	0	0	0	0	0	0	0	0	0	0	0	0	0	0	0	0	0	0	0	0	0	0	0	0	0	0	0	0	0	0	369043	0	0	0	0	0	0	0	0	0	0	0	0	0	0	0	0	0	0	0	0	0	0	0	0	0	0	0	0	0	0	0	0	0	0	0	0	68850	0	0	0	0	0	0
6642	±‰“Ï”ÒÕ√	0	0	0	0	0	0	0	0	20852	0	0	0	0	0	0	0	0	0	55912	0	0	0	0	0	0	0	0	0	0	0	0	0	0	0	0	0	0	0	0	0	0	0	0	0	0	0	0	0	0	0	369043	0	0	0	0	0	0	0	0	0	0	0	0	0	0	0	0	0	0	0	0	0	0	0	0	0	0	0	0	0	0	0	0	0	0	0	0	68850	0	0	0	0	0	0
6649	”ÒÕ√±¶±¶	0	0	0	0	0	0	0	0	20852	0	0	0	0	0	0	0	0	0	55912	0	0	0	0	0	0	0	0	0	0	0	0	0	0	0	0	0	0	0	0	0	0	0	0	0	0	0	0	0	0	0	369043	0	0	0	0	0	0	0	0	0	0	0	0	0	0	0	0	0	0	0	0	0	0	0	0	0	0	0	0	0	0	0	0	0	0	0	0	68850	0	0	0	0	0	0
6650	≥…ƒÍ©‘¬”ÒÕ√	0	0	0	0	0	0	0	0	31981	0	0	0	0	0	0	0	0	0	68850	0	0	0	0	0	0	0	0	0	0	0	0	0	0	0	0	0	0	0	0	0	0	0	0	0	0	0	0	0	0	0	369043	0	0	0	0	0	0	0	0	0	0	0	0	0	0	0	0	0	0	0	0	0	0	0	0	0	0	0	0	0	0	0	0	0	0	0	0	82549	0	0	0	0	0	0
6651	±‰“Ï©‘¬”ÒÕ√	0	0	0	0	0	0	0	0	31981	0	0	0	0	0	0	0	0	0	68850	0	0	0	0	0	0	0	0	0	0	0	0	0	0	0	0	0	0	0	0	0	0	0	0	0	0	0	0	0	0	0	369043	0	0	0	0	0	0	0	0	0	0	0	0	0	0	0	0	0	0	0	0	0	0	0	0	0	0	0	0	0	0	0	0	0	0	0	0	82549	0	0	0	0	0	0
6652	±‰“Ï©‘¬”ÒÕ√	0	0	0	0	0	0	0	0	31981	0	0	0	0	0	0	0	0	0	68850	0	0	0	0	0	0	0	0	0	0	0	0	0	0	0	0	0	0	0	0	0	0	0	0	0	0	0	0	0	0	0	369043	0	0	0	0	0	0	0	0	0	0	0	0	0	0	0	0	0	0	0	0	0	0	0	0	0	0	0	0	0	0	0	0	0	0	0	0	82549	0	0	0	0	0	0
6653	±‰“Ï©‘¬”ÒÕ√	0	0	0	0	0	0	0	0	31981	0	0	0	0	0	0	0	0	0	68850	0	0	0	0	0	0	0	0	0	0	0	0	0	0	0	0	0	0	0	0	0	0	0	0	0	0	0	0	0	0	0	369043	0	0	0	0	0	0	0	0	0	0	0	0	0	0	0	0	0	0	0	0	0	0	0	0	0	0	0	0	0	0	0	0	0	0	0	0	82549	0	0	0	0	0	0
6659	©‘¬”ÒÕ√±¶±¶	0	0	0	0	0	0	0	0	31981	0	0	0	0	0	0	0	0	0	68850	0	0	0	0	0	0	0	0	0	0	0	0	0	0	0	0	0	0	0	0	0	0	0	0	0	0	0	0	0	0	0	369043	0	0	0	0	0	0	0	0	0	0	0	0	0	0	0	0	0	0	0	0	0	0	0	0	0	0	0	0	0	0	0	0	0	0	0	0	82549	0	0	0	0	0	0
6660	≥…ƒÍÛ∏π¨”ÒÕ√	0	0	0	0	0	0	0	0	43648	0	0	0	0	0	0	0	0	0	82549	0	0	0	0	0	0	0	0	0	0	0	0	0	0	0	0	0	0	0	0	0	0	0	0	0	0	0	0	0	0	0	369043	0	0	0	0	0	0	0	0	0	0	0	0	0	0	0	0	0	0	0	0	0	0	0	0	0	0	0	0	0	0	0	0	0	0	0	0	97120	0	0	0	0	0	0
6661	±‰“ÏÛ∏π¨”ÒÕ√	0	0	0	0	0	0	0	0	43648	0	0	0	0	0	0	0	0	0	82549	0	0	0	0	0	0	0	0	0	0	0	0	0	0	0	0	0	0	0	0	0	0	0	0	0	0	0	0	0	0	0	369043	0	0	0	0	0	0	0	0	0	0	0	0	0	0	0	0	0	0	0	0	0	0	0	0	0	0	0	0	0	0	0	0	0	0	0	0	97120	0	0	0	0	0	0
6662	±‰“ÏÛ∏π¨”ÒÕ√	0	0	0	0	0	0	0	0	43648	0	0	0	0	0	0	0	0	0	82549	0	0	0	0	0	0	0	0	0	0	0	0	0	0	0	0	0	0	0	0	0	0	0	0	0	0	0	0	0	0	0	369043	0	0	0	0	0	0	0	0	0	0	0	0	0	0	0	0	0	0	0	0	0	0	0	0	0	0	0	0	0	0	0	0	0	0	0	0	97120	0	0	0	0	0	0
6663	±‰“ÏÛ∏π¨”ÒÕ√	0	0	0	0	0	0	0	0	43648	0	0	0	0	0	0	0	0	0	82549	0	0	0	0	0	0	0	0	0	0	0	0	0	0	0	0	0	0	0	0	0	0	0	0	0	0	0	0	0	0	0	369043	0	0	0	0	0	0	0	0	0	0	0	0	0	0	0	0	0	0	0	0	0	0	0	0	0	0	0	0	0	0	0	0	0	0	0	0	97120	0	0	0	0	0	0
6664	±‰“ÏÛ∏π¨”ÒÕ√	0	0	0	0	0	0	0	0	43648	0	0	0	0	0	0	0	0	0	82549	0	0	0	0	0	0	0	0	0	0	0	0	0	0	0	0	0	0	0	0	0	0	0	0	0	0	0	0	0	0	0	369043	0	0	0	0	0	0	0	0	0	0	0	0	0	0	0	0	0	0	0	0	0	0	0	0	0	0	0	0	0	0	0	0	0	0	0	0	97120	0	0	0	0	0	0
6669	Û∏π¨”ÒÕ√±¶±¶	0	0	0	0	0	0	0	0	43648	0	0	0	0	0	0	0	0	0	82549	0	0	0	0	0	0	0	0	0	0	0	0	0	0	0	0	0	0	0	0	0	0	0	0	0	0	0	0	0	0	0	369043	0	0	0	0	0	0	0	0	0	0	0	0	0	0	0	0	0	0	0	0	0	0	0	0	0	0	0	0	0	0	0	0	0	0	0	0	97120	0	0	0	0	0	0
6670	≥…ƒÍÊœ∂”ÒÕ√	0	0	0	0	0	0	0	0	55912	0	0	0	0	0	0	0	0	0	97120	0	0	0	0	0	0	0	0	0	0	0	0	0	0	0	0	0	0	0	0	0	0	0	0	0	0	0	0	0	0	0	369043	0	0	0	0	0	0	0	0	0	0	0	0	0	0	0	0	0	0	0	0	0	0	0	0	0	0	0	0	0	0	0	0	0	0	0	0	112696	0	0	0	0	0	0
6671	±‰“ÏÊœ∂”ÒÕ√	0	0	0	0	0	0	0	0	55912	0	0	0	0	0	0	0	0	0	97120	0	0	0	0	0	0	0	0	0	0	0	0	0	0	0	0	0	0	0	0	0	0	0	0	0	0	0	0	0	0	0	369043	0	0	0	0	0	0	0	0	0	0	0	0	0	0	0	0	0	0	0	0	0	0	0	0	0	0	0	0	0	0	0	0	0	0	0	0	112696	0	0	0	0	0	0
6672	±‰“ÏÊœ∂”ÒÕ√	0	0	0	0	0	0	0	0	55912	0	0	0	0	0	0	0	0	0	97120	0	0	0	0	0	0	0	0	0	0	0	0	0	0	0	0	0	0	0	0	0	0	0	0	0	0	0	0	0	0	0	369043	0	0	0	0	0	0	0	0	0	0	0	0	0	0	0	0	0	0	0	0	0	0	0	0	0	0	0	0	0	0	0	0	0	0	0	0	112696	0	0	0	0	0	0
6673	±‰“ÏÊœ∂”ÒÕ√	0	0	0	0	0	0	0	0	55912	0	0	0	0	0	0	0	0	0	97120	0	0	0	0	0	0	0	0	0	0	0	0	0	0	0	0	0	0	0	0	0	0	0	0	0	0	0	0	0	0	0	369043	0	0	0	0	0	0	0	0	0	0	0	0	0	0	0	0	0	0	0	0	0	0	0	0	0	0	0	0	0	0	0	0	0	0	0	0	112696	0	0	0	0	0	0
6674	±‰“ÏÊœ∂”ÒÕ√	0	0	0	0	0	0	0	0	55912	0	0	0	0	0	0	0	0	0	97120	0	0	0	0	0	0	0	0	0	0	0	0	0	0	0	0	0	0	0	0	0	0	0	0	0	0	0	0	0	0	0	369043	0	0	0	0	0	0	0	0	0	0	0	0	0	0	0	0	0	0	0	0	0	0	0	0	0	0	0	0	0	0	0	0	0	0	0	0	112696	0	0	0	0	0	0
6675	±‰“ÏÊœ∂”ÒÕ√	0	0	0	0	0	0	0	0	55912	0	0	0	0	0	0	0	0	0	97120	0	0	0	0	0	0	0	0	0	0	0	0	0	0	0	0	0	0	0	0	0	0	0	0	0	0	0	0	0	0	0	369043	0	0	0	0	0	0	0	0	0	0	0	0	0	0	0	0	0	0	0	0	0	0	0	0	0	0	0	0	0	0	0	0	0	0	0	0	112696	0	0	0	0	0	0
6679	Êœ∂”ÒÕ√±¶±¶	0	0	0	0	0	0	0	0	55912	0	0	0	0	0	0	0	0	0	97120	0	0	0	0	0	0	0	0	0	0	0	0	0	0	0	0	0	0	0	0	0	0	0	0	0	0	0	0	0	0	0	369043	0	0	0	0	0	0	0	0	0	0	0	0	0	0	0	0	0	0	0	0	0	0	0	0	0	0	0	0	0	0	0	0	0	0	0	0	112696	0	0	0	0	0	0
6680	≥…ƒÍº‚—¿±©¡˙	0	0	0	0	0	0	0	0	0	20852	0	0	0	0	0	0	0	0	0	0	0	0	0	0	0	0	0	0	0	0	0	0	0	0	0	0	0	0	0	0	0	0	68850	0	0	0	0	0	0	0	0	0	0	0	55912	0	0	0	0	0	0	0	0	0	0	0	0	0	0	0	369043	0	0	0	0	0	0	0	0	0	0	0	0	0	0	0	0	0	0	0	0	0	0	0
6681	±‰“Ïº‚—¿±©¡˙	0	0	0	0	0	0	0	0	0	20852	0	0	0	0	0	0	0	0	0	0	0	0	0	0	0	0	0	0	0	0	0	0	0	0	0	0	0	0	0	0	0	0	68850	0	0	0	0	0	0	0	0	0	0	0	55912	0	0	0	0	0	0	0	0	0	0	0	0	0	0	0	369043	0	0	0	0	0	0	0	0	0	0	0	0	0	0	0	0	0	0	0	0	0	0	0
6682	±‰“Ïº‚—¿±©¡˙	0	0	0	0	0	0	0	0	0	20852	0	0	0	0	0	0	0	0	0	0	0	0	0	0	0	0	0	0	0	0	0	0	0	0	0	0	0	0	0	0	0	0	68850	0	0	0	0	0	0	0	0	0	0	0	55912	0	0	0	0	0	0	0	0	0	0	0	0	0	0	0	369043	0	0	0	0	0	0	0	0	0	0	0	0	0	0	0	0	0	0	0	0	0	0	0
6683	±‰“Ïº‚—¿±©¡˙	0	0	0	0	0	0	0	0	0	20852	0	0	0	0	0	0	0	0	0	0	0	0	0	0	0	0	0	0	0	0	0	0	0	0	0	0	0	0	0	0	0	0	68850	0	0	0	0	0	0	0	0	0	0	0	55912	0	0	0	0	0	0	0	0	0	0	0	0	0	0	0	369043	0	0	0	0	0	0	0	0	0	0	0	0	0	0	0	0	0	0	0	0	0	0	0
6689	º‚—¿±©¡˙±¶±¶	0	0	0	0	0	0	0	0	0	20852	0	0	0	0	0	0	0	0	0	0	0	0	0	0	0	0	0	0	0	0	0	0	0	0	0	0	0	0	0	0	0	0	68850	0	0	0	0	0	0	0	0	0	0	0	55912	0	0	0	0	0	0	0	0	0	0	0	0	0	0	0	369043	0	0	0	0	0	0	0	0	0	0	0	0	0	0	0	0	0	0	0	0	0	0	0
6690	≥…ƒÍ¿˚—¿±©¡˙	0	0	0	0	0	0	0	0	0	31981	0	0	0	0	0	0	0	0	0	0	0	0	0	0	0	0	0	0	0	0	0	0	0	0	0	0	0	0	0	0	0	0	82549	0	0	0	0	0	0	0	0	0	0	0	68850	0	0	0	0	0	0	0	0	0	0	0	0	0	0	0	369043	0	0	0	0	0	0	0	0	0	0	0	0	0	0	0	0	0	0	0	0	0	0	0
6691	±‰“Ï¿˚—¿±©¡˙	0	0	0	0	0	0	0	0	0	31981	0	0	0	0	0	0	0	0	0	0	0	0	0	0	0	0	0	0	0	0	0	0	0	0	0	0	0	0	0	0	0	0	82549	0	0	0	0	0	0	0	0	0	0	0	68850	0	0	0	0	0	0	0	0	0	0	0	0	0	0	0	369043	0	0	0	0	0	0	0	0	0	0	0	0	0	0	0	0	0	0	0	0	0	0	0
6692	±‰“Ï¿˚—¿±©¡˙	0	0	0	0	0	0	0	0	0	31981	0	0	0	0	0	0	0	0	0	0	0	0	0	0	0	0	0	0	0	0	0	0	0	0	0	0	0	0	0	0	0	0	82549	0	0	0	0	0	0	0	0	0	0	0	68850	0	0	0	0	0	0	0	0	0	0	0	0	0	0	0	369043	0	0	0	0	0	0	0	0	0	0	0	0	0	0	0	0	0	0	0	0	0	0	0
6693	±‰“Ï¿˚—¿±©¡˙	0	0	0	0	0	0	0	0	0	31981	0	0	0	0	0	0	0	0	0	0	0	0	0	0	0	0	0	0	0	0	0	0	0	0	0	0	0	0	0	0	0	0	82549	0	0	0	0	0	0	0	0	0	0	0	68850	0	0	0	0	0	0	0	0	0	0	0	0	0	0	0	369043	0	0	0	0	0	0	0	0	0	0	0	0	0	0	0	0	0	0	0	0	0	0	0
6694	±‰“Ï¿˚—¿±©¡˙	0	0	0	0	0	0	0	0	0	31981	0	0	0	0	0	0	0	0	0	0	0	0	0	0	0	0	0	0	0	0	0	0	0	0	0	0	0	0	0	0	0	0	82549	0	0	0	0	0	0	0	0	0	0	0	68850	0	0	0	0	0	0	0	0	0	0	0	0	0	0	0	369043	0	0	0	0	0	0	0	0	0	0	0	0	0	0	0	0	0	0	0	0	0	0	0
6699	¿˚—¿±©¡˙±¶±¶	0	0	0	0	0	0	0	0	0	31981	0	0	0	0	0	0	0	0	0	0	0	0	0	0	0	0	0	0	0	0	0	0	0	0	0	0	0	0	0	0	0	0	82549	0	0	0	0	0	0	0	0	0	0	0	68850	0	0	0	0	0	0	0	0	0	0	0	0	0	0	0	369043	0	0	0	0	0	0	0	0	0	0	0	0	0	0	0	0	0	0	0	0	0	0	0
6700	≥…ƒÍ∏÷—¿±©¡˙	0	0	0	0	0	0	0	0	0	43648	0	0	0	0	0	0	0	0	0	0	0	0	0	0	0	0	0	0	0	0	0	0	0	0	0	0	0	0	0	0	0	0	97120	0	0	0	0	0	0	0	0	0	0	0	82549	0	0	0	0	0	0	0	0	0	0	0	0	0	0	0	369043	0	0	0	0	0	0	0	0	0	0	0	0	0	0	0	0	0	0	0	0	0	0	0
6701	±‰“Ï∏÷—¿±©¡˙	0	0	0	0	0	0	0	0	0	43648	0	0	0	0	0	0	0	0	0	0	0	0	0	0	0	0	0	0	0	0	0	0	0	0	0	0	0	0	0	0	0	0	97120	0	0	0	0	0	0	0	0	0	0	0	82549	0	0	0	0	0	0	0	0	0	0	0	0	0	0	0	369043	0	0	0	0	0	0	0	0	0	0	0	0	0	0	0	0	0	0	0	0	0	0	0
6702	±‰“Ï∏÷—¿±©¡˙	0	0	0	0	0	0	0	0	0	43648	0	0	0	0	0	0	0	0	0	0	0	0	0	0	0	0	0	0	0	0	0	0	0	0	0	0	0	0	0	0	0	0	97120	0	0	0	0	0	0	0	0	0	0	0	82549	0	0	0	0	0	0	0	0	0	0	0	0	0	0	0	369043	0	0	0	0	0	0	0	0	0	0	0	0	0	0	0	0	0	0	0	0	0	0	0
6703	±‰“Ï∏÷—¿±©¡˙	0	0	0	0	0	0	0	0	0	43648	0	0	0	0	0	0	0	0	0	0	0	0	0	0	0	0	0	0	0	0	0	0	0	0	0	0	0	0	0	0	0	0	97120	0	0	0	0	0	0	0	0	0	0	0	82549	0	0	0	0	0	0	0	0	0	0	0	0	0	0	0	369043	0	0	0	0	0	0	0	0	0	0	0	0	0	0	0	0	0	0	0	0	0	0	0
6704	±‰“Ï∏÷—¿±©¡˙	0	0	0	0	0	0	0	0	0	43648	0	0	0	0	0	0	0	0	0	0	0	0	0	0	0	0	0	0	0	0	0	0	0	0	0	0	0	0	0	0	0	0	97120	0	0	0	0	0	0	0	0	0	0	0	82549	0	0	0	0	0	0	0	0	0	0	0	0	0	0	0	369043	0	0	0	0	0	0	0	0	0	0	0	0	0	0	0	0	0	0	0	0	0	0	0
6705	±‰“Ï∏÷—¿±©¡˙	0	0	0	0	0	0	0	0	0	43648	0	0	0	0	0	0	0	0	0	0	0	0	0	0	0	0	0	0	0	0	0	0	0	0	0	0	0	0	0	0	0	0	97120	0	0	0	0	0	0	0	0	0	0	0	82549	0	0	0	0	0	0	0	0	0	0	0	0	0	0	0	369043	0	0	0	0	0	0	0	0	0	0	0	0	0	0	0	0	0	0	0	0	0	0	0
6709	∏÷—¿±©¡˙±¶±¶	0	0	0	0	0	0	0	0	0	55912	0	0	0	0	0	0	0	0	0	0	0	0	0	0	0	0	0	0	0	0	0	0	0	0	0	0	0	0	0	0	0	0	97120	0	0	0	0	0	0	0	0	0	0	0	97120	0	0	0	0	0	0	0	0	0	0	0	0	0	0	0	369043	0	0	0	0	0	0	0	0	0	0	0	0	0	0	0	0	0	0	0	0	0	0	0
6710	≥…ƒÍ—™—¿±©¡˙	0	0	0	0	0	0	0	0	0	55912	0	0	0	0	0	0	0	0	0	0	0	0	0	0	0	0	0	0	0	0	0	0	0	0	0	0	0	0	0	0	0	0	112696	0	0	0	0	0	0	0	0	0	0	0	97120	0	0	0	0	0	0	0	0	0	0	0	0	0	0	0	369043	0	0	0	0	0	0	0	0	0	0	0	0	0	0	0	0	0	0	0	0	0	0	0
6711	±‰“Ï—™—¿±©¡˙	0	0	0	0	0	0	0	0	0	55912	0	0	0	0	0	0	0	0	0	0	0	0	0	0	0	0	0	0	0	0	0	0	0	0	0	0	0	0	0	0	0	0	112696	0	0	0	0	0	0	0	0	0	0	0	97120	0	0	0	0	0	0	0	0	0	0	0	0	0	0	0	369043	0	0	0	0	0	0	0	0	0	0	0	0	0	0	0	0	0	0	0	0	0	0	0
6712	±‰“Ï—™—¿±©¡˙	0	0	0	0	0	0	0	0	0	55912	0	0	0	0	0	0	0	0	0	0	0	0	0	0	0	0	0	0	0	0	0	0	0	0	0	0	0	0	0	0	0	0	112696	0	0	0	0	0	0	0	0	0	0	0	97120	0	0	0	0	0	0	0	0	0	0	0	0	0	0	0	369043	0	0	0	0	0	0	0	0	0	0	0	0	0	0	0	0	0	0	0	0	0	0	0
6713	±‰“Ï—™—¿±©¡˙	0	0	0	0	0	0	0	0	0	55912	0	0	0	0	0	0	0	0	0	0	0	0	0	0	0	0	0	0	0	0	0	0	0	0	0	0	0	0	0	0	0	0	112696	0	0	0	0	0	0	0	0	0	0	0	97120	0	0	0	0	0	0	0	0	0	0	0	0	0	0	0	369043	0	0	0	0	0	0	0	0	0	0	0	0	0	0	0	0	0	0	0	0	0	0	0
6714	±‰“Ï—™—¿±©¡˙	0	0	0	0	0	0	0	0	0	55912	0	0	0	0	0	0	0	0	0	0	0	0	0	0	0	0	0	0	0	0	0	0	0	0	0	0	0	0	0	0	0	0	112696	0	0	0	0	0	0	0	0	0	0	0	97120	0	0	0	0	0	0	0	0	0	0	0	0	0	0	0	369043	0	0	0	0	0	0	0	0	0	0	0	0	0	0	0	0	0	0	0	0	0	0	0
6715	±‰“Ï—™—¿±©¡˙	0	0	0	0	0	0	0	0	0	55912	0	0	0	0	0	0	0	0	0	0	0	0	0	0	0	0	0	0	0	0	0	0	0	0	0	0	0	0	0	0	0	0	112696	0	0	0	0	0	0	0	0	0	0	0	97120	0	0	0	0	0	0	0	0	0	0	0	0	0	0	0	369043	0	0	0	0	0	0	0	0	0	0	0	0	0	0	0	0	0	0	0	0	0	0	0
6716	±‰“Ï—™—¿±©¡˙	0	0	0	0	0	0	0	0	0	55912	0	0	0	0	0	0	0	0	0	0	0	0	0	0	0	0	0	0	0	0	0	0	0	0	0	0	0	0	0	0	0	0	112696	0	0	0	0	0	0	0	0	0	0	0	97120	0	0	0	0	0	0	0	0	0	0	0	0	0	0	0	369043	0	0	0	0	0	0	0	0	0	0	0	0	0	0	0	0	0	0	0	0	0	0	0
6719	—™—¿±©¡˙±¶±¶	0	0	0	0	0	0	0	0	0	55912	0	0	0	0	0	0	0	0	0	0	0	0	0	0	0	0	0	0	0	0	0	0	0	0	0	0	0	0	0	0	0	0	112696	0	0	0	0	0	0	0	0	0	0	0	97120	0	0	0	0	0	0	0	0	0	0	0	0	0	0	0	369043	0	0	0	0	0	0	0	0	0	0	0	0	0	0	0	0	0	0	0	0	0	0	0
7500	≥…ƒÍ—º◊Ï ﬁ	0	0	0	0	55912	0	0	0	0	0	0	0	0	0	0	0	0	0	0	0	0	0	0	0	0	0	0	0	0	0	0	0	0	0	0	0	0	0	0	0	0	0	0	0	0	0	0	0	0	0	0	0	0	0	0	0	0	0	0	0	0	0	0	0	0	0	0	0	0	0	0	0	0	0	0	0	369043	0	0	0	0	0	20852	0	68850	0	0	0	0	0	0	0	0	0
7501	±‰“Ï—º◊Ï ﬁ	0	0	0	0	55912	0	0	0	0	0	0	0	0	0	0	0	0	0	0	0	0	0	0	0	0	0	0	0	0	0	0	0	0	0	0	0	0	0	0	0	0	0	0	0	0	0	0	0	0	0	0	0	0	0	0	0	0	0	0	0	0	0	0	0	0	0	0	0	0	0	0	0	0	0	0	0	369043	0	0	0	0	0	20852	0	68850	0	0	0	0	0	0	0	0	0
7502	±‰“Ï—º◊Ï ﬁ	0	0	0	0	55912	0	0	0	0	0	0	0	0	0	0	0	0	0	0	0	0	0	0	0	0	0	0	0	0	0	0	0	0	0	0	0	0	0	0	0	0	0	0	0	0	0	0	0	0	0	0	0	0	0	0	0	0	0	0	0	0	0	0	0	0	0	0	0	0	0	0	0	0	0	0	0	369043	0	0	0	0	0	20852	0	68850	0	0	0	0	0	0	0	0	0
7509	—º◊Ï ﬁ±¶±¶	0	0	0	0	55912	0	0	0	0	0	0	0	0	0	0	0	0	0	0	0	0	0	0	0	0	0	0	0	0	0	0	0	0	0	0	0	0	0	0	0	0	0	0	0	0	0	0	0	0	0	0	0	0	0	0	0	0	0	0	0	0	0	0	0	0	0	0	0	0	0	0	0	0	0	0	0	369043	0	0	0	0	0	20852	0	68850	0	0	0	0	0	0	0	0	0
7510	≥…ƒÍ—º◊Ï ﬁ	0	0	0	0	68850	0	0	0	0	0	0	0	0	0	0	0	0	0	0	0	0	0	0	0	0	0	0	0	0	0	0	0	0	0	0	0	0	0	0	0	0	0	0	0	0	0	0	0	0	0	0	0	0	0	0	0	0	0	0	0	0	0	0	0	0	0	0	0	0	0	0	0	0	0	0	0	369043	0	0	0	0	0	31981	0	82549	0	0	0	0	0	0	0	0	0
7511	±‰“Ï—º◊Ï ﬁ	0	0	0	0	68850	0	0	0	0	0	0	0	0	0	0	0	0	0	0	0	0	0	0	0	0	0	0	0	0	0	0	0	0	0	0	0	0	0	0	0	0	0	0	0	0	0	0	0	0	0	0	0	0	0	0	0	0	0	0	0	0	0	0	0	0	0	0	0	0	0	0	0	0	0	0	0	369043	0	0	0	0	0	31981	0	82549	0	0	0	0	0	0	0	0	0
7512	±‰“Ï—º◊Ï ﬁ	0	0	0	0	68850	0	0	0	0	0	0	0	0	0	0	0	0	0	0	0	0	0	0	0	0	0	0	0	0	0	0	0	0	0	0	0	0	0	0	0	0	0	0	0	0	0	0	0	0	0	0	0	0	0	0	0	0	0	0	0	0	0	0	0	0	0	0	0	0	0	0	0	0	0	0	0	369043	0	0	0	0	0	31981	0	82549	0	0	0	0	0	0	0	0	0
7513	±‰“Ï—º◊Ï ﬁ	0	0	0	0	68850	0	0	0	0	0	0	0	0	0	0	0	0	0	0	0	0	0	0	0	0	0	0	0	0	0	0	0	0	0	0	0	0	0	0	0	0	0	0	0	0	0	0	0	0	0	0	0	0	0	0	0	0	0	0	0	0	0	0	0	0	0	0	0	0	0	0	0	0	0	0	0	369043	0	0	0	0	0	31981	0	82549	0	0	0	0	0	0	0	0	0
7519	—º◊Ï ﬁ±¶±¶	0	0	0	0	68850	0	0	0	0	0	0	0	0	0	0	0	0	0	0	0	0	0	0	0	0	0	0	0	0	0	0	0	0	0	0	0	0	0	0	0	0	0	0	0	0	0	0	0	0	0	0	0	0	0	0	0	0	0	0	0	0	0	0	0	0	0	0	0	0	0	0	0	0	0	0	0	369043	0	0	0	0	0	31981	0	82549	0	0	0	0	0	0	0	0	0
7520	≥…ƒÍ—º◊Ï ﬁ	0	0	0	0	82549	0	0	0	0	0	0	0	0	0	0	0	0	0	0	0	0	0	0	0	0	0	0	0	0	0	0	0	0	0	0	0	0	0	0	0	0	0	0	0	0	0	0	0	0	0	0	0	0	0	0	0	0	0	0	0	0	0	0	0	0	0	0	0	0	0	0	0	0	0	0	0	369043	0	0	0	0	0	43648	0	97120	0	0	0	0	0	0	0	0	0
7521	±‰“Ï—º◊Ï ﬁ	0	0	0	0	82549	0	0	0	0	0	0	0	0	0	0	0	0	0	0	0	0	0	0	0	0	0	0	0	0	0	0	0	0	0	0	0	0	0	0	0	0	0	0	0	0	0	0	0	0	0	0	0	0	0	0	0	0	0	0	0	0	0	0	0	0	0	0	0	0	0	0	0	0	0	0	0	369043	0	0	0	0	0	43648	0	97120	0	0	0	0	0	0	0	0	0
7522	±‰“Ï—º◊Ï ﬁ	0	0	0	0	82549	0	0	0	0	0	0	0	0	0	0	0	0	0	0	0	0	0	0	0	0	0	0	0	0	0	0	0	0	0	0	0	0	0	0	0	0	0	0	0	0	0	0	0	0	0	0	0	0	0	0	0	0	0	0	0	0	0	0	0	0	0	0	0	0	0	0	0	0	0	0	0	369043	0	0	0	0	0	43648	0	97120	0	0	0	0	0	0	0	0	0
7523	±‰“Ï—º◊Ï ﬁ	0	0	0	0	82549	0	0	0	0	0	0	0	0	0	0	0	0	0	0	0	0	0	0	0	0	0	0	0	0	0	0	0	0	0	0	0	0	0	0	0	0	0	0	0	0	0	0	0	0	0	0	0	0	0	0	0	0	0	0	0	0	0	0	0	0	0	0	0	0	0	0	0	0	0	0	0	369043	0	0	0	0	0	43648	0	97120	0	0	0	0	0	0	0	0	0
7524	±‰“Ï—º◊Ï ﬁ	0	0	0	0	82549	0	0	0	0	0	0	0	0	0	0	0	0	0	0	0	0	0	0	0	0	0	0	0	0	0	0	0	0	0	0	0	0	0	0	0	0	0	0	0	0	0	0	0	0	0	0	0	0	0	0	0	0	0	0	0	0	0	0	0	0	0	0	0	0	0	0	0	0	0	0	0	369043	0	0	0	0	0	43648	0	97120	0	0	0	0	0	0	0	0	0
7529	—º◊Ï ﬁ±¶±¶	0	0	0	0	82549	0	0	0	0	0	0	0	0	0	0	0	0	0	0	0	0	0	0	0	0	0	0	0	0	0	0	0	0	0	0	0	0	0	0	0	0	0	0	0	0	0	0	0	0	0	0	0	0	0	0	0	0	0	0	0	0	0	0	0	0	0	0	0	0	0	0	0	0	0	0	0	369043	0	0	0	0	0	43648	0	97120	0	0	0	0	0	0	0	0	0
7530	≥…ƒÍ—º◊Ï ﬁ	0	0	0	0	97120	0	0	0	0	0	0	0	0	0	0	0	0	0	0	0	0	0	0	0	0	0	0	0	0	0	0	0	0	0	0	0	0	0	0	0	0	0	0	0	0	0	0	0	0	0	0	0	0	0	0	0	0	0	0	0	0	0	0	0	0	0	0	0	0	0	0	0	0	0	0	0	369043	0	0	0	0	0	55912	0	112696	0	0	0	0	0	0	0	0	0
7531	±‰“Ï—º◊Ï ﬁ	0	0	0	0	97120	0	0	0	0	0	0	0	0	0	0	0	0	0	0	0	0	0	0	0	0	0	0	0	0	0	0	0	0	0	0	0	0	0	0	0	0	0	0	0	0	0	0	0	0	0	0	0	0	0	0	0	0	0	0	0	0	0	0	0	0	0	0	0	0	0	0	0	0	0	0	0	369043	0	0	0	0	0	55912	0	112696	0	0	0	0	0	0	0	0	0
7532	±‰“Ï—º◊Ï ﬁ	0	0	0	0	97120	0	0	0	0	0	0	0	0	0	0	0	0	0	0	0	0	0	0	0	0	0	0	0	0	0	0	0	0	0	0	0	0	0	0	0	0	0	0	0	0	0	0	0	0	0	0	0	0	0	0	0	0	0	0	0	0	0	0	0	0	0	0	0	0	0	0	0	0	0	0	0	369043	0	0	0	0	0	55912	0	112696	0	0	0	0	0	0	0	0	0
7533	±‰“Ï—º◊Ï ﬁ	0	0	0	0	97120	0	0	0	0	0	0	0	0	0	0	0	0	0	0	0	0	0	0	0	0	0	0	0	0	0	0	0	0	0	0	0	0	0	0	0	0	0	0	0	0	0	0	0	0	0	0	0	0	0	0	0	0	0	0	0	0	0	0	0	0	0	0	0	0	0	0	0	0	0	0	0	369043	0	0	0	0	0	55912	0	112696	0	0	0	0	0	0	0	0	0
7534	±‰“Ï—º◊Ï ﬁ	0	0	0	0	97120	0	0	0	0	0	0	0	0	0	0	0	0	0	0	0	0	0	0	0	0	0	0	0	0	0	0	0	0	0	0	0	0	0	0	0	0	0	0	0	0	0	0	0	0	0	0	0	0	0	0	0	0	0	0	0	0	0	0	0	0	0	0	0	0	0	0	0	0	0	0	0	369043	0	0	0	0	0	55912	0	112696	0	0	0	0	0	0	0	0	0
7535	±‰“Ï—º◊Ï ﬁ	0	0	0	0	97120	0	0	0	0	0	0	0	0	0	0	0	0	0	0	0	0	0	0	0	0	0	0	0	0	0	0	0	0	0	0	0	0	0	0	0	0	0	0	0	0	0	0	0	0	0	0	0	0	0	0	0	0	0	0	0	0	0	0	0	0	0	0	0	0	0	0	0	0	0	0	0	369043	0	0	0	0	0	55912	0	112696	0	0	0	0	0	0	0	0	0
7539	—º◊Ï ﬁ±¶±¶	0	0	0	0	97120	0	0	0	0	0	0	0	0	0	0	0	0	0	0	0	0	0	0	0	0	0	0	0	0	0	0	0	0	0	0	0	0	0	0	0	0	0	0	0	0	0	0	0	0	0	0	0	0	0	0	0	0	0	0	0	0	0	0	0	0	0	0	0	0	0	0	0	0	0	0	0	369043	0	0	0	0	0	55912	0	112696	0	0	0	0	0	0	0	0	0
7540	≥…ƒÍ—º◊Ï ﬁ	0	0	0	0	112696	0	0	0	0	0	0	0	0	0	0	0	0	0	0	0	0	0	0	0	0	0	0	0	0	0	0	0	0	0	0	0	0	0	0	0	0	0	0	0	0	0	0	0	0	0	0	0	0	0	0	0	0	0	0	0	0	0	0	0	0	0	0	0	0	0	0	0	0	0	0	0	369043	0	0	0	0	0	68850	0	129449	0	0	0	0	0	0	0	0	0
7541	±‰“Ï—º◊Ï ﬁ	0	0	0	0	112696	0	0	0	0	0	0	0	0	0	0	0	0	0	0	0	0	0	0	0	0	0	0	0	0	0	0	0	0	0	0	0	0	0	0	0	0	0	0	0	0	0	0	0	0	0	0	0	0	0	0	0	0	0	0	0	0	0	0	0	0	0	0	0	0	0	0	0	0	0	0	0	369043	0	0	0	0	0	68850	0	129449	0	0	0	0	0	0	0	0	0
7542	±‰“Ï—º◊Ï ﬁ	0	0	0	0	112696	0	0	0	0	0	0	0	0	0	0	0	0	0	0	0	0	0	0	0	0	0	0	0	0	0	0	0	0	0	0	0	0	0	0	0	0	0	0	0	0	0	0	0	0	0	0	0	0	0	0	0	0	0	0	0	0	0	0	0	0	0	0	0	0	0	0	0	0	0	0	0	369043	0	0	0	0	0	68850	0	129449	0	0	0	0	0	0	0	0	0
7543	±‰“Ï—º◊Ï ﬁ	0	0	0	0	112696	0	0	0	0	0	0	0	0	0	0	0	0	0	0	0	0	0	0	0	0	0	0	0	0	0	0	0	0	0	0	0	0	0	0	0	0	0	0	0	0	0	0	0	0	0	0	0	0	0	0	0	0	0	0	0	0	0	0	0	0	0	0	0	0	0	0	0	0	0	0	0	369043	0	0	0	0	0	68850	0	129449	0	0	0	0	0	0	0	0	0
7544	±‰“Ï—º◊Ï ﬁ	0	0	0	0	112696	0	0	0	0	0	0	0	0	0	0	0	0	0	0	0	0	0	0	0	0	0	0	0	0	0	0	0	0	0	0	0	0	0	0	0	0	0	0	0	0	0	0	0	0	0	0	0	0	0	0	0	0	0	0	0	0	0	0	0	0	0	0	0	0	0	0	0	0	0	0	0	369043	0	0	0	0	0	68850	0	129449	0	0	0	0	0	0	0	0	0
7545	±‰“Ï—º◊Ï ﬁ	0	0	0	0	112696	0	0	0	0	0	0	0	0	0	0	0	0	0	0	0	0	0	0	0	0	0	0	0	0	0	0	0	0	0	0	0	0	0	0	0	0	0	0	0	0	0	0	0	0	0	0	0	0	0	0	0	0	0	0	0	0	0	0	0	0	0	0	0	0	0	0	0	0	0	0	0	369043	0	0	0	0	0	68850	0	129449	0	0	0	0	0	0	0	0	0
7546	±‰“Ï—º◊Ï ﬁ	0	0	0	0	112696	0	0	0	0	0	0	0	0	0	0	0	0	0	0	0	0	0	0	0	0	0	0	0	0	0	0	0	0	0	0	0	0	0	0	0	0	0	0	0	0	0	0	0	0	0	0	0	0	0	0	0	0	0	0	0	0	0	0	0	0	0	0	0	0	0	0	0	0	0	0	0	369043	0	0	0	0	0	68850	0	129449	0	0	0	0	0	0	0	0	0
7549	—º◊Ï ﬁ±¶±¶	0	0	0	0	112696	0	0	0	0	0	0	0	0	0	0	0	0	0	0	0	0	0	0	0	0	0	0	0	0	0	0	0	0	0	0	0	0	0	0	0	0	0	0	0	0	0	0	0	0	0	0	0	0	0	0	0	0	0	0	0	0	0	0	0	0	0	0	0	0	0	0	0	0	0	0	0	369043	0	0	0	0	0	68850	0	129449	0	0	0	0	0	0	0	0	0
7550	≥…ƒÍ—º◊Ï ﬁ	0	0	0	0	129449	0	0	0	0	0	0	0	0	0	0	0	0	0	0	0	0	0	0	0	0	0	0	0	0	0	0	0	0	0	0	0	0	0	0	0	0	0	0	0	0	0	0	0	0	0	0	0	0	0	0	0	0	0	0	0	0	0	0	0	0	0	0	0	0	0	0	0	0	0	0	0	369043	0	0	0	0	0	82549	0	147602	0	0	0	0	0	0	0	0	0
7551	±‰“Ï—º◊Ï ﬁ	0	0	0	0	129449	0	0	0	0	0	0	0	0	0	0	0	0	0	0	0	0	0	0	0	0	0	0	0	0	0	0	0	0	0	0	0	0	0	0	0	0	0	0	0	0	0	0	0	0	0	0	0	0	0	0	0	0	0	0	0	0	0	0	0	0	0	0	0	0	0	0	0	0	0	0	0	369043	0	0	0	0	0	82549	0	147602	0	0	0	0	0	0	0	0	0
7552	±‰“Ï—º◊Ï ﬁ	0	0	0	0	129449	0	0	0	0	0	0	0	0	0	0	0	0	0	0	0	0	0	0	0	0	0	0	0	0	0	0	0	0	0	0	0	0	0	0	0	0	0	0	0	0	0	0	0	0	0	0	0	0	0	0	0	0	0	0	0	0	0	0	0	0	0	0	0	0	0	0	0	0	0	0	0	369043	0	0	0	0	0	82549	0	147602	0	0	0	0	0	0	0	0	0
7553	±‰“Ï—º◊Ï ﬁ	0	0	0	0	129449	0	0	0	0	0	0	0	0	0	0	0	0	0	0	0	0	0	0	0	0	0	0	0	0	0	0	0	0	0	0	0	0	0	0	0	0	0	0	0	0	0	0	0	0	0	0	0	0	0	0	0	0	0	0	0	0	0	0	0	0	0	0	0	0	0	0	0	0	0	0	0	369043	0	0	0	0	0	82549	0	147602	0	0	0	0	0	0	0	0	0
7554	±‰“Ï—º◊Ï ﬁ	0	0	0	0	129449	0	0	0	0	0	0	0	0	0	0	0	0	0	0	0	0	0	0	0	0	0	0	0	0	0	0	0	0	0	0	0	0	0	0	0	0	0	0	0	0	0	0	0	0	0	0	0	0	0	0	0	0	0	0	0	0	0	0	0	0	0	0	0	0	0	0	0	0	0	0	0	369043	0	0	0	0	0	82549	0	147602	0	0	0	0	0	0	0	0	0
7555	±‰“Ï—º◊Ï ﬁ	0	0	0	0	129449	0	0	0	0	0	0	0	0	0	0	0	0	0	0	0	0	0	0	0	0	0	0	0	0	0	0	0	0	0	0	0	0	0	0	0	0	0	0	0	0	0	0	0	0	0	0	0	0	0	0	0	0	0	0	0	0	0	0	0	0	0	0	0	0	0	0	0	0	0	0	0	369043	0	0	0	0	0	82549	0	147602	0	0	0	0	0	0	0	0	0
7556	±‰“Ï—º◊Ï ﬁ	0	0	0	0	129449	0	0	0	0	0	0	0	0	0	0	0	0	0	0	0	0	0	0	0	0	0	0	0	0	0	0	0	0	0	0	0	0	0	0	0	0	0	0	0	0	0	0	0	0	0	0	0	0	0	0	0	0	0	0	0	0	0	0	0	0	0	0	0	0	0	0	0	0	0	0	0	369043	0	0	0	0	0	82549	0	147602	0	0	0	0	0	0	0	0	0
7557	±‰“Ï—º◊Ï ﬁ	0	0	0	0	129449	0	0	0	0	0	0	0	0	0	0	0	0	0	0	0	0	0	0	0	0	0	0	0	0	0	0	0	0	0	0	0	0	0	0	0	0	0	0	0	0	0	0	0	0	0	0	0	0	0	0	0	0	0	0	0	0	0	0	0	0	0	0	0	0	0	0	0	0	0	0	0	369043	0	0	0	0	0	82549	0	147602	0	0	0	0	0	0	0	0	0
7559	—º◊Ï ﬁ±¶±¶	0	0	0	0	129449	0	0	0	0	0	0	0	0	0	0	0	0	0	0	0	0	0	0	0	0	0	0	0	0	0	0	0	0	0	0	0	0	0	0	0	0	0	0	0	0	0	0	0	0	0	0	0	0	0	0	0	0	0	0	0	0	0	0	0	0	0	0	0	0	0	0	0	0	0	0	0	369043	0	0	0	0	0	82549	0	147602	0	0	0	0	0	0	0	0	0
7560	≥…ƒÍ—º◊Ï ﬁ	0	0	0	0	147602	0	0	0	0	0	0	0	0	0	0	0	0	0	0	0	0	0	0	0	0	0	0	0	0	0	0	0	0	0	0	0	0	0	0	0	0	0	0	0	0	0	0	0	0	0	0	0	0	0	0	0	0	0	0	0	0	0	0	0	0	0	0	0	0	0	0	0	0	0	0	0	369043	0	0	0	0	0	97120	0	167447	0	0	0	0	0	0	0	0	0
7561	±‰“Ï—º◊Ï ﬁ	0	0	0	0	147602	0	0	0	0	0	0	0	0	0	0	0	0	0	0	0	0	0	0	0	0	0	0	0	0	0	0	0	0	0	0	0	0	0	0	0	0	0	0	0	0	0	0	0	0	0	0	0	0	0	0	0	0	0	0	0	0	0	0	0	0	0	0	0	0	0	0	0	0	0	0	0	369043	0	0	0	0	0	97120	0	167447	0	0	0	0	0	0	0	0	0
7562	±‰“Ï—º◊Ï ﬁ	0	0	0	0	147602	0	0	0	0	0	0	0	0	0	0	0	0	0	0	0	0	0	0	0	0	0	0	0	0	0	0	0	0	0	0	0	0	0	0	0	0	0	0	0	0	0	0	0	0	0	0	0	0	0	0	0	0	0	0	0	0	0	0	0	0	0	0	0	0	0	0	0	0	0	0	0	369043	0	0	0	0	0	97120	0	167447	0	0	0	0	0	0	0	0	0
7563	±‰“Ï—º◊Ï ﬁ	0	0	0	0	147602	0	0	0	0	0	0	0	0	0	0	0	0	0	0	0	0	0	0	0	0	0	0	0	0	0	0	0	0	0	0	0	0	0	0	0	0	0	0	0	0	0	0	0	0	0	0	0	0	0	0	0	0	0	0	0	0	0	0	0	0	0	0	0	0	0	0	0	0	0	0	0	369043	0	0	0	0	0	97120	0	167447	0	0	0	0	0	0	0	0	0
7564	±‰“Ï—º◊Ï ﬁ	0	0	0	0	147602	0	0	0	0	0	0	0	0	0	0	0	0	0	0	0	0	0	0	0	0	0	0	0	0	0	0	0	0	0	0	0	0	0	0	0	0	0	0	0	0	0	0	0	0	0	0	0	0	0	0	0	0	0	0	0	0	0	0	0	0	0	0	0	0	0	0	0	0	0	0	0	369043	0	0	0	0	0	97120	0	167447	0	0	0	0	0	0	0	0	0
7565	±‰“Ï—º◊Ï ﬁ	0	0	0	0	147602	0	0	0	0	0	0	0	0	0	0	0	0	0	0	0	0	0	0	0	0	0	0	0	0	0	0	0	0	0	0	0	0	0	0	0	0	0	0	0	0	0	0	0	0	0	0	0	0	0	0	0	0	0	0	0	0	0	0	0	0	0	0	0	0	0	0	0	0	0	0	0	369043	0	0	0	0	0	97120	0	167447	0	0	0	0	0	0	0	0	0
7566	±‰“Ï—º◊Ï ﬁ	0	0	0	0	147602	0	0	0	0	0	0	0	0	0	0	0	0	0	0	0	0	0	0	0	0	0	0	0	0	0	0	0	0	0	0	0	0	0	0	0	0	0	0	0	0	0	0	0	0	0	0	0	0	0	0	0	0	0	0	0	0	0	0	0	0	0	0	0	0	0	0	0	0	0	0	0	369043	0	0	0	0	0	97120	0	167447	0	0	0	0	0	0	0	0	0
7567	±‰“Ï—º◊Ï ﬁ	0	0	0	0	147602	0	0	0	0	0	0	0	0	0	0	0	0	0	0	0	0	0	0	0	0	0	0	0	0	0	0	0	0	0	0	0	0	0	0	0	0	0	0	0	0	0	0	0	0	0	0	0	0	0	0	0	0	0	0	0	0	0	0	0	0	0	0	0	0	0	0	0	0	0	0	0	369043	0	0	0	0	0	97120	0	167447	0	0	0	0	0	0	0	0	0
7568	±‰“Ï—º◊Ï ﬁ	0	0	0	0	147602	0	0	0	0	0	0	0	0	0	0	0	0	0	0	0	0	0	0	0	0	0	0	0	0	0	0	0	0	0	0	0	0	0	0	0	0	0	0	0	0	0	0	0	0	0	0	0	0	0	0	0	0	0	0	0	0	0	0	0	0	0	0	0	0	0	0	0	0	0	0	0	369043	0	0	0	0	0	97120	0	167447	0	0	0	0	0	0	0	0	0
7569	—º◊Ï ﬁ±¶±¶	0	0	0	0	147602	0	0	0	0	0	0	0	0	0	0	0	0	0	0	0	0	0	0	0	0	0	0	0	0	0	0	0	0	0	0	0	0	0	0	0	0	0	0	0	0	0	0	0	0	0	0	0	0	0	0	0	0	0	0	0	0	0	0	0	0	0	0	0	0	0	0	0	0	0	0	0	369043	0	0	0	0	0	97120	0	167447	0	0	0	0	0	0	0	0	0
7570	≥…ƒÍ—©∫¸	0	0	0	0	0	0	0	0	0	0	0	0	0	0	0	0	0	0	0	0	0	0	0	0	0	0	0	0	0	0	0	0	0	0	0	0	0	0	0	0	0	0	0	0	0	0	0	0	68850	0	55912	0	0	0	0	0	0	0	0	0	20852	0	0	0	0	0	0	0	0	0	0	0	0	0	0	0	0	0	0	0	0	0	369043	0	0	0	0	0	0	0	0	0	0	0
7571	±‰“Ï—©∫¸	0	0	0	0	0	0	0	0	0	0	0	0	0	0	0	0	0	0	0	0	0	0	0	0	0	0	0	0	0	0	0	0	0	0	0	0	0	0	0	0	0	0	0	0	0	0	0	0	68850	0	55912	0	0	0	0	0	0	0	0	0	20852	0	0	0	0	0	0	0	0	0	0	0	0	0	0	0	0	0	0	0	0	0	369043	0	0	0	0	0	0	0	0	0	0	0
7572	±‰“Ï—©∫¸	0	0	0	0	0	0	0	0	0	0	0	0	0	0	0	0	0	0	0	0	0	0	0	0	0	0	0	0	0	0	0	0	0	0	0	0	0	0	0	0	0	0	0	0	0	0	0	0	68850	0	55912	0	0	0	0	0	0	0	0	0	20852	0	0	0	0	0	0	0	0	0	0	0	0	0	0	0	0	0	0	0	0	0	369043	0	0	0	0	0	0	0	0	0	0	0
7579	—©∫¸±¶±¶	0	0	0	0	0	0	0	0	0	0	0	0	0	0	0	0	0	0	0	0	0	0	0	0	0	0	0	0	0	0	0	0	0	0	0	0	0	0	0	0	0	0	0	0	0	0	0	0	68850	0	55912	0	0	0	0	0	0	0	0	0	20852	0	0	0	0	0	0	0	0	0	0	0	0	0	0	0	0	0	0	0	0	0	369043	0	0	0	0	0	0	0	0	0	0	0
7580	≥…ƒÍ—©∫¸	0	0	0	0	0	0	0	0	0	0	0	0	0	0	0	0	0	0	0	0	0	0	0	0	0	0	0	0	0	0	0	0	0	0	0	0	0	0	0	0	0	0	0	0	0	0	0	0	82549	0	68850	0	0	0	0	0	0	0	0	0	31981	0	0	0	0	0	0	0	0	0	0	0	0	0	0	0	0	0	0	0	0	0	369043	0	0	0	0	0	0	0	0	0	0	0
7581	±‰“Ï—©∫¸	0	0	0	0	0	0	0	0	0	0	0	0	0	0	0	0	0	0	0	0	0	0	0	0	0	0	0	0	0	0	0	0	0	0	0	0	0	0	0	0	0	0	0	0	0	0	0	0	82549	0	68850	0	0	0	0	0	0	0	0	0	31981	0	0	0	0	0	0	0	0	0	0	0	0	0	0	0	0	0	0	0	0	0	369043	0	0	0	0	0	0	0	0	0	0	0
7582	±‰“Ï—©∫¸	0	0	0	0	0	0	0	0	0	0	0	0	0	0	0	0	0	0	0	0	0	0	0	0	0	0	0	0	0	0	0	0	0	0	0	0	0	0	0	0	0	0	0	0	0	0	0	0	82549	0	68850	0	0	0	0	0	0	0	0	0	31981	0	0	0	0	0	0	0	0	0	0	0	0	0	0	0	0	0	0	0	0	0	369043	0	0	0	0	0	0	0	0	0	0	0
7583	±‰“Ï—©∫¸	0	0	0	0	0	0	0	0	0	0	0	0	0	0	0	0	0	0	0	0	0	0	0	0	0	0	0	0	0	0	0	0	0	0	0	0	0	0	0	0	0	0	0	0	0	0	0	0	82549	0	68850	0	0	0	0	0	0	0	0	0	31981	0	0	0	0	0	0	0	0	0	0	0	0	0	0	0	0	0	0	0	0	0	369043	0	0	0	0	0	0	0	0	0	0	0
7589	—©∫¸±¶±¶	0	0	0	0	0	0	0	0	0	0	0	0	0	0	0	0	0	0	0	0	0	0	0	0	0	0	0	0	0	0	0	0	0	0	0	0	0	0	0	0	0	0	0	0	0	0	0	0	82549	0	68850	0	0	0	0	0	0	0	0	0	31981	0	0	0	0	0	0	0	0	0	0	0	0	0	0	0	0	0	0	0	0	0	369043	0	0	0	0	0	0	0	0	0	0	0
7590	≥…ƒÍ—©∫¸	0	0	0	0	0	0	0	0	0	0	0	0	0	0	0	0	0	0	0	0	0	0	0	0	0	0	0	0	0	0	0	0	0	0	0	0	0	0	0	0	0	0	0	0	0	0	0	0	97120	0	82549	0	0	0	0	0	0	0	0	0	43648	0	0	0	0	0	0	0	0	0	0	0	0	0	0	0	0	0	0	0	0	0	369043	0	0	0	0	0	0	0	0	0	0	0
7591	±‰“Ï—©∫¸	0	0	0	0	0	0	0	0	0	0	0	0	0	0	0	0	0	0	0	0	0	0	0	0	0	0	0	0	0	0	0	0	0	0	0	0	0	0	0	0	0	0	0	0	0	0	0	0	97120	0	82549	0	0	0	0	0	0	0	0	0	43648	0	0	0	0	0	0	0	0	0	0	0	0	0	0	0	0	0	0	0	0	0	369043	0	0	0	0	0	0	0	0	0	0	0
7592	±‰“Ï—©∫¸	0	0	0	0	0	0	0	0	0	0	0	0	0	0	0	0	0	0	0	0	0	0	0	0	0	0	0	0	0	0	0	0	0	0	0	0	0	0	0	0	0	0	0	0	0	0	0	0	97120	0	82549	0	0	0	0	0	0	0	0	0	43648	0	0	0	0	0	0	0	0	0	0	0	0	0	0	0	0	0	0	0	0	0	369043	0	0	0	0	0	0	0	0	0	0	0
7593	±‰“Ï—©∫¸	0	0	0	0	0	0	0	0	0	0	0	0	0	0	0	0	0	0	0	0	0	0	0	0	0	0	0	0	0	0	0	0	0	0	0	0	0	0	0	0	0	0	0	0	0	0	0	0	97120	0	82549	0	0	0	0	0	0	0	0	0	43648	0	0	0	0	0	0	0	0	0	0	0	0	0	0	0	0	0	0	0	0	0	369043	0	0	0	0	0	0	0	0	0	0	0
7594	±‰“Ï—©∫¸	0	0	0	0	0	0	0	0	0	0	0	0	0	0	0	0	0	0	0	0	0	0	0	0	0	0	0	0	0	0	0	0	0	0	0	0	0	0	0	0	0	0	0	0	0	0	0	0	97120	0	82549	0	0	0	0	0	0	0	0	0	43648	0	0	0	0	0	0	0	0	0	0	0	0	0	0	0	0	0	0	0	0	0	369043	0	0	0	0	0	0	0	0	0	0	0
7599	—©∫¸±¶±¶	0	0	0	0	0	0	0	0	0	0	0	0	0	0	0	0	0	0	0	0	0	0	0	0	0	0	0	0	0	0	0	0	0	0	0	0	0	0	0	0	0	0	0	0	0	0	0	0	97120	0	82549	0	0	0	0	0	0	0	0	0	43648	0	0	0	0	0	0	0	0	0	0	0	0	0	0	0	0	0	0	0	0	0	369043	0	0	0	0	0	0	0	0	0	0	0
7600	≥…ƒÍ—©∫¸	0	0	0	0	0	0	0	0	0	0	0	0	0	0	0	0	0	0	0	0	0	0	0	0	0	0	0	0	0	0	0	0	0	0	0	0	0	0	0	0	0	0	0	0	0	0	0	0	112696	0	97120	0	0	0	0	0	0	0	0	0	55912	0	0	0	0	0	0	0	0	0	0	0	0	0	0	0	0	0	0	0	0	0	369043	0	0	0	0	0	0	0	0	0	0	0
7601	±‰“Ï—©∫¸	0	0	0	0	0	0	0	0	0	0	0	0	0	0	0	0	0	0	0	0	0	0	0	0	0	0	0	0	0	0	0	0	0	0	0	0	0	0	0	0	0	0	0	0	0	0	0	0	112696	0	97120	0	0	0	0	0	0	0	0	0	55912	0	0	0	0	0	0	0	0	0	0	0	0	0	0	0	0	0	0	0	0	0	369043	0	0	0	0	0	0	0	0	0	0	0
7602	±‰“Ï—©∫¸	0	0	0	0	0	0	0	0	0	0	0	0	0	0	0	0	0	0	0	0	0	0	0	0	0	0	0	0	0	0	0	0	0	0	0	0	0	0	0	0	0	0	0	0	0	0	0	0	112696	0	97120	0	0	0	0	0	0	0	0	0	55912	0	0	0	0	0	0	0	0	0	0	0	0	0	0	0	0	0	0	0	0	0	369043	0	0	0	0	0	0	0	0	0	0	0
7603	±‰“Ï—©∫¸	0	0	0	0	0	0	0	0	0	0	0	0	0	0	0	0	0	0	0	0	0	0	0	0	0	0	0	0	0	0	0	0	0	0	0	0	0	0	0	0	0	0	0	0	0	0	0	0	112696	0	97120	0	0	0	0	0	0	0	0	0	55912	0	0	0	0	0	0	0	0	0	0	0	0	0	0	0	0	0	0	0	0	0	369043	0	0	0	0	0	0	0	0	0	0	0
7604	±‰“Ï—©∫¸	0	0	0	0	0	0	0	0	0	0	0	0	0	0	0	0	0	0	0	0	0	0	0	0	0	0	0	0	0	0	0	0	0	0	0	0	0	0	0	0	0	0	0	0	0	0	0	0	112696	0	97120	0	0	0	0	0	0	0	0	0	55912	0	0	0	0	0	0	0	0	0	0	0	0	0	0	0	0	0	0	0	0	0	369043	0	0	0	0	0	0	0	0	0	0	0
7605	±‰“Ï—©∫¸	0	0	0	0	0	0	0	0	0	0	0	0	0	0	0	0	0	0	0	0	0	0	0	0	0	0	0	0	0	0	0	0	0	0	0	0	0	0	0	0	0	0	0	0	0	0	0	0	112696	0	97120	0	0	0	0	0	0	0	0	0	55912	0	0	0	0	0	0	0	0	0	0	0	0	0	0	0	0	0	0	0	0	0	369043	0	0	0	0	0	0	0	0	0	0	0
7609	—©∫¸±¶±¶	0	0	0	0	0	0	0	0	0	0	0	0	0	0	0	0	0	0	0	0	0	0	0	0	0	0	0	0	0	0	0	0	0	0	0	0	0	0	0	0	0	0	0	0	0	0	0	0	112696	0	97120	0	0	0	0	0	0	0	0	0	55912	0	0	0	0	0	0	0	0	0	0	0	0	0	0	0	0	0	0	0	0	0	369043	0	0	0	0	0	0	0	0	0	0	0
7610	≥…ƒÍ—©∫¸	0	0	0	0	0	0	0	0	0	0	0	0	0	0	0	0	0	0	0	0	0	0	0	0	0	0	0	0	0	0	0	0	0	0	0	0	0	0	0	0	0	0	0	0	0	0	0	0	129449	0	112696	0	0	0	0	0	0	0	0	0	68850	0	0	0	0	0	0	0	0	0	0	0	0	0	0	0	0	0	0	0	0	0	369043	0	0	0	0	0	0	0	0	0	0	0
7611	±‰“Ï—©∫¸	0	0	0	0	0	0	0	0	0	0	0	0	0	0	0	0	0	0	0	0	0	0	0	0	0	0	0	0	0	0	0	0	0	0	0	0	0	0	0	0	0	0	0	0	0	0	0	0	129449	0	112696	0	0	0	0	0	0	0	0	0	68850	0	0	0	0	0	0	0	0	0	0	0	0	0	0	0	0	0	0	0	0	0	369043	0	0	0	0	0	0	0	0	0	0	0
7612	±‰“Ï—©∫¸	0	0	0	0	0	0	0	0	0	0	0	0	0	0	0	0	0	0	0	0	0	0	0	0	0	0	0	0	0	0	0	0	0	0	0	0	0	0	0	0	0	0	0	0	0	0	0	0	129449	0	112696	0	0	0	0	0	0	0	0	0	68850	0	0	0	0	0	0	0	0	0	0	0	0	0	0	0	0	0	0	0	0	0	369043	0	0	0	0	0	0	0	0	0	0	0
7613	±‰“Ï—©∫¸	0	0	0	0	0	0	0	0	0	0	0	0	0	0	0	0	0	0	0	0	0	0	0	0	0	0	0	0	0	0	0	0	0	0	0	0	0	0	0	0	0	0	0	0	0	0	0	0	129449	0	112696	0	0	0	0	0	0	0	0	0	68850	0	0	0	0	0	0	0	0	0	0	0	0	0	0	0	0	0	0	0	0	0	369043	0	0	0	0	0	0	0	0	0	0	0
7614	±‰“Ï—©∫¸	0	0	0	0	0	0	0	0	0	0	0	0	0	0	0	0	0	0	0	0	0	0	0	0	0	0	0	0	0	0	0	0	0	0	0	0	0	0	0	0	0	0	0	0	0	0	0	0	129449	0	112696	0	0	0	0	0	0	0	0	0	68850	0	0	0	0	0	0	0	0	0	0	0	0	0	0	0	0	0	0	0	0	0	369043	0	0	0	0	0	0	0	0	0	0	0
7615	±‰“Ï—©∫¸	0	0	0	0	0	0	0	0	0	0	0	0	0	0	0	0	0	0	0	0	0	0	0	0	0	0	0	0	0	0	0	0	0	0	0	0	0	0	0	0	0	0	0	0	0	0	0	0	129449	0	112696	0	0	0	0	0	0	0	0	0	68850	0	0	0	0	0	0	0	0	0	0	0	0	0	0	0	0	0	0	0	0	0	369043	0	0	0	0	0	0	0	0	0	0	0
7616	±‰“Ï—©∫¸	0	0	0	0	0	0	0	0	0	0	0	0	0	0	0	0	0	0	0	0	0	0	0	0	0	0	0	0	0	0	0	0	0	0	0	0	0	0	0	0	0	0	0	0	0	0	0	0	129449	0	112696	0	0	0	0	0	0	0	0	0	68850	0	0	0	0	0	0	0	0	0	0	0	0	0	0	0	0	0	0	0	0	0	369043	0	0	0	0	0	0	0	0	0	0	0
7619	—©∫¸±¶±¶	0	0	0	0	0	0	0	0	0	0	0	0	0	0	0	0	0	0	0	0	0	0	0	0	0	0	0	0	0	0	0	0	0	0	0	0	0	0	0	0	0	0	0	0	0	0	0	0	129449	0	112696	0	0	0	0	0	0	0	0	0	68850	0	0	0	0	0	0	0	0	0	0	0	0	0	0	0	0	0	0	0	0	0	369043	0	0	0	0	0	0	0	0	0	0	0
7620	≥…ƒÍ—©∫¸	0	0	0	0	0	0	0	0	0	0	0	0	0	0	0	0	0	0	0	0	0	0	0	0	0	0	0	0	0	0	0	0	0	0	0	0	0	0	0	0	0	0	0	0	0	0	0	0	147602	0	129449	0	0	0	0	0	0	0	0	0	82549	0	0	0	0	0	0	0	0	0	0	0	0	0	0	0	0	0	0	0	0	0	369043	0	0	0	0	0	0	0	0	0	0	0
7621	±‰“Ï—©∫¸	0	0	0	0	0	0	0	0	0	0	0	0	0	0	0	0	0	0	0	0	0	0	0	0	0	0	0	0	0	0	0	0	0	0	0	0	0	0	0	0	0	0	0	0	0	0	0	0	147602	0	129449	0	0	0	0	0	0	0	0	0	82549	0	0	0	0	0	0	0	0	0	0	0	0	0	0	0	0	0	0	0	0	0	369043	0	0	0	0	0	0	0	0	0	0	0
7622	±‰“Ï—©∫¸	0	0	0	0	0	0	0	0	0	0	0	0	0	0	0	0	0	0	0	0	0	0	0	0	0	0	0	0	0	0	0	0	0	0	0	0	0	0	0	0	0	0	0	0	0	0	0	0	147602	0	129449	0	0	0	0	0	0	0	0	0	82549	0	0	0	0	0	0	0	0	0	0	0	0	0	0	0	0	0	0	0	0	0	369043	0	0	0	0	0	0	0	0	0	0	0
7623	±‰“Ï—©∫¸	0	0	0	0	0	0	0	0	0	0	0	0	0	0	0	0	0	0	0	0	0	0	0	0	0	0	0	0	0	0	0	0	0	0	0	0	0	0	0	0	0	0	0	0	0	0	0	0	147602	0	129449	0	0	0	0	0	0	0	0	0	82549	0	0	0	0	0	0	0	0	0	0	0	0	0	0	0	0	0	0	0	0	0	369043	0	0	0	0	0	0	0	0	0	0	0
7624	±‰“Ï—©∫¸	0	0	0	0	0	0	0	0	0	0	0	0	0	0	0	0	0	0	0	0	0	0	0	0	0	0	0	0	0	0	0	0	0	0	0	0	0	0	0	0	0	0	0	0	0	0	0	0	147602	0	129449	0	0	0	0	0	0	0	0	0	82549	0	0	0	0	0	0	0	0	0	0	0	0	0	0	0	0	0	0	0	0	0	369043	0	0	0	0	0	0	0	0	0	0	0
7625	±‰“Ï—©∫¸	0	0	0	0	0	0	0	0	0	0	0	0	0	0	0	0	0	0	0	0	0	0	0	0	0	0	0	0	0	0	0	0	0	0	0	0	0	0	0	0	0	0	0	0	0	0	0	0	147602	0	129449	0	0	0	0	0	0	0	0	0	82549	0	0	0	0	0	0	0	0	0	0	0	0	0	0	0	0	0	0	0	0	0	369043	0	0	0	0	0	0	0	0	0	0	0
7626	±‰“Ï—©∫¸	0	0	0	0	0	0	0	0	0	0	0	0	0	0	0	0	0	0	0	0	0	0	0	0	0	0	0	0	0	0	0	0	0	0	0	0	0	0	0	0	0	0	0	0	0	0	0	0	147602	0	129449	0	0	0	0	0	0	0	0	0	82549	0	0	0	0	0	0	0	0	0	0	0	0	0	0	0	0	0	0	0	0	0	369043	0	0	0	0	0	0	0	0	0	0	0
7627	±‰“Ï—©∫¸	0	0	0	0	0	0	0	0	0	0	0	0	0	0	0	0	0	0	0	0	0	0	0	0	0	0	0	0	0	0	0	0	0	0	0	0	0	0	0	0	0	0	0	0	0	0	0	0	147602	0	129449	0	0	0	0	0	0	0	0	0	82549	0	0	0	0	0	0	0	0	0	0	0	0	0	0	0	0	0	0	0	0	0	369043	0	0	0	0	0	0	0	0	0	0	0
7629	—©∫¸±¶±¶	0	0	0	0	0	0	0	0	0	0	0	0	0	0	0	0	0	0	0	0	0	0	0	0	0	0	0	0	0	0	0	0	0	0	0	0	0	0	0	0	0	0	0	0	0	0	0	0	147602	0	129449	0	0	0	0	0	0	0	0	0	82549	0	0	0	0	0	0	0	0	0	0	0	0	0	0	0	0	0	0	0	0	0	369043	0	0	0	0	0	0	0	0	0	0	0
7630	≥…ƒÍ—©∫¸	0	0	0	0	0	0	0	0	0	0	0	0	0	0	0	0	0	0	0	0	0	0	0	0	0	0	0	0	0	0	0	0	0	0	0	0	0	0	0	0	0	0	0	0	0	0	0	0	167447	0	147602	0	0	0	0	0	0	0	0	0	97120	0	0	0	0	0	0	0	0	0	0	0	0	0	0	0	0	0	0	0	0	0	369043	0	0	0	0	0	0	0	0	0	0	0
7631	±‰“Ï—©∫¸	0	0	0	0	0	0	0	0	0	0	0	0	0	0	0	0	0	0	0	0	0	0	0	0	0	0	0	0	0	0	0	0	0	0	0	0	0	0	0	0	0	0	0	0	0	0	0	0	167447	0	147602	0	0	0	0	0	0	0	0	0	97120	0	0	0	0	0	0	0	0	0	0	0	0	0	0	0	0	0	0	0	0	0	369043	0	0	0	0	0	0	0	0	0	0	0
7632	±‰“Ï—©∫¸	0	0	0	0	0	0	0	0	0	0	0	0	0	0	0	0	0	0	0	0	0	0	0	0	0	0	0	0	0	0	0	0	0	0	0	0	0	0	0	0	0	0	0	0	0	0	0	0	167447	0	147602	0	0	0	0	0	0	0	0	0	97120	0	0	0	0	0	0	0	0	0	0	0	0	0	0	0	0	0	0	0	0	0	369043	0	0	0	0	0	0	0	0	0	0	0
7633	±‰“Ï—©∫¸	0	0	0	0	0	0	0	0	0	0	0	0	0	0	0	0	0	0	0	0	0	0	0	0	0	0	0	0	0	0	0	0	0	0	0	0	0	0	0	0	0	0	0	0	0	0	0	0	167447	0	147602	0	0	0	0	0	0	0	0	0	97120	0	0	0	0	0	0	0	0	0	0	0	0	0	0	0	0	0	0	0	0	0	369043	0	0	0	0	0	0	0	0	0	0	0
7634	±‰“Ï—©∫¸	0	0	0	0	0	0	0	0	0	0	0	0	0	0	0	0	0	0	0	0	0	0	0	0	0	0	0	0	0	0	0	0	0	0	0	0	0	0	0	0	0	0	0	0	0	0	0	0	167447	0	147602	0	0	0	0	0	0	0	0	0	97120	0	0	0	0	0	0	0	0	0	0	0	0	0	0	0	0	0	0	0	0	0	369043	0	0	0	0	0	0	0	0	0	0	0
7635	±‰“Ï—©∫¸	0	0	0	0	0	0	0	0	0	0	0	0	0	0	0	0	0	0	0	0	0	0	0	0	0	0	0	0	0	0	0	0	0	0	0	0	0	0	0	0	0	0	0	0	0	0	0	0	167447	0	147602	0	0	0	0	0	0	0	0	0	97120	0	0	0	0	0	0	0	0	0	0	0	0	0	0	0	0	0	0	0	0	0	369043	0	0	0	0	0	0	0	0	0	0	0
7636	±‰“Ï—©∫¸	0	0	0	0	0	0	0	0	0	0	0	0	0	0	0	0	0	0	0	0	0	0	0	0	0	0	0	0	0	0	0	0	0	0	0	0	0	0	0	0	0	0	0	0	0	0	0	0	167447	0	147602	0	0	0	0	0	0	0	0	0	97120	0	0	0	0	0	0	0	0	0	0	0	0	0	0	0	0	0	0	0	0	0	369043	0	0	0	0	0	0	0	0	0	0	0
7637	±‰“Ï—©∫¸	0	0	0	0	0	0	0	0	0	0	0	0	0	0	0	0	0	0	0	0	0	0	0	0	0	0	0	0	0	0	0	0	0	0	0	0	0	0	0	0	0	0	0	0	0	0	0	0	167447	0	147602	0	0	0	0	0	0	0	0	0	97120	0	0	0	0	0	0	0	0	0	0	0	0	0	0	0	0	0	0	0	0	0	369043	0	0	0	0	0	0	0	0	0	0	0
7638	±‰“Ï—©∫¸	0	0	0	0	0	0	0	0	0	0	0	0	0	0	0	0	0	0	0	0	0	0	0	0	0	0	0	0	0	0	0	0	0	0	0	0	0	0	0	0	0	0	0	0	0	0	0	0	167447	0	147602	0	0	0	0	0	0	0	0	0	97120	0	0	0	0	0	0	0	0	0	0	0	0	0	0	0	0	0	0	0	0	0	369043	0	0	0	0	0	0	0	0	0	0	0
7639	—©∫¸±¶±¶	0	0	0	0	0	0	0	0	0	0	0	0	0	0	0	0	0	0	0	0	0	0	0	0	0	0	0	0	0	0	0	0	0	0	0	0	0	0	0	0	0	0	0	0	0	0	0	0	167447	0	147602	0	0	0	0	0	0	0	0	0	97120	0	0	0	0	0	0	0	0	0	0	0	0	0	0	0	0	0	0	0	0	0	369043	0	0	0	0	0	0	0	0	0	0	0
7640	≥…ƒÍ¡˙√®	0	0	0	0	0	0	0	0	0	0	0	0	0	0	0	0	55912	0	0	0	0	0	0	0	0	0	0	0	0	0	0	0	0	0	0	0	0	0	0	0	0	0	0	0	0	0	0	0	0	0	0	0	0	0	0	0	0	0	0	0	0	0	0	0	20852	0	0	0	0	0	369043	0	0	0	0	0	0	0	0	0	0	0	0	0	0	0	0	0	68850	0	0	0	0	0
7641	±‰“Ï¡˙√®	0	0	0	0	0	0	0	0	0	0	0	0	0	0	0	0	55912	0	0	0	0	0	0	0	0	0	0	0	0	0	0	0	0	0	0	0	0	0	0	0	0	0	0	0	0	0	0	0	0	0	0	0	0	0	0	0	0	0	0	0	0	0	0	0	20852	0	0	0	0	0	369043	0	0	0	0	0	0	0	0	0	0	0	0	0	0	0	0	0	68850	0	0	0	0	0
7642	±‰“Ï¡˙√®	0	0	0	0	0	0	0	0	0	0	0	0	0	0	0	0	55912	0	0	0	0	0	0	0	0	0	0	0	0	0	0	0	0	0	0	0	0	0	0	0	0	0	0	0	0	0	0	0	0	0	0	0	0	0	0	0	0	0	0	0	0	0	0	0	20852	0	0	0	0	0	369043	0	0	0	0	0	0	0	0	0	0	0	0	0	0	0	0	0	68850	0	0	0	0	0
7649	¡˙√®±¶±¶	0	0	0	0	0	0	0	0	0	0	0	0	0	0	0	0	55912	0	0	0	0	0	0	0	0	0	0	0	0	0	0	0	0	0	0	0	0	0	0	0	0	0	0	0	0	0	0	0	0	0	0	0	0	0	0	0	0	0	0	0	0	0	0	0	20852	0	0	0	0	0	369043	0	0	0	0	0	0	0	0	0	0	0	0	0	0	0	0	0	68850	0	0	0	0	0
7650	≥…ƒÍ¡˙√®	0	0	0	0	0	0	0	0	0	0	0	0	0	0	0	0	68850	0	0	0	0	0	0	0	0	0	0	0	0	0	0	0	0	0	0	0	0	0	0	0	0	0	0	0	0	0	0	0	0	0	0	0	0	0	0	0	0	0	0	0	0	0	0	0	31981	0	0	0	0	0	369043	0	0	0	0	0	0	0	0	0	0	0	0	0	0	0	0	0	82549	0	0	0	0	0
7651	±‰“Ï¡˙√®	0	0	0	0	0	0	0	0	0	0	0	0	0	0	0	0	68850	0	0	0	0	0	0	0	0	0	0	0	0	0	0	0	0	0	0	0	0	0	0	0	0	0	0	0	0	0	0	0	0	0	0	0	0	0	0	0	0	0	0	0	0	0	0	0	31981	0	0	0	0	0	369043	0	0	0	0	0	0	0	0	0	0	0	0	0	0	0	0	0	82549	0	0	0	0	0
7652	±‰“Ï¡˙√®	0	0	0	0	0	0	0	0	0	0	0	0	0	0	0	0	68850	0	0	0	0	0	0	0	0	0	0	0	0	0	0	0	0	0	0	0	0	0	0	0	0	0	0	0	0	0	0	0	0	0	0	0	0	0	0	0	0	0	0	0	0	0	0	0	31981	0	0	0	0	0	369043	0	0	0	0	0	0	0	0	0	0	0	0	0	0	0	0	0	82549	0	0	0	0	0
7653	±‰“Ï¡˙√®	0	0	0	0	0	0	0	0	0	0	0	0	0	0	0	0	68850	0	0	0	0	0	0	0	0	0	0	0	0	0	0	0	0	0	0	0	0	0	0	0	0	0	0	0	0	0	0	0	0	0	0	0	0	0	0	0	0	0	0	0	0	0	0	0	31981	0	0	0	0	0	369043	0	0	0	0	0	0	0	0	0	0	0	0	0	0	0	0	0	82549	0	0	0	0	0
7659	¡˙√®±¶±¶	0	0	0	0	0	0	0	0	0	0	0	0	0	0	0	0	68850	0	0	0	0	0	0	0	0	0	0	0	0	0	0	0	0	0	0	0	0	0	0	0	0	0	0	0	0	0	0	0	0	0	0	0	0	0	0	0	0	0	0	0	0	0	0	0	31981	0	0	0	0	0	369043	0	0	0	0	0	0	0	0	0	0	0	0	0	0	0	0	0	82549	0	0	0	0	0
7660	≥…ƒÍ¡˙√®	0	0	0	0	0	0	0	0	0	0	0	0	0	0	0	0	82549	0	0	0	0	0	0	0	0	0	0	0	0	0	0	0	0	0	0	0	0	0	0	0	0	0	0	0	0	0	0	0	0	0	0	0	0	0	0	0	0	0	0	0	0	0	0	0	43648	0	0	0	0	0	369043	0	0	0	0	0	0	0	0	0	0	0	0	0	0	0	0	0	97120	0	0	0	0	0
7661	±‰“Ï¡˙√®	0	0	0	0	0	0	0	0	0	0	0	0	0	0	0	0	82549	0	0	0	0	0	0	0	0	0	0	0	0	0	0	0	0	0	0	0	0	0	0	0	0	0	0	0	0	0	0	0	0	0	0	0	0	0	0	0	0	0	0	0	0	0	0	0	43648	0	0	0	0	0	369043	0	0	0	0	0	0	0	0	0	0	0	0	0	0	0	0	0	97120	0	0	0	0	0
7662	±‰“Ï¡˙√®	0	0	0	0	0	0	0	0	0	0	0	0	0	0	0	0	82549	0	0	0	0	0	0	0	0	0	0	0	0	0	0	0	0	0	0	0	0	0	0	0	0	0	0	0	0	0	0	0	0	0	0	0	0	0	0	0	0	0	0	0	0	0	0	0	43648	0	0	0	0	0	369043	0	0	0	0	0	0	0	0	0	0	0	0	0	0	0	0	0	97120	0	0	0	0	0
7663	±‰“Ï¡˙√®	0	0	0	0	0	0	0	0	0	0	0	0	0	0	0	0	82549	0	0	0	0	0	0	0	0	0	0	0	0	0	0	0	0	0	0	0	0	0	0	0	0	0	0	0	0	0	0	0	0	0	0	0	0	0	0	0	0	0	0	0	0	0	0	0	43648	0	0	0	0	0	369043	0	0	0	0	0	0	0	0	0	0	0	0	0	0	0	0	0	97120	0	0	0	0	0
7664	±‰“Ï¡˙√®	0	0	0	0	0	0	0	0	0	0	0	0	0	0	0	0	82549	0	0	0	0	0	0	0	0	0	0	0	0	0	0	0	0	0	0	0	0	0	0	0	0	0	0	0	0	0	0	0	0	0	0	0	0	0	0	0	0	0	0	0	0	0	0	0	43648	0	0	0	0	0	369043	0	0	0	0	0	0	0	0	0	0	0	0	0	0	0	0	0	97120	0	0	0	0	0
7669	¡˙√®±¶±¶	0	0	0	0	0	0	0	0	0	0	0	0	0	0	0	0	82549	0	0	0	0	0	0	0	0	0	0	0	0	0	0	0	0	0	0	0	0	0	0	0	0	0	0	0	0	0	0	0	0	0	0	0	0	0	0	0	0	0	0	0	0	0	0	0	43648	0	0	0	0	0	369043	0	0	0	0	0	0	0	0	0	0	0	0	0	0	0	0	0	97120	0	0	0	0	0
7670	≥…ƒÍ¡˙√®	0	0	0	0	0	0	0	0	0	0	0	0	0	0	0	0	97120	0	0	0	0	0	0	0	0	0	0	0	0	0	0	0	0	0	0	0	0	0	0	0	0	0	0	0	0	0	0	0	0	0	0	0	0	0	0	0	0	0	0	0	0	0	0	0	55912	0	0	0	0	0	369043	0	0	0	0	0	0	0	0	0	0	0	0	0	0	0	0	0	112696	0	0	0	0	0
7671	±‰“Ï¡˙√®	0	0	0	0	0	0	0	0	0	0	0	0	0	0	0	0	97120	0	0	0	0	0	0	0	0	0	0	0	0	0	0	0	0	0	0	0	0	0	0	0	0	0	0	0	0	0	0	0	0	0	0	0	0	0	0	0	0	0	0	0	0	0	0	0	55912	0	0	0	0	0	369043	0	0	0	0	0	0	0	0	0	0	0	0	0	0	0	0	0	112696	0	0	0	0	0
7672	±‰“Ï¡˙√®	0	0	0	0	0	0	0	0	0	0	0	0	0	0	0	0	97120	0	0	0	0	0	0	0	0	0	0	0	0	0	0	0	0	0	0	0	0	0	0	0	0	0	0	0	0	0	0	0	0	0	0	0	0	0	0	0	0	0	0	0	0	0	0	0	55912	0	0	0	0	0	369043	0	0	0	0	0	0	0	0	0	0	0	0	0	0	0	0	0	112696	0	0	0	0	0
7673	±‰“Ï¡˙√®	0	0	0	0	0	0	0	0	0	0	0	0	0	0	0	0	97120	0	0	0	0	0	0	0	0	0	0	0	0	0	0	0	0	0	0	0	0	0	0	0	0	0	0	0	0	0	0	0	0	0	0	0	0	0	0	0	0	0	0	0	0	0	0	0	55912	0	0	0	0	0	369043	0	0	0	0	0	0	0	0	0	0	0	0	0	0	0	0	0	112696	0	0	0	0	0
7674	±‰“Ï¡˙√®	0	0	0	0	0	0	0	0	0	0	0	0	0	0	0	0	97120	0	0	0	0	0	0	0	0	0	0	0	0	0	0	0	0	0	0	0	0	0	0	0	0	0	0	0	0	0	0	0	0	0	0	0	0	0	0	0	0	0	0	0	0	0	0	0	55912	0	0	0	0	0	369043	0	0	0	0	0	0	0	0	0	0	0	0	0	0	0	0	0	112696	0	0	0	0	0
7675	±‰“Ï¡˙√®	0	0	0	0	0	0	0	0	0	0	0	0	0	0	0	0	97120	0	0	0	0	0	0	0	0	0	0	0	0	0	0	0	0	0	0	0	0	0	0	0	0	0	0	0	0	0	0	0	0	0	0	0	0	0	0	0	0	0	0	0	0	0	0	0	55912	0	0	0	0	0	369043	0	0	0	0	0	0	0	0	0	0	0	0	0	0	0	0	0	112696	0	0	0	0	0
7679	¡˙√®±¶±¶	0	0	0	0	0	0	0	0	0	0	0	0	0	0	0	0	97120	0	0	0	0	0	0	0	0	0	0	0	0	0	0	0	0	0	0	0	0	0	0	0	0	0	0	0	0	0	0	0	0	0	0	0	0	0	0	0	0	0	0	0	0	0	0	0	55912	0	0	0	0	0	369043	0	0	0	0	0	0	0	0	0	0	0	0	0	0	0	0	0	112696	0	0	0	0	0
7680	≥…ƒÍ¡˙√®	0	0	0	0	0	0	0	0	0	0	0	0	0	0	0	0	112696	0	0	0	0	0	0	0	0	0	0	0	0	0	0	0	0	0	0	0	0	0	0	0	0	0	0	0	0	0	0	0	0	0	0	0	0	0	0	0	0	0	0	0	0	0	0	0	68850	0	0	0	0	0	369043	0	0	0	0	0	0	0	0	0	0	0	0	0	0	0	0	0	129449	0	0	0	0	0
7681	±‰“Ï¡˙√®	0	0	0	0	0	0	0	0	0	0	0	0	0	0	0	0	112696	0	0	0	0	0	0	0	0	0	0	0	0	0	0	0	0	0	0	0	0	0	0	0	0	0	0	0	0	0	0	0	0	0	0	0	0	0	0	0	0	0	0	0	0	0	0	0	68850	0	0	0	0	0	369043	0	0	0	0	0	0	0	0	0	0	0	0	0	0	0	0	0	129449	0	0	0	0	0
7682	±‰“Ï¡˙√®	0	0	0	0	0	0	0	0	0	0	0	0	0	0	0	0	112696	0	0	0	0	0	0	0	0	0	0	0	0	0	0	0	0	0	0	0	0	0	0	0	0	0	0	0	0	0	0	0	0	0	0	0	0	0	0	0	0	0	0	0	0	0	0	0	68850	0	0	0	0	0	369043	0	0	0	0	0	0	0	0	0	0	0	0	0	0	0	0	0	129449	0	0	0	0	0
7683	±‰“Ï¡˙√®	0	0	0	0	0	0	0	0	0	0	0	0	0	0	0	0	112696	0	0	0	0	0	0	0	0	0	0	0	0	0	0	0	0	0	0	0	0	0	0	0	0	0	0	0	0	0	0	0	0	0	0	0	0	0	0	0	0	0	0	0	0	0	0	0	68850	0	0	0	0	0	369043	0	0	0	0	0	0	0	0	0	0	0	0	0	0	0	0	0	129449	0	0	0	0	0
7684	±‰“Ï¡˙√®	0	0	0	0	0	0	0	0	0	0	0	0	0	0	0	0	112696	0	0	0	0	0	0	0	0	0	0	0	0	0	0	0	0	0	0	0	0	0	0	0	0	0	0	0	0	0	0	0	0	0	0	0	0	0	0	0	0	0	0	0	0	0	0	0	68850	0	0	0	0	0	369043	0	0	0	0	0	0	0	0	0	0	0	0	0	0	0	0	0	129449	0	0	0	0	0
7685	±‰“Ï¡˙√®	0	0	0	0	0	0	0	0	0	0	0	0	0	0	0	0	112696	0	0	0	0	0	0	0	0	0	0	0	0	0	0	0	0	0	0	0	0	0	0	0	0	0	0	0	0	0	0	0	0	0	0	0	0	0	0	0	0	0	0	0	0	0	0	0	68850	0	0	0	0	0	369043	0	0	0	0	0	0	0	0	0	0	0	0	0	0	0	0	0	129449	0	0	0	0	0
7686	±‰“Ï¡˙√®	0	0	0	0	0	0	0	0	0	0	0	0	0	0	0	0	112696	0	0	0	0	0	0	0	0	0	0	0	0	0	0	0	0	0	0	0	0	0	0	0	0	0	0	0	0	0	0	0	0	0	0	0	0	0	0	0	0	0	0	0	0	0	0	0	68850	0	0	0	0	0	369043	0	0	0	0	0	0	0	0	0	0	0	0	0	0	0	0	0	129449	0	0	0	0	0
7689	¡˙√®±¶±¶	0	0	0	0	0	0	0	0	0	0	0	0	0	0	0	0	112696	0	0	0	0	0	0	0	0	0	0	0	0	0	0	0	0	0	0	0	0	0	0	0	0	0	0	0	0	0	0	0	0	0	0	0	0	0	0	0	0	0	0	0	0	0	0	0	68850	0	0	0	0	0	369043	0	0	0	0	0	0	0	0	0	0	0	0	0	0	0	0	0	129449	0	0	0	0	0
7690	≥…ƒÍ¡˙√®	0	0	0	0	0	0	0	0	0	0	0	0	0	0	0	0	129449	0	0	0	0	0	0	0	0	0	0	0	0	0	0	0	0	0	0	0	0	0	0	0	0	0	0	0	0	0	0	0	0	0	0	0	0	0	0	0	0	0	0	0	0	0	0	0	82549	0	0	0	0	0	369043	0	0	0	0	0	0	0	0	0	0	0	0	0	0	0	0	0	147602	0	0	0	0	0
7691	±‰“Ï¡˙√®	0	0	0	0	0	0	0	0	0	0	0	0	0	0	0	0	129449	0	0	0	0	0	0	0	0	0	0	0	0	0	0	0	0	0	0	0	0	0	0	0	0	0	0	0	0	0	0	0	0	0	0	0	0	0	0	0	0	0	0	0	0	0	0	0	82549	0	0	0	0	0	369043	0	0	0	0	0	0	0	0	0	0	0	0	0	0	0	0	0	147602	0	0	0	0	0
7692	±‰“Ï¡˙√®	0	0	0	0	0	0	0	0	0	0	0	0	0	0	0	0	129449	0	0	0	0	0	0	0	0	0	0	0	0	0	0	0	0	0	0	0	0	0	0	0	0	0	0	0	0	0	0	0	0	0	0	0	0	0	0	0	0	0	0	0	0	0	0	0	82549	0	0	0	0	0	369043	0	0	0	0	0	0	0	0	0	0	0	0	0	0	0	0	0	147602	0	0	0	0	0
7693	±‰“Ï¡˙√®	0	0	0	0	0	0	0	0	0	0	0	0	0	0	0	0	129449	0	0	0	0	0	0	0	0	0	0	0	0	0	0	0	0	0	0	0	0	0	0	0	0	0	0	0	0	0	0	0	0	0	0	0	0	0	0	0	0	0	0	0	0	0	0	0	82549	0	0	0	0	0	369043	0	0	0	0	0	0	0	0	0	0	0	0	0	0	0	0	0	147602	0	0	0	0	0
7694	±‰“Ï¡˙√®	0	0	0	0	0	0	0	0	0	0	0	0	0	0	0	0	129449	0	0	0	0	0	0	0	0	0	0	0	0	0	0	0	0	0	0	0	0	0	0	0	0	0	0	0	0	0	0	0	0	0	0	0	0	0	0	0	0	0	0	0	0	0	0	0	82549	0	0	0	0	0	369043	0	0	0	0	0	0	0	0	0	0	0	0	0	0	0	0	0	147602	0	0	0	0	0
7695	±‰“Ï¡˙√®	0	0	0	0	0	0	0	0	0	0	0	0	0	0	0	0	129449	0	0	0	0	0	0	0	0	0	0	0	0	0	0	0	0	0	0	0	0	0	0	0	0	0	0	0	0	0	0	0	0	0	0	0	0	0	0	0	0	0	0	0	0	0	0	0	82549	0	0	0	0	0	369043	0	0	0	0	0	0	0	0	0	0	0	0	0	0	0	0	0	147602	0	0	0	0	0
7696	±‰“Ï¡˙√®	0	0	0	0	0	0	0	0	0	0	0	0	0	0	0	0	129449	0	0	0	0	0	0	0	0	0	0	0	0	0	0	0	0	0	0	0	0	0	0	0	0	0	0	0	0	0	0	0	0	0	0	0	0	0	0	0	0	0	0	0	0	0	0	0	82549	0	0	0	0	0	369043	0	0	0	0	0	0	0	0	0	0	0	0	0	0	0	0	0	147602	0	0	0	0	0
7697	±‰“Ï¡˙√®	0	0	0	0	0	0	0	0	0	0	0	0	0	0	0	0	129449	0	0	0	0	0	0	0	0	0	0	0	0	0	0	0	0	0	0	0	0	0	0	0	0	0	0	0	0	0	0	0	0	0	0	0	0	0	0	0	0	0	0	0	0	0	0	0	82549	0	0	0	0	0	369043	0	0	0	0	0	0	0	0	0	0	0	0	0	0	0	0	0	147602	0	0	0	0	0
7699	¡˙√®±¶±¶	0	0	0	0	0	0	0	0	0	0	0	0	0	0	0	0	129449	0	0	0	0	0	0	0	0	0	0	0	0	0	0	0	0	0	0	0	0	0	0	0	0	0	0	0	0	0	0	0	0	0	0	0	0	0	0	0	0	0	0	0	0	0	0	0	82549	0	0	0	0	0	369043	0	0	0	0	0	0	0	0	0	0	0	0	0	0	0	0	0	147602	0	0	0	0	0
7700	≥…ƒÍ¡˙√®	0	0	0	0	0	0	0	0	0	0	0	0	0	0	0	0	147602	0	0	0	0	0	0	0	0	0	0	0	0	0	0	0	0	0	0	0	0	0	0	0	0	0	0	0	0	0	0	0	0	0	0	0	0	0	0	0	0	0	0	0	0	0	0	0	97120	0	0	0	0	0	369043	0	0	0	0	0	0	0	0	0	0	0	0	0	0	0	0	0	167447	0	0	0	0	0
7701	±‰“Ï¡˙√®	0	0	0	0	0	0	0	0	0	0	0	0	0	0	0	0	147602	0	0	0	0	0	0	0	0	0	0	0	0	0	0	0	0	0	0	0	0	0	0	0	0	0	0	0	0	0	0	0	0	0	0	0	0	0	0	0	0	0	0	0	0	0	0	0	97120	0	0	0	0	0	369043	0	0	0	0	0	0	0	0	0	0	0	0	0	0	0	0	0	167447	0	0	0	0	0
7702	±‰“Ï¡˙√®	0	0	0	0	0	0	0	0	0	0	0	0	0	0	0	0	147602	0	0	0	0	0	0	0	0	0	0	0	0	0	0	0	0	0	0	0	0	0	0	0	0	0	0	0	0	0	0	0	0	0	0	0	0	0	0	0	0	0	0	0	0	0	0	0	97120	0	0	0	0	0	369043	0	0	0	0	0	0	0	0	0	0	0	0	0	0	0	0	0	167447	0	0	0	0	0
7703	±‰“Ï¡˙√®	0	0	0	0	0	0	0	0	0	0	0	0	0	0	0	0	147602	0	0	0	0	0	0	0	0	0	0	0	0	0	0	0	0	0	0	0	0	0	0	0	0	0	0	0	0	0	0	0	0	0	0	0	0	0	0	0	0	0	0	0	0	0	0	0	97120	0	0	0	0	0	369043	0	0	0	0	0	0	0	0	0	0	0	0	0	0	0	0	0	167447	0	0	0	0	0
7704	±‰“Ï¡˙√®	0	0	0	0	0	0	0	0	0	0	0	0	0	0	0	0	147602	0	0	0	0	0	0	0	0	0	0	0	0	0	0	0	0	0	0	0	0	0	0	0	0	0	0	0	0	0	0	0	0	0	0	0	0	0	0	0	0	0	0	0	0	0	0	0	97120	0	0	0	0	0	369043	0	0	0	0	0	0	0	0	0	0	0	0	0	0	0	0	0	167447	0	0	0	0	0
7705	±‰“Ï¡˙√®	0	0	0	0	0	0	0	0	0	0	0	0	0	0	0	0	147602	0	0	0	0	0	0	0	0	0	0	0	0	0	0	0	0	0	0	0	0	0	0	0	0	0	0	0	0	0	0	0	0	0	0	0	0	0	0	0	0	0	0	0	0	0	0	0	97120	0	0	0	0	0	369043	0	0	0	0	0	0	0	0	0	0	0	0	0	0	0	0	0	167447	0	0	0	0	0
7706	±‰“Ï¡˙√®	0	0	0	0	0	0	0	0	0	0	0	0	0	0	0	0	147602	0	0	0	0	0	0	0	0	0	0	0	0	0	0	0	0	0	0	0	0	0	0	0	0	0	0	0	0	0	0	0	0	0	0	0	0	0	0	0	0	0	0	0	0	0	0	0	97120	0	0	0	0	0	369043	0	0	0	0	0	0	0	0	0	0	0	0	0	0	0	0	0	167447	0	0	0	0	0
7707	±‰“Ï¡˙√®	0	0	0	0	0	0	0	0	0	0	0	0	0	0	0	0	147602	0	0	0	0	0	0	0	0	0	0	0	0	0	0	0	0	0	0	0	0	0	0	0	0	0	0	0	0	0	0	0	0	0	0	0	0	0	0	0	0	0	0	0	0	0	0	0	97120	0	0	0	0	0	369043	0	0	0	0	0	0	0	0	0	0	0	0	0	0	0	0	0	167447	0	0	0	0	0
7708	±‰“Ï¡˙√®	0	0	0	0	0	0	0	0	0	0	0	0	0	0	0	0	147602	0	0	0	0	0	0	0	0	0	0	0	0	0	0	0	0	0	0	0	0	0	0	0	0	0	0	0	0	0	0	0	0	0	0	0	0	0	0	0	0	0	0	0	0	0	0	0	97120	0	0	0	0	0	369043	0	0	0	0	0	0	0	0	0	0	0	0	0	0	0	0	0	167447	0	0	0	0	0
7709	¡˙√®±¶±¶	0	0	0	0	0	0	0	0	0	0	0	0	0	0	0	0	147602	0	0	0	0	0	0	0	0	0	0	0	0	0	0	0	0	0	0	0	0	0	0	0	0	0	0	0	0	0	0	0	0	0	0	0	0	0	0	0	0	0	0	0	0	0	0	0	97120	0	0	0	0	0	369043	0	0	0	0	0	0	0	0	0	0	0	0	0	0	0	0	0	167447	0	0	0	0	0
7710	≥…ƒÍœ¨ƒÒ	0	0	0	0	0	0	0	0	0	0	0	0	0	0	0	0	0	0	0	0	0	0	0	0	0	0	0	0	0	0	0	0	0	0	0	0	68850	0	0	0	0	0	0	0	0	0	0	0	0	0	0	55912	0	0	20852	0	0	0	0	0	369043	0	0	0	0	0	0	0	0	0	0	0	0	0	0	0	0	0	0	0	0	0	0	0	0	0	0	0	0	0	0	0	0	0
7711	±‰“Ïœ¨ƒÒ	0	0	0	0	0	0	0	0	0	0	0	0	0	0	0	0	0	0	0	0	0	0	0	0	0	0	0	0	0	0	0	0	0	0	0	0	68850	0	0	0	0	0	0	0	0	0	0	0	0	0	0	55912	0	0	20852	0	0	0	0	0	369043	0	0	0	0	0	0	0	0	0	0	0	0	0	0	0	0	0	0	0	0	0	0	0	0	0	0	0	0	0	0	0	0	0
7712	±‰“Ïœ¨ƒÒ	0	0	0	0	0	0	0	0	0	0	0	0	0	0	0	0	0	0	0	0	0	0	0	0	0	0	0	0	0	0	0	0	0	0	0	0	68850	0	0	0	0	0	0	0	0	0	0	0	0	0	0	55912	0	0	20852	0	0	0	0	0	369043	0	0	0	0	0	0	0	0	0	0	0	0	0	0	0	0	0	0	0	0	0	0	0	0	0	0	0	0	0	0	0	0	0
7719	œ¨ƒÒ±¶±¶	0	0	0	0	0	0	0	0	0	0	0	0	0	0	0	0	0	0	0	0	0	0	0	0	0	0	0	0	0	0	0	0	0	0	0	0	68850	0	0	0	0	0	0	0	0	0	0	0	0	0	0	55912	0	0	20852	0	0	0	0	0	369043	0	0	0	0	0	0	0	0	0	0	0	0	0	0	0	0	0	0	0	0	0	0	0	0	0	0	0	0	0	0	0	0	0
7720	≥…ƒÍœ¨ƒÒ	0	0	0	0	0	0	0	0	0	0	0	0	0	0	0	0	0	0	0	0	0	0	0	0	0	0	0	0	0	0	0	0	0	0	0	0	82549	0	0	0	0	0	0	0	0	0	0	0	0	0	0	68850	0	0	31981	0	0	0	0	0	369043	0	0	0	0	0	0	0	0	0	0	0	0	0	0	0	0	0	0	0	0	0	0	0	0	0	0	0	0	0	0	0	0	0
7721	±‰“Ïœ¨ƒÒ	0	0	0	0	0	0	0	0	0	0	0	0	0	0	0	0	0	0	0	0	0	0	0	0	0	0	0	0	0	0	0	0	0	0	0	0	82549	0	0	0	0	0	0	0	0	0	0	0	0	0	0	68850	0	0	31981	0	0	0	0	0	369043	0	0	0	0	0	0	0	0	0	0	0	0	0	0	0	0	0	0	0	0	0	0	0	0	0	0	0	0	0	0	0	0	0
7722	±‰“Ïœ¨ƒÒ	0	0	0	0	0	0	0	0	0	0	0	0	0	0	0	0	0	0	0	0	0	0	0	0	0	0	0	0	0	0	0	0	0	0	0	0	82549	0	0	0	0	0	0	0	0	0	0	0	0	0	0	68850	0	0	31981	0	0	0	0	0	369043	0	0	0	0	0	0	0	0	0	0	0	0	0	0	0	0	0	0	0	0	0	0	0	0	0	0	0	0	0	0	0	0	0
7723	±‰“Ïœ¨ƒÒ	0	0	0	0	0	0	0	0	0	0	0	0	0	0	0	0	0	0	0	0	0	0	0	0	0	0	0	0	0	0	0	0	0	0	0	0	82549	0	0	0	0	0	0	0	0	0	0	0	0	0	0	68850	0	0	31981	0	0	0	0	0	369043	0	0	0	0	0	0	0	0	0	0	0	0	0	0	0	0	0	0	0	0	0	0	0	0	0	0	0	0	0	0	0	0	0
7729	œ¨ƒÒ±¶±¶	0	0	0	0	0	0	0	0	0	0	0	0	0	0	0	0	0	0	0	0	0	0	0	0	0	0	0	0	0	0	0	0	0	0	0	0	82549	0	0	0	0	0	0	0	0	0	0	0	0	0	0	68850	0	0	31981	0	0	0	0	0	369043	0	0	0	0	0	0	0	0	0	0	0	0	0	0	0	0	0	0	0	0	0	0	0	0	0	0	0	0	0	0	0	0	0
7730	≥…ƒÍœ¨ƒÒ	0	0	0	0	0	0	0	0	0	0	0	0	0	0	0	0	0	0	0	0	0	0	0	0	0	0	0	0	0	0	0	0	0	0	0	0	97120	0	0	0	0	0	0	0	0	0	0	0	0	0	0	82549	0	0	43648	0	0	0	0	0	369043	0	0	0	0	0	0	0	0	0	0	0	0	0	0	0	0	0	0	0	0	0	0	0	0	0	0	0	0	0	0	0	0	0
7731	±‰“Ïœ¨ƒÒ	0	0	0	0	0	0	0	0	0	0	0	0	0	0	0	0	0	0	0	0	0	0	0	0	0	0	0	0	0	0	0	0	0	0	0	0	97120	0	0	0	0	0	0	0	0	0	0	0	0	0	0	82549	0	0	43648	0	0	0	0	0	369043	0	0	0	0	0	0	0	0	0	0	0	0	0	0	0	0	0	0	0	0	0	0	0	0	0	0	0	0	0	0	0	0	0
7732	±‰“Ïœ¨ƒÒ	0	0	0	0	0	0	0	0	0	0	0	0	0	0	0	0	0	0	0	0	0	0	0	0	0	0	0	0	0	0	0	0	0	0	0	0	97120	0	0	0	0	0	0	0	0	0	0	0	0	0	0	82549	0	0	43648	0	0	0	0	0	369043	0	0	0	0	0	0	0	0	0	0	0	0	0	0	0	0	0	0	0	0	0	0	0	0	0	0	0	0	0	0	0	0	0
7733	±‰“Ïœ¨ƒÒ	0	0	0	0	0	0	0	0	0	0	0	0	0	0	0	0	0	0	0	0	0	0	0	0	0	0	0	0	0	0	0	0	0	0	0	0	97120	0	0	0	0	0	0	0	0	0	0	0	0	0	0	82549	0	0	43648	0	0	0	0	0	369043	0	0	0	0	0	0	0	0	0	0	0	0	0	0	0	0	0	0	0	0	0	0	0	0	0	0	0	0	0	0	0	0	0
7734	±‰“Ïœ¨ƒÒ	0	0	0	0	0	0	0	0	0	0	0	0	0	0	0	0	0	0	0	0	0	0	0	0	0	0	0	0	0	0	0	0	0	0	0	0	97120	0	0	0	0	0	0	0	0	0	0	0	0	0	0	82549	0	0	43648	0	0	0	0	0	369043	0	0	0	0	0	0	0	0	0	0	0	0	0	0	0	0	0	0	0	0	0	0	0	0	0	0	0	0	0	0	0	0	0
7739	œ¨ƒÒ±¶±¶	0	0	0	0	0	0	0	0	0	0	0	0	0	0	0	0	0	0	0	0	0	0	0	0	0	0	0	0	0	0	0	0	0	0	0	0	97120	0	0	0	0	0	0	0	0	0	0	0	0	0	0	82549	0	0	43648	0	0	0	0	0	369043	0	0	0	0	0	0	0	0	0	0	0	0	0	0	0	0	0	0	0	0	0	0	0	0	0	0	0	0	0	0	0	0	0
7740	≥…ƒÍœ¨ƒÒ	0	0	0	0	0	0	0	0	0	0	0	0	0	0	0	0	0	0	0	0	0	0	0	0	0	0	0	0	0	0	0	0	0	0	0	0	112696	0	0	0	0	0	0	0	0	0	0	0	0	0	0	97120	0	0	55912	0	0	0	0	0	369043	0	0	0	0	0	0	0	0	0	0	0	0	0	0	0	0	0	0	0	0	0	0	0	0	0	0	0	0	0	0	0	0	0
7741	±‰“Ïœ¨ƒÒ	0	0	0	0	0	0	0	0	0	0	0	0	0	0	0	0	0	0	0	0	0	0	0	0	0	0	0	0	0	0	0	0	0	0	0	0	112696	0	0	0	0	0	0	0	0	0	0	0	0	0	0	97120	0	0	55912	0	0	0	0	0	369043	0	0	0	0	0	0	0	0	0	0	0	0	0	0	0	0	0	0	0	0	0	0	0	0	0	0	0	0	0	0	0	0	0
7742	±‰“Ïœ¨ƒÒ	0	0	0	0	0	0	0	0	0	0	0	0	0	0	0	0	0	0	0	0	0	0	0	0	0	0	0	0	0	0	0	0	0	0	0	0	112696	0	0	0	0	0	0	0	0	0	0	0	0	0	0	97120	0	0	55912	0	0	0	0	0	369043	0	0	0	0	0	0	0	0	0	0	0	0	0	0	0	0	0	0	0	0	0	0	0	0	0	0	0	0	0	0	0	0	0
7743	±‰“Ïœ¨ƒÒ	0	0	0	0	0	0	0	0	0	0	0	0	0	0	0	0	0	0	0	0	0	0	0	0	0	0	0	0	0	0	0	0	0	0	0	0	112696	0	0	0	0	0	0	0	0	0	0	0	0	0	0	97120	0	0	55912	0	0	0	0	0	369043	0	0	0	0	0	0	0	0	0	0	0	0	0	0	0	0	0	0	0	0	0	0	0	0	0	0	0	0	0	0	0	0	0
7744	±‰“Ïœ¨ƒÒ	0	0	0	0	0	0	0	0	0	0	0	0	0	0	0	0	0	0	0	0	0	0	0	0	0	0	0	0	0	0	0	0	0	0	0	0	112696	0	0	0	0	0	0	0	0	0	0	0	0	0	0	97120	0	0	55912	0	0	0	0	0	369043	0	0	0	0	0	0	0	0	0	0	0	0	0	0	0	0	0	0	0	0	0	0	0	0	0	0	0	0	0	0	0	0	0
7745	±‰“Ïœ¨ƒÒ	0	0	0	0	0	0	0	0	0	0	0	0	0	0	0	0	0	0	0	0	0	0	0	0	0	0	0	0	0	0	0	0	0	0	0	0	112696	0	0	0	0	0	0	0	0	0	0	0	0	0	0	97120	0	0	55912	0	0	0	0	0	369043	0	0	0	0	0	0	0	0	0	0	0	0	0	0	0	0	0	0	0	0	0	0	0	0	0	0	0	0	0	0	0	0	0
7749	œ¨ƒÒ±¶±¶	0	0	0	0	0	0	0	0	0	0	0	0	0	0	0	0	0	0	0	0	0	0	0	0	0	0	0	0	0	0	0	0	0	0	0	0	112696	0	0	0	0	0	0	0	0	0	0	0	0	0	0	97120	0	0	55912	0	0	0	0	0	369043	0	0	0	0	0	0	0	0	0	0	0	0	0	0	0	0	0	0	0	0	0	0	0	0	0	0	0	0	0	0	0	0	0
7750	≥…ƒÍœ¨ƒÒ	0	0	0	0	0	0	0	0	0	0	0	0	0	0	0	0	0	0	0	0	0	0	0	0	0	0	0	0	0	0	0	0	0	0	0	0	129449	0	0	0	0	0	0	0	0	0	0	0	0	0	0	112696	0	0	68850	0	0	0	0	0	369043	0	0	0	0	0	0	0	0	0	0	0	0	0	0	0	0	0	0	0	0	0	0	0	0	0	0	0	0	0	0	0	0	0
7751	±‰“Ïœ¨ƒÒ	0	0	0	0	0	0	0	0	0	0	0	0	0	0	0	0	0	0	0	0	0	0	0	0	0	0	0	0	0	0	0	0	0	0	0	0	129449	0	0	0	0	0	0	0	0	0	0	0	0	0	0	112696	0	0	68850	0	0	0	0	0	369043	0	0	0	0	0	0	0	0	0	0	0	0	0	0	0	0	0	0	0	0	0	0	0	0	0	0	0	0	0	0	0	0	0
7752	±‰“Ïœ¨ƒÒ	0	0	0	0	0	0	0	0	0	0	0	0	0	0	0	0	0	0	0	0	0	0	0	0	0	0	0	0	0	0	0	0	0	0	0	0	129449	0	0	0	0	0	0	0	0	0	0	0	0	0	0	112696	0	0	68850	0	0	0	0	0	369043	0	0	0	0	0	0	0	0	0	0	0	0	0	0	0	0	0	0	0	0	0	0	0	0	0	0	0	0	0	0	0	0	0
7753	±‰“Ïœ¨ƒÒ	0	0	0	0	0	0	0	0	0	0	0	0	0	0	0	0	0	0	0	0	0	0	0	0	0	0	0	0	0	0	0	0	0	0	0	0	129449	0	0	0	0	0	0	0	0	0	0	0	0	0	0	112696	0	0	68850	0	0	0	0	0	369043	0	0	0	0	0	0	0	0	0	0	0	0	0	0	0	0	0	0	0	0	0	0	0	0	0	0	0	0	0	0	0	0	0
7754	±‰“Ïœ¨ƒÒ	0	0	0	0	0	0	0	0	0	0	0	0	0	0	0	0	0	0	0	0	0	0	0	0	0	0	0	0	0	0	0	0	0	0	0	0	129449	0	0	0	0	0	0	0	0	0	0	0	0	0	0	112696	0	0	68850	0	0	0	0	0	369043	0	0	0	0	0	0	0	0	0	0	0	0	0	0	0	0	0	0	0	0	0	0	0	0	0	0	0	0	0	0	0	0	0
7755	±‰“Ïœ¨ƒÒ	0	0	0	0	0	0	0	0	0	0	0	0	0	0	0	0	0	0	0	0	0	0	0	0	0	0	0	0	0	0	0	0	0	0	0	0	129449	0	0	0	0	0	0	0	0	0	0	0	0	0	0	112696	0	0	68850	0	0	0	0	0	369043	0	0	0	0	0	0	0	0	0	0	0	0	0	0	0	0	0	0	0	0	0	0	0	0	0	0	0	0	0	0	0	0	0
7756	±‰“Ïœ¨ƒÒ	0	0	0	0	0	0	0	0	0	0	0	0	0	0	0	0	0	0	0	0	0	0	0	0	0	0	0	0	0	0	0	0	0	0	0	0	129449	0	0	0	0	0	0	0	0	0	0	0	0	0	0	112696	0	0	68850	0	0	0	0	0	369043	0	0	0	0	0	0	0	0	0	0	0	0	0	0	0	0	0	0	0	0	0	0	0	0	0	0	0	0	0	0	0	0	0
7759	œ¨ƒÒ±¶±¶	0	0	0	0	0	0	0	0	0	0	0	0	0	0	0	0	0	0	0	0	0	0	0	0	0	0	0	0	0	0	0	0	0	0	0	0	129449	0	0	0	0	0	0	0	0	0	0	0	0	0	0	112696	0	0	68850	0	0	0	0	0	369043	0	0	0	0	0	0	0	0	0	0	0	0	0	0	0	0	0	0	0	0	0	0	0	0	0	0	0	0	0	0	0	0	0
7760	≥…ƒÍœ¨ƒÒ	0	0	0	0	0	0	0	0	0	0	0	0	0	0	0	0	0	0	0	0	0	0	0	0	0	0	0	0	0	0	0	0	0	0	0	0	147602	0	0	0	0	0	0	0	0	0	0	0	0	0	0	129449	0	0	82549	0	0	0	0	0	369043	0	0	0	0	0	0	0	0	0	0	0	0	0	0	0	0	0	0	0	0	0	0	0	0	0	0	0	0	0	0	0	0	0
7761	±‰“Ïœ¨ƒÒ	0	0	0	0	0	0	0	0	0	0	0	0	0	0	0	0	0	0	0	0	0	0	0	0	0	0	0	0	0	0	0	0	0	0	0	0	147602	0	0	0	0	0	0	0	0	0	0	0	0	0	0	129449	0	0	82549	0	0	0	0	0	369043	0	0	0	0	0	0	0	0	0	0	0	0	0	0	0	0	0	0	0	0	0	0	0	0	0	0	0	0	0	0	0	0	0
7762	±‰“Ïœ¨ƒÒ	0	0	0	0	0	0	0	0	0	0	0	0	0	0	0	0	0	0	0	0	0	0	0	0	0	0	0	0	0	0	0	0	0	0	0	0	147602	0	0	0	0	0	0	0	0	0	0	0	0	0	0	129449	0	0	82549	0	0	0	0	0	369043	0	0	0	0	0	0	0	0	0	0	0	0	0	0	0	0	0	0	0	0	0	0	0	0	0	0	0	0	0	0	0	0	0
7763	±‰“Ïœ¨ƒÒ	0	0	0	0	0	0	0	0	0	0	0	0	0	0	0	0	0	0	0	0	0	0	0	0	0	0	0	0	0	0	0	0	0	0	0	0	147602	0	0	0	0	0	0	0	0	0	0	0	0	0	0	129449	0	0	82549	0	0	0	0	0	369043	0	0	0	0	0	0	0	0	0	0	0	0	0	0	0	0	0	0	0	0	0	0	0	0	0	0	0	0	0	0	0	0	0
7764	±‰“Ïœ¨ƒÒ	0	0	0	0	0	0	0	0	0	0	0	0	0	0	0	0	0	0	0	0	0	0	0	0	0	0	0	0	0	0	0	0	0	0	0	0	147602	0	0	0	0	0	0	0	0	0	0	0	0	0	0	129449	0	0	82549	0	0	0	0	0	369043	0	0	0	0	0	0	0	0	0	0	0	0	0	0	0	0	0	0	0	0	0	0	0	0	0	0	0	0	0	0	0	0	0
7765	±‰“Ïœ¨ƒÒ	0	0	0	0	0	0	0	0	0	0	0	0	0	0	0	0	0	0	0	0	0	0	0	0	0	0	0	0	0	0	0	0	0	0	0	0	147602	0	0	0	0	0	0	0	0	0	0	0	0	0	0	129449	0	0	82549	0	0	0	0	0	369043	0	0	0	0	0	0	0	0	0	0	0	0	0	0	0	0	0	0	0	0	0	0	0	0	0	0	0	0	0	0	0	0	0
7766	±‰“Ïœ¨ƒÒ	0	0	0	0	0	0	0	0	0	0	0	0	0	0	0	0	0	0	0	0	0	0	0	0	0	0	0	0	0	0	0	0	0	0	0	0	147602	0	0	0	0	0	0	0	0	0	0	0	0	0	0	129449	0	0	82549	0	0	0	0	0	369043	0	0	0	0	0	0	0	0	0	0	0	0	0	0	0	0	0	0	0	0	0	0	0	0	0	0	0	0	0	0	0	0	0
7767	±‰“Ïœ¨ƒÒ	0	0	0	0	0	0	0	0	0	0	0	0	0	0	0	0	0	0	0	0	0	0	0	0	0	0	0	0	0	0	0	0	0	0	0	0	147602	0	0	0	0	0	0	0	0	0	0	0	0	0	0	129449	0	0	82549	0	0	0	0	0	369043	0	0	0	0	0	0	0	0	0	0	0	0	0	0	0	0	0	0	0	0	0	0	0	0	0	0	0	0	0	0	0	0	0
7769	œ¨ƒÒ±¶±¶	0	0	0	0	0	0	0	0	0	0	0	0	0	0	0	0	0	0	0	0	0	0	0	0	0	0	0	0	0	0	0	0	0	0	0	0	147602	0	0	0	0	0	0	0	0	0	0	0	0	0	0	129449	0	0	82549	0	0	0	0	0	369043	0	0	0	0	0	0	0	0	0	0	0	0	0	0	0	0	0	0	0	0	0	0	0	0	0	0	0	0	0	0	0	0	0
7770	≥…ƒÍœ¨ƒÒ	0	0	0	0	0	0	0	0	0	0	0	0	0	0	0	0	0	0	0	0	0	0	0	0	0	0	0	0	0	0	0	0	0	0	0	0	167447	0	0	0	0	0	0	0	0	0	0	0	0	0	0	147602	0	0	97120	0	0	0	0	0	369043	0	0	0	0	0	0	0	0	0	0	0	0	0	0	0	0	0	0	0	0	0	0	0	0	0	0	0	0	0	0	0	0	0
7771	±‰“Ïœ¨ƒÒ	0	0	0	0	0	0	0	0	0	0	0	0	0	0	0	0	0	0	0	0	0	0	0	0	0	0	0	0	0	0	0	0	0	0	0	0	167447	0	0	0	0	0	0	0	0	0	0	0	0	0	0	147602	0	0	97120	0	0	0	0	0	369043	0	0	0	0	0	0	0	0	0	0	0	0	0	0	0	0	0	0	0	0	0	0	0	0	0	0	0	0	0	0	0	0	0
7772	±‰“Ïœ¨ƒÒ	0	0	0	0	0	0	0	0	0	0	0	0	0	0	0	0	0	0	0	0	0	0	0	0	0	0	0	0	0	0	0	0	0	0	0	0	167447	0	0	0	0	0	0	0	0	0	0	0	0	0	0	147602	0	0	97120	0	0	0	0	0	369043	0	0	0	0	0	0	0	0	0	0	0	0	0	0	0	0	0	0	0	0	0	0	0	0	0	0	0	0	0	0	0	0	0
7773	±‰“Ïœ¨ƒÒ	0	0	0	0	0	0	0	0	0	0	0	0	0	0	0	0	0	0	0	0	0	0	0	0	0	0	0	0	0	0	0	0	0	0	0	0	167447	0	0	0	0	0	0	0	0	0	0	0	0	0	0	147602	0	0	97120	0	0	0	0	0	369043	0	0	0	0	0	0	0	0	0	0	0	0	0	0	0	0	0	0	0	0	0	0	0	0	0	0	0	0	0	0	0	0	0
7774	±‰“Ïœ¨ƒÒ	0	0	0	0	0	0	0	0	0	0	0	0	0	0	0	0	0	0	0	0	0	0	0	0	0	0	0	0	0	0	0	0	0	0	0	0	167447	0	0	0	0	0	0	0	0	0	0	0	0	0	0	147602	0	0	97120	0	0	0	0	0	369043	0	0	0	0	0	0	0	0	0	0	0	0	0	0	0	0	0	0	0	0	0	0	0	0	0	0	0	0	0	0	0	0	0
7775	±‰“Ïœ¨ƒÒ	0	0	0	0	0	0	0	0	0	0	0	0	0	0	0	0	0	0	0	0	0	0	0	0	0	0	0	0	0	0	0	0	0	0	0	0	167447	0	0	0	0	0	0	0	0	0	0	0	0	0	0	147602	0	0	97120	0	0	0	0	0	369043	0	0	0	0	0	0	0	0	0	0	0	0	0	0	0	0	0	0	0	0	0	0	0	0	0	0	0	0	0	0	0	0	0
7776	±‰“Ïœ¨ƒÒ	0	0	0	0	0	0	0	0	0	0	0	0	0	0	0	0	0	0	0	0	0	0	0	0	0	0	0	0	0	0	0	0	0	0	0	0	167447	0	0	0	0	0	0	0	0	0	0	0	0	0	0	147602	0	0	97120	0	0	0	0	0	369043	0	0	0	0	0	0	0	0	0	0	0	0	0	0	0	0	0	0	0	0	0	0	0	0	0	0	0	0	0	0	0	0	0
7777	±‰“Ïœ¨ƒÒ	0	0	0	0	0	0	0	0	0	0	0	0	0	0	0	0	0	0	0	0	0	0	0	0	0	0	0	0	0	0	0	0	0	0	0	0	167447	0	0	0	0	0	0	0	0	0	0	0	0	0	0	147602	0	0	97120	0	0	0	0	0	369043	0	0	0	0	0	0	0	0	0	0	0	0	0	0	0	0	0	0	0	0	0	0	0	0	0	0	0	0	0	0	0	0	0
7778	±‰“Ïœ¨ƒÒ	0	0	0	0	0	0	0	0	0	0	0	0	0	0	0	0	0	0	0	0	0	0	0	0	0	0	0	0	0	0	0	0	0	0	0	0	167447	0	0	0	0	0	0	0	0	0	0	0	0	0	0	147602	0	0	97120	0	0	0	0	0	369043	0	0	0	0	0	0	0	0	0	0	0	0	0	0	0	0	0	0	0	0	0	0	0	0	0	0	0	0	0	0	0	0	0
7779	œ¨ƒÒ±¶±¶	0	0	0	0	0	0	0	0	0	0	0	0	0	0	0	0	0	0	0	0	0	0	0	0	0	0	0	0	0	0	0	0	0	0	0	0	167447	0	0	0	0	0	0	0	0	0	0	0	0	0	0	147602	0	0	97120	0	0	0	0	0	369043	0	0	0	0	0	0	0	0	0	0	0	0	0	0	0	0	0	0	0	0	0	0	0	0	0	0	0	0	0	0	0	0	0
7780	≥…ƒÍ–‹√®	0	0	0	0	0	0	369043	0	0	0	0	0	0	0	0	0	0	0	0	0	0	0	0	0	0	0	0	0	0	0	0	0	0	0	0	0	0	0	68850	0	0	0	0	0	0	0	0	0	0	0	0	0	0	0	0	0	0	0	0	0	0	0	0	0	0	0	55912	0	0	0	0	0	0	0	0	0	20852	0	0	0	0	0	0	0	0	0	0	0	0	0	0	0	0	0
7781	±‰“Ï–‹√®	0	0	0	0	0	0	369043	0	0	0	0	0	0	0	0	0	0	0	0	0	0	0	0	0	0	0	0	0	0	0	0	0	0	0	0	0	0	0	68850	0	0	0	0	0	0	0	0	0	0	0	0	0	0	0	0	0	0	0	0	0	0	0	0	0	0	0	55912	0	0	0	0	0	0	0	0	0	20852	0	0	0	0	0	0	0	0	0	0	0	0	0	0	0	0	0
7782	±‰“Ï–‹√®	0	0	0	0	0	0	369043	0	0	0	0	0	0	0	0	0	0	0	0	0	0	0	0	0	0	0	0	0	0	0	0	0	0	0	0	0	0	0	68850	0	0	0	0	0	0	0	0	0	0	0	0	0	0	0	0	0	0	0	0	0	0	0	0	0	0	0	55912	0	0	0	0	0	0	0	0	0	20852	0	0	0	0	0	0	0	0	0	0	0	0	0	0	0	0	0
7789	–‹√®±¶±¶	0	0	0	0	0	0	369043	0	0	0	0	0	0	0	0	0	0	0	0	0	0	0	0	0	0	0	0	0	0	0	0	0	0	0	0	0	0	0	68850	0	0	0	0	0	0	0	0	0	0	0	0	0	0	0	0	0	0	0	0	0	0	0	0	0	0	0	55912	0	0	0	0	0	0	0	0	0	20852	0	0	0	0	0	0	0	0	0	0	0	0	0	0	0	0	0
7790	≥…ƒÍ–‹√®	0	0	0	0	0	0	369043	0	0	0	0	0	0	0	0	0	0	0	0	0	0	0	0	0	0	0	0	0	0	0	0	0	0	0	0	0	0	0	82549	0	0	0	0	0	0	0	0	0	0	0	0	0	0	0	0	0	0	0	0	0	0	0	0	0	0	0	68850	0	0	0	0	0	0	0	0	0	31981	0	0	0	0	0	0	0	0	0	0	0	0	0	0	0	0	0
7791	±‰“Ï–‹√®	0	0	0	0	0	0	369043	0	0	0	0	0	0	0	0	0	0	0	0	0	0	0	0	0	0	0	0	0	0	0	0	0	0	0	0	0	0	0	82549	0	0	0	0	0	0	0	0	0	0	0	0	0	0	0	0	0	0	0	0	0	0	0	0	0	0	0	68850	0	0	0	0	0	0	0	0	0	31981	0	0	0	0	0	0	0	0	0	0	0	0	0	0	0	0	0
7792	±‰“Ï–‹√®	0	0	0	0	0	0	369043	0	0	0	0	0	0	0	0	0	0	0	0	0	0	0	0	0	0	0	0	0	0	0	0	0	0	0	0	0	0	0	82549	0	0	0	0	0	0	0	0	0	0	0	0	0	0	0	0	0	0	0	0	0	0	0	0	0	0	0	68850	0	0	0	0	0	0	0	0	0	31981	0	0	0	0	0	0	0	0	0	0	0	0	0	0	0	0	0
7793	±‰“Ï–‹√®	0	0	0	0	0	0	369043	0	0	0	0	0	0	0	0	0	0	0	0	0	0	0	0	0	0	0	0	0	0	0	0	0	0	0	0	0	0	0	82549	0	0	0	0	0	0	0	0	0	0	0	0	0	0	0	0	0	0	0	0	0	0	0	0	0	0	0	68850	0	0	0	0	0	0	0	0	0	31981	0	0	0	0	0	0	0	0	0	0	0	0	0	0	0	0	0
7799	–‹√®±¶±¶	0	0	0	0	0	0	369043	0	0	0	0	0	0	0	0	0	0	0	0	0	0	0	0	0	0	0	0	0	0	0	0	0	0	0	0	0	0	0	82549	0	0	0	0	0	0	0	0	0	0	0	0	0	0	0	0	0	0	0	0	0	0	0	0	0	0	0	68850	0	0	0	0	0	0	0	0	0	31981	0	0	0	0	0	0	0	0	0	0	0	0	0	0	0	0	0
7800	≥…ƒÍ–‹√®	0	0	0	0	0	0	369043	0	0	0	0	0	0	0	0	0	0	0	0	0	0	0	0	0	0	0	0	0	0	0	0	0	0	0	0	0	0	0	97120	0	0	0	0	0	0	0	0	0	0	0	0	0	0	0	0	0	0	0	0	0	0	0	0	0	0	0	82549	0	0	0	0	0	0	0	0	0	43648	0	0	0	0	0	0	0	0	0	0	0	0	0	0	0	0	0
7801	±‰“Ï–‹√®	0	0	0	0	0	0	369043	0	0	0	0	0	0	0	0	0	0	0	0	0	0	0	0	0	0	0	0	0	0	0	0	0	0	0	0	0	0	0	97120	0	0	0	0	0	0	0	0	0	0	0	0	0	0	0	0	0	0	0	0	0	0	0	0	0	0	0	82549	0	0	0	0	0	0	0	0	0	43648	0	0	0	0	0	0	0	0	0	0	0	0	0	0	0	0	0
7802	±‰“Ï–‹√®	0	0	0	0	0	0	369043	0	0	0	0	0	0	0	0	0	0	0	0	0	0	0	0	0	0	0	0	0	0	0	0	0	0	0	0	0	0	0	97120	0	0	0	0	0	0	0	0	0	0	0	0	0	0	0	0	0	0	0	0	0	0	0	0	0	0	0	82549	0	0	0	0	0	0	0	0	0	43648	0	0	0	0	0	0	0	0	0	0	0	0	0	0	0	0	0
7803	±‰“Ï–‹√®	0	0	0	0	0	0	369043	0	0	0	0	0	0	0	0	0	0	0	0	0	0	0	0	0	0	0	0	0	0	0	0	0	0	0	0	0	0	0	97120	0	0	0	0	0	0	0	0	0	0	0	0	0	0	0	0	0	0	0	0	0	0	0	0	0	0	0	82549	0	0	0	0	0	0	0	0	0	43648	0	0	0	0	0	0	0	0	0	0	0	0	0	0	0	0	0
7804	±‰“Ï–‹√®	0	0	0	0	0	0	369043	0	0	0	0	0	0	0	0	0	0	0	0	0	0	0	0	0	0	0	0	0	0	0	0	0	0	0	0	0	0	0	97120	0	0	0	0	0	0	0	0	0	0	0	0	0	0	0	0	0	0	0	0	0	0	0	0	0	0	0	82549	0	0	0	0	0	0	0	0	0	43648	0	0	0	0	0	0	0	0	0	0	0	0	0	0	0	0	0
7809	–‹√®±¶±¶	0	0	0	0	0	0	369043	0	0	0	0	0	0	0	0	0	0	0	0	0	0	0	0	0	0	0	0	0	0	0	0	0	0	0	0	0	0	0	97120	0	0	0	0	0	0	0	0	0	0	0	0	0	0	0	0	0	0	0	0	0	0	0	0	0	0	0	82549	0	0	0	0	0	0	0	0	0	43648	0	0	0	0	0	0	0	0	0	0	0	0	0	0	0	0	0
7810	≥…ƒÍ–‹√®	0	0	0	0	0	0	369043	0	0	0	0	0	0	0	0	0	0	0	0	0	0	0	0	0	0	0	0	0	0	0	0	0	0	0	0	0	0	0	112696	0	0	0	0	0	0	0	0	0	0	0	0	0	0	0	0	0	0	0	0	0	0	0	0	0	0	0	97120	0	0	0	0	0	0	0	0	0	55912	0	0	0	0	0	0	0	0	0	0	0	0	0	0	0	0	0
7811	±‰“Ï–‹√®	0	0	0	0	0	0	369043	0	0	0	0	0	0	0	0	0	0	0	0	0	0	0	0	0	0	0	0	0	0	0	0	0	0	0	0	0	0	0	112696	0	0	0	0	0	0	0	0	0	0	0	0	0	0	0	0	0	0	0	0	0	0	0	0	0	0	0	97120	0	0	0	0	0	0	0	0	0	55912	0	0	0	0	0	0	0	0	0	0	0	0	0	0	0	0	0
7812	±‰“Ï–‹√®	0	0	0	0	0	0	369043	0	0	0	0	0	0	0	0	0	0	0	0	0	0	0	0	0	0	0	0	0	0	0	0	0	0	0	0	0	0	0	112696	0	0	0	0	0	0	0	0	0	0	0	0	0	0	0	0	0	0	0	0	0	0	0	0	0	0	0	97120	0	0	0	0	0	0	0	0	0	55912	0	0	0	0	0	0	0	0	0	0	0	0	0	0	0	0	0
7813	±‰“Ï–‹√®	0	0	0	0	0	0	369043	0	0	0	0	0	0	0	0	0	0	0	0	0	0	0	0	0	0	0	0	0	0	0	0	0	0	0	0	0	0	0	112696	0	0	0	0	0	0	0	0	0	0	0	0	0	0	0	0	0	0	0	0	0	0	0	0	0	0	0	97120	0	0	0	0	0	0	0	0	0	55912	0	0	0	0	0	0	0	0	0	0	0	0	0	0	0	0	0
7814	±‰“Ï–‹√®	0	0	0	0	0	0	369043	0	0	0	0	0	0	0	0	0	0	0	0	0	0	0	0	0	0	0	0	0	0	0	0	0	0	0	0	0	0	0	112696	0	0	0	0	0	0	0	0	0	0	0	0	0	0	0	0	0	0	0	0	0	0	0	0	0	0	0	97120	0	0	0	0	0	0	0	0	0	55912	0	0	0	0	0	0	0	0	0	0	0	0	0	0	0	0	0
7815	±‰“Ï–‹√®	0	0	0	0	0	0	369043	0	0	0	0	0	0	0	0	0	0	0	0	0	0	0	0	0	0	0	0	0	0	0	0	0	0	0	0	0	0	0	112696	0	0	0	0	0	0	0	0	0	0	0	0	0	0	0	0	0	0	0	0	0	0	0	0	0	0	0	97120	0	0	0	0	0	0	0	0	0	55912	0	0	0	0	0	0	0	0	0	0	0	0	0	0	0	0	0
7819	–‹√®±¶±¶	0	0	0	0	0	0	369043	0	0	0	0	0	0	0	0	0	0	0	0	0	0	0	0	0	0	0	0	0	0	0	0	0	0	0	0	0	0	0	112696	0	0	0	0	0	0	0	0	0	0	0	0	0	0	0	0	0	0	0	0	0	0	0	0	0	0	0	97120	0	0	0	0	0	0	0	0	0	55912	0	0	0	0	0	0	0	0	0	0	0	0	0	0	0	0	0
7820	≥…ƒÍ–‹√®	0	0	0	0	0	0	369043	0	0	0	0	0	0	0	0	0	0	0	0	0	0	0	0	0	0	0	0	0	0	0	0	0	0	0	0	0	0	0	129449	0	0	0	0	0	0	0	0	0	0	0	0	0	0	0	0	0	0	0	0	0	0	0	0	0	0	0	112696	0	0	0	0	0	0	0	0	0	68850	0	0	0	0	0	0	0	0	0	0	0	0	0	0	0	0	0
7821	±‰“Ï–‹√®	0	0	0	0	0	0	369043	0	0	0	0	0	0	0	0	0	0	0	0	0	0	0	0	0	0	0	0	0	0	0	0	0	0	0	0	0	0	0	129449	0	0	0	0	0	0	0	0	0	0	0	0	0	0	0	0	0	0	0	0	0	0	0	0	0	0	0	112696	0	0	0	0	0	0	0	0	0	68850	0	0	0	0	0	0	0	0	0	0	0	0	0	0	0	0	0
7822	±‰“Ï–‹√®	0	0	0	0	0	0	369043	0	0	0	0	0	0	0	0	0	0	0	0	0	0	0	0	0	0	0	0	0	0	0	0	0	0	0	0	0	0	0	129449	0	0	0	0	0	0	0	0	0	0	0	0	0	0	0	0	0	0	0	0	0	0	0	0	0	0	0	112696	0	0	0	0	0	0	0	0	0	68850	0	0	0	0	0	0	0	0	0	0	0	0	0	0	0	0	0
7823	±‰“Ï–‹√®	0	0	0	0	0	0	369043	0	0	0	0	0	0	0	0	0	0	0	0	0	0	0	0	0	0	0	0	0	0	0	0	0	0	0	0	0	0	0	129449	0	0	0	0	0	0	0	0	0	0	0	0	0	0	0	0	0	0	0	0	0	0	0	0	0	0	0	112696	0	0	0	0	0	0	0	0	0	68850	0	0	0	0	0	0	0	0	0	0	0	0	0	0	0	0	0
7824	±‰“Ï–‹√®	0	0	0	0	0	0	369043	0	0	0	0	0	0	0	0	0	0	0	0	0	0	0	0	0	0	0	0	0	0	0	0	0	0	0	0	0	0	0	129449	0	0	0	0	0	0	0	0	0	0	0	0	0	0	0	0	0	0	0	0	0	0	0	0	0	0	0	112696	0	0	0	0	0	0	0	0	0	68850	0	0	0	0	0	0	0	0	0	0	0	0	0	0	0	0	0
7825	±‰“Ï–‹√®	0	0	0	0	0	0	369043	0	0	0	0	0	0	0	0	0	0	0	0	0	0	0	0	0	0	0	0	0	0	0	0	0	0	0	0	0	0	0	129449	0	0	0	0	0	0	0	0	0	0	0	0	0	0	0	0	0	0	0	0	0	0	0	0	0	0	0	112696	0	0	0	0	0	0	0	0	0	68850	0	0	0	0	0	0	0	0	0	0	0	0	0	0	0	0	0
7826	±‰“Ï–‹√®	0	0	0	0	0	0	369043	0	0	0	0	0	0	0	0	0	0	0	0	0	0	0	0	0	0	0	0	0	0	0	0	0	0	0	0	0	0	0	129449	0	0	0	0	0	0	0	0	0	0	0	0	0	0	0	0	0	0	0	0	0	0	0	0	0	0	0	112696	0	0	0	0	0	0	0	0	0	68850	0	0	0	0	0	0	0	0	0	0	0	0	0	0	0	0	0
7829	–‹√®±¶±¶	0	0	0	0	0	0	369043	0	0	0	0	0	0	0	0	0	0	0	0	0	0	0	0	0	0	0	0	0	0	0	0	0	0	0	0	0	0	0	129449	0	0	0	0	0	0	0	0	0	0	0	0	0	0	0	0	0	0	0	0	0	0	0	0	0	0	0	112696	0	0	0	0	0	0	0	0	0	68850	0	0	0	0	0	0	0	0	0	0	0	0	0	0	0	0	0
7830	≥…ƒÍ–‹√®	0	0	0	0	0	0	369043	0	0	0	0	0	0	0	0	0	0	0	0	0	0	0	0	0	0	0	0	0	0	0	0	0	0	0	0	0	0	0	147602	0	0	0	0	0	0	0	0	0	0	0	0	0	0	0	0	0	0	0	0	0	0	0	0	0	0	0	129449	0	0	0	0	0	0	0	0	0	82549	0	0	0	0	0	0	0	0	0	0	0	0	0	0	0	0	0
7831	±‰“Ï–‹√®	0	0	0	0	0	0	369043	0	0	0	0	0	0	0	0	0	0	0	0	0	0	0	0	0	0	0	0	0	0	0	0	0	0	0	0	0	0	0	147602	0	0	0	0	0	0	0	0	0	0	0	0	0	0	0	0	0	0	0	0	0	0	0	0	0	0	0	129449	0	0	0	0	0	0	0	0	0	82549	0	0	0	0	0	0	0	0	0	0	0	0	0	0	0	0	0
7832	±‰“Ï–‹√®	0	0	0	0	0	0	369043	0	0	0	0	0	0	0	0	0	0	0	0	0	0	0	0	0	0	0	0	0	0	0	0	0	0	0	0	0	0	0	147602	0	0	0	0	0	0	0	0	0	0	0	0	0	0	0	0	0	0	0	0	0	0	0	0	0	0	0	129449	0	0	0	0	0	0	0	0	0	82549	0	0	0	0	0	0	0	0	0	0	0	0	0	0	0	0	0
7833	±‰“Ï–‹√®	0	0	0	0	0	0	369043	0	0	0	0	0	0	0	0	0	0	0	0	0	0	0	0	0	0	0	0	0	0	0	0	0	0	0	0	0	0	0	147602	0	0	0	0	0	0	0	0	0	0	0	0	0	0	0	0	0	0	0	0	0	0	0	0	0	0	0	129449	0	0	0	0	0	0	0	0	0	82549	0	0	0	0	0	0	0	0	0	0	0	0	0	0	0	0	0
7834	±‰“Ï–‹√®	0	0	0	0	0	0	369043	0	0	0	0	0	0	0	0	0	0	0	0	0	0	0	0	0	0	0	0	0	0	0	0	0	0	0	0	0	0	0	147602	0	0	0	0	0	0	0	0	0	0	0	0	0	0	0	0	0	0	0	0	0	0	0	0	0	0	0	129449	0	0	0	0	0	0	0	0	0	82549	0	0	0	0	0	0	0	0	0	0	0	0	0	0	0	0	0
7835	±‰“Ï–‹√®	0	0	0	0	0	0	369043	0	0	0	0	0	0	0	0	0	0	0	0	0	0	0	0	0	0	0	0	0	0	0	0	0	0	0	0	0	0	0	147602	0	0	0	0	0	0	0	0	0	0	0	0	0	0	0	0	0	0	0	0	0	0	0	0	0	0	0	129449	0	0	0	0	0	0	0	0	0	82549	0	0	0	0	0	0	0	0	0	0	0	0	0	0	0	0	0
7836	±‰“Ï–‹√®	0	0	0	0	0	0	369043	0	0	0	0	0	0	0	0	0	0	0	0	0	0	0	0	0	0	0	0	0	0	0	0	0	0	0	0	0	0	0	147602	0	0	0	0	0	0	0	0	0	0	0	0	0	0	0	0	0	0	0	0	0	0	0	0	0	0	0	129449	0	0	0	0	0	0	0	0	0	82549	0	0	0	0	0	0	0	0	0	0	0	0	0	0	0	0	0
7837	±‰“Ï–‹√®	0	0	0	0	0	0	369043	0	0	0	0	0	0	0	0	0	0	0	0	0	0	0	0	0	0	0	0	0	0	0	0	0	0	0	0	0	0	0	147602	0	0	0	0	0	0	0	0	0	0	0	0	0	0	0	0	0	0	0	0	0	0	0	0	0	0	0	129449	0	0	0	0	0	0	0	0	0	82549	0	0	0	0	0	0	0	0	0	0	0	0	0	0	0	0	0
7839	–‹√®±¶±¶	0	0	0	0	0	0	369043	0	0	0	0	0	0	0	0	0	0	0	0	0	0	0	0	0	0	0	0	0	0	0	0	0	0	0	0	0	0	0	147602	0	0	0	0	0	0	0	0	0	0	0	0	0	0	0	0	0	0	0	0	0	0	0	0	0	0	0	129449	0	0	0	0	0	0	0	0	0	82549	0	0	0	0	0	0	0	0	0	0	0	0	0	0	0	0	0
7840	≥…ƒÍ–‹√®	0	0	0	0	0	0	369043	0	0	0	0	0	0	0	0	0	0	0	0	0	0	0	0	0	0	0	0	0	0	0	0	0	0	0	0	0	0	0	167447	0	0	0	0	0	0	0	0	0	0	0	0	0	0	0	0	0	0	0	0	0	0	0	0	0	0	0	147602	0	0	0	0	0	0	0	0	0	97120	0	0	0	0	0	0	0	0	0	0	0	0	0	0	0	0	0
7841	±‰“Ï–‹√®	0	0	0	0	0	0	369043	0	0	0	0	0	0	0	0	0	0	0	0	0	0	0	0	0	0	0	0	0	0	0	0	0	0	0	0	0	0	0	167447	0	0	0	0	0	0	0	0	0	0	0	0	0	0	0	0	0	0	0	0	0	0	0	0	0	0	0	147602	0	0	0	0	0	0	0	0	0	97120	0	0	0	0	0	0	0	0	0	0	0	0	0	0	0	0	0
7842	±‰“Ï–‹√®	0	0	0	0	0	0	369043	0	0	0	0	0	0	0	0	0	0	0	0	0	0	0	0	0	0	0	0	0	0	0	0	0	0	0	0	0	0	0	167447	0	0	0	0	0	0	0	0	0	0	0	0	0	0	0	0	0	0	0	0	0	0	0	0	0	0	0	147602	0	0	0	0	0	0	0	0	0	97120	0	0	0	0	0	0	0	0	0	0	0	0	0	0	0	0	0
7843	±‰“Ï–‹√®	0	0	0	0	0	0	369043	0	0	0	0	0	0	0	0	0	0	0	0	0	0	0	0	0	0	0	0	0	0	0	0	0	0	0	0	0	0	0	167447	0	0	0	0	0	0	0	0	0	0	0	0	0	0	0	0	0	0	0	0	0	0	0	0	0	0	0	147602	0	0	0	0	0	0	0	0	0	97120	0	0	0	0	0	0	0	0	0	0	0	0	0	0	0	0	0
7844	±‰“Ï–‹√®	0	0	0	0	0	0	369043	0	0	0	0	0	0	0	0	0	0	0	0	0	0	0	0	0	0	0	0	0	0	0	0	0	0	0	0	0	0	0	167447	0	0	0	0	0	0	0	0	0	0	0	0	0	0	0	0	0	0	0	0	0	0	0	0	0	0	0	147602	0	0	0	0	0	0	0	0	0	97120	0	0	0	0	0	0	0	0	0	0	0	0	0	0	0	0	0
7845	±‰“Ï–‹√®	0	0	0	0	0	0	369043	0	0	0	0	0	0	0	0	0	0	0	0	0	0	0	0	0	0	0	0	0	0	0	0	0	0	0	0	0	0	0	167447	0	0	0	0	0	0	0	0	0	0	0	0	0	0	0	0	0	0	0	0	0	0	0	0	0	0	0	147602	0	0	0	0	0	0	0	0	0	97120	0	0	0	0	0	0	0	0	0	0	0	0	0	0	0	0	0
7846	±‰“Ï–‹√®	0	0	0	0	0	0	369043	0	0	0	0	0	0	0	0	0	0	0	0	0	0	0	0	0	0	0	0	0	0	0	0	0	0	0	0	0	0	0	167447	0	0	0	0	0	0	0	0	0	0	0	0	0	0	0	0	0	0	0	0	0	0	0	0	0	0	0	147602	0	0	0	0	0	0	0	0	0	97120	0	0	0	0	0	0	0	0	0	0	0	0	0	0	0	0	0
7847	±‰“Ï–‹√®	0	0	0	0	0	0	369043	0	0	0	0	0	0	0	0	0	0	0	0	0	0	0	0	0	0	0	0	0	0	0	0	0	0	0	0	0	0	0	167447	0	0	0	0	0	0	0	0	0	0	0	0	0	0	0	0	0	0	0	0	0	0	0	0	0	0	0	147602	0	0	0	0	0	0	0	0	0	97120	0	0	0	0	0	0	0	0	0	0	0	0	0	0	0	0	0
7848	±‰“Ï–‹√®	0	0	0	0	0	0	369043	0	0	0	0	0	0	0	0	0	0	0	0	0	0	0	0	0	0	0	0	0	0	0	0	0	0	0	0	0	0	0	167447	0	0	0	0	0	0	0	0	0	0	0	0	0	0	0	0	0	0	0	0	0	0	0	0	0	0	0	147602	0	0	0	0	0	0	0	0	0	97120	0	0	0	0	0	0	0	0	0	0	0	0	0	0	0	0	0
7849	–‹√®±¶±¶	0	0	0	0	0	0	369043	0	0	0	0	0	0	0	0	0	0	0	0	0	0	0	0	0	0	0	0	0	0	0	0	0	0	0	0	0	0	0	167447	0	0	0	0	0	0	0	0	0	0	0	0	0	0	0	0	0	0	0	0	0	0	0	0	0	0	0	147602	0	0	0	0	0	0	0	0	0	97120	0	0	0	0	0	0	0	0	0	0	0	0	0	0	0	0	0
7850	≥…ƒÍÛ¶–∑	0	0	0	0	0	0	0	0	0	55912	0	0	0	0	0	0	0	0	0	0	0	0	0	0	0	0	0	0	0	0	0	0	68850	0	0	0	0	0	0	0	0	0	0	0	0	0	0	0	0	0	20852	0	0	0	0	0	0	0	0	0	0	0	0	0	0	0	0	0	0	0	0	0	0	0	369043	0	0	0	0	0	0	0	0	0	0	0	0	0	0	0	0	0	0	0
7851	±‰“ÏÛ¶–∑	0	0	0	0	0	0	0	0	0	55912	0	0	0	0	0	0	0	0	0	0	0	0	0	0	0	0	0	0	0	0	0	0	68850	0	0	0	0	0	0	0	0	0	0	0	0	0	0	0	0	0	20852	0	0	0	0	0	0	0	0	0	0	0	0	0	0	0	0	0	0	0	0	0	0	0	369043	0	0	0	0	0	0	0	0	0	0	0	0	0	0	0	0	0	0	0
7852	±‰“ÏÛ¶–∑	0	0	0	0	0	0	0	0	0	55912	0	0	0	0	0	0	0	0	0	0	0	0	0	0	0	0	0	0	0	0	0	0	68850	0	0	0	0	0	0	0	0	0	0	0	0	0	0	0	0	0	20852	0	0	0	0	0	0	0	0	0	0	0	0	0	0	0	0	0	0	0	0	0	0	0	369043	0	0	0	0	0	0	0	0	0	0	0	0	0	0	0	0	0	0	0
7859	Û¶–∑±¶±¶	0	0	0	0	0	0	0	0	0	55912	0	0	0	0	0	0	0	0	0	0	0	0	0	0	0	0	0	0	0	0	0	0	68850	0	0	0	0	0	0	0	0	0	0	0	0	0	0	0	0	0	20852	0	0	0	0	0	0	0	0	0	0	0	0	0	0	0	0	0	0	0	0	0	0	0	369043	0	0	0	0	0	0	0	0	0	0	0	0	0	0	0	0	0	0	0
7860	≥…ƒÍÛ¶–∑	0	0	0	0	0	0	0	0	0	68850	0	0	0	0	0	0	0	0	0	0	0	0	0	0	0	0	0	0	0	0	0	0	82549	0	0	0	0	0	0	0	0	0	0	0	0	0	0	0	0	0	31981	0	0	0	0	0	0	0	0	0	0	0	0	0	0	0	0	0	0	0	0	0	0	0	369043	0	0	0	0	0	0	0	0	0	0	0	0	0	0	0	0	0	0	0
7861	±‰“ÏÛ¶–∑	0	0	0	0	0	0	0	0	0	68850	0	0	0	0	0	0	0	0	0	0	0	0	0	0	0	0	0	0	0	0	0	0	82549	0	0	0	0	0	0	0	0	0	0	0	0	0	0	0	0	0	31981	0	0	0	0	0	0	0	0	0	0	0	0	0	0	0	0	0	0	0	0	0	0	0	369043	0	0	0	0	0	0	0	0	0	0	0	0	0	0	0	0	0	0	0
7862	±‰“ÏÛ¶–∑	0	0	0	0	0	0	0	0	0	68850	0	0	0	0	0	0	0	0	0	0	0	0	0	0	0	0	0	0	0	0	0	0	82549	0	0	0	0	0	0	0	0	0	0	0	0	0	0	0	0	0	31981	0	0	0	0	0	0	0	0	0	0	0	0	0	0	0	0	0	0	0	0	0	0	0	369043	0	0	0	0	0	0	0	0	0	0	0	0	0	0	0	0	0	0	0
7863	±‰“ÏÛ¶–∑	0	0	0	0	0	0	0	0	0	68850	0	0	0	0	0	0	0	0	0	0	0	0	0	0	0	0	0	0	0	0	0	0	82549	0	0	0	0	0	0	0	0	0	0	0	0	0	0	0	0	0	31981	0	0	0	0	0	0	0	0	0	0	0	0	0	0	0	0	0	0	0	0	0	0	0	369043	0	0	0	0	0	0	0	0	0	0	0	0	0	0	0	0	0	0	0
7869	Û¶–∑±¶±¶	0	0	0	0	0	0	0	0	0	68850	0	0	0	0	0	0	0	0	0	0	0	0	0	0	0	0	0	0	0	0	0	0	82549	0	0	0	0	0	0	0	0	0	0	0	0	0	0	0	0	0	31981	0	0	0	0	0	0	0	0	0	0	0	0	0	0	0	0	0	0	0	0	0	0	0	369043	0	0	0	0	0	0	0	0	0	0	0	0	0	0	0	0	0	0	0
7870	≥…ƒÍÛ¶–∑	0	0	0	0	0	0	0	0	0	82549	0	0	0	0	0	0	0	0	0	0	0	0	0	0	0	0	0	0	0	0	0	0	97120	0	0	0	0	0	0	0	0	0	0	0	0	0	0	0	0	0	43648	0	0	0	0	0	0	0	0	0	0	0	0	0	0	0	0	0	0	0	0	0	0	0	369043	0	0	0	0	0	0	0	0	0	0	0	0	0	0	0	0	0	0	0
7871	±‰“ÏÛ¶–∑	0	0	0	0	0	0	0	0	0	82549	0	0	0	0	0	0	0	0	0	0	0	0	0	0	0	0	0	0	0	0	0	0	97120	0	0	0	0	0	0	0	0	0	0	0	0	0	0	0	0	0	43648	0	0	0	0	0	0	0	0	0	0	0	0	0	0	0	0	0	0	0	0	0	0	0	369043	0	0	0	0	0	0	0	0	0	0	0	0	0	0	0	0	0	0	0
7872	±‰“ÏÛ¶–∑	0	0	0	0	0	0	0	0	0	82549	0	0	0	0	0	0	0	0	0	0	0	0	0	0	0	0	0	0	0	0	0	0	97120	0	0	0	0	0	0	0	0	0	0	0	0	0	0	0	0	0	43648	0	0	0	0	0	0	0	0	0	0	0	0	0	0	0	0	0	0	0	0	0	0	0	369043	0	0	0	0	0	0	0	0	0	0	0	0	0	0	0	0	0	0	0
7873	±‰“ÏÛ¶–∑	0	0	0	0	0	0	0	0	0	82549	0	0	0	0	0	0	0	0	0	0	0	0	0	0	0	0	0	0	0	0	0	0	97120	0	0	0	0	0	0	0	0	0	0	0	0	0	0	0	0	0	43648	0	0	0	0	0	0	0	0	0	0	0	0	0	0	0	0	0	0	0	0	0	0	0	369043	0	0	0	0	0	0	0	0	0	0	0	0	0	0	0	0	0	0	0
7874	±‰“ÏÛ¶–∑	0	0	0	0	0	0	0	0	0	82549	0	0	0	0	0	0	0	0	0	0	0	0	0	0	0	0	0	0	0	0	0	0	97120	0	0	0	0	0	0	0	0	0	0	0	0	0	0	0	0	0	43648	0	0	0	0	0	0	0	0	0	0	0	0	0	0	0	0	0	0	0	0	0	0	0	369043	0	0	0	0	0	0	0	0	0	0	0	0	0	0	0	0	0	0	0
7879	Û¶–∑±¶±¶	0	0	0	0	0	0	0	0	0	82549	0	0	0	0	0	0	0	0	0	0	0	0	0	0	0	0	0	0	0	0	0	0	97120	0	0	0	0	0	0	0	0	0	0	0	0	0	0	0	0	0	43648	0	0	0	0	0	0	0	0	0	0	0	0	0	0	0	0	0	0	0	0	0	0	0	369043	0	0	0	0	0	0	0	0	0	0	0	0	0	0	0	0	0	0	0
7880	≥…ƒÍÛ¶–∑	0	0	0	0	0	0	0	0	0	97120	0	0	0	0	0	0	0	0	0	0	0	0	0	0	0	0	0	0	0	0	0	0	112696	0	0	0	0	0	0	0	0	0	0	0	0	0	0	0	0	0	55912	0	0	0	0	0	0	0	0	0	0	0	0	0	0	0	0	0	0	0	0	0	0	0	369043	0	0	0	0	0	0	0	0	0	0	0	0	0	0	0	0	0	0	0
7881	±‰“ÏÛ¶–∑	0	0	0	0	0	0	0	0	0	97120	0	0	0	0	0	0	0	0	0	0	0	0	0	0	0	0	0	0	0	0	0	0	112696	0	0	0	0	0	0	0	0	0	0	0	0	0	0	0	0	0	55912	0	0	0	0	0	0	0	0	0	0	0	0	0	0	0	0	0	0	0	0	0	0	0	369043	0	0	0	0	0	0	0	0	0	0	0	0	0	0	0	0	0	0	0
7882	±‰“ÏÛ¶–∑	0	0	0	0	0	0	0	0	0	97120	0	0	0	0	0	0	0	0	0	0	0	0	0	0	0	0	0	0	0	0	0	0	112696	0	0	0	0	0	0	0	0	0	0	0	0	0	0	0	0	0	55912	0	0	0	0	0	0	0	0	0	0	0	0	0	0	0	0	0	0	0	0	0	0	0	369043	0	0	0	0	0	0	0	0	0	0	0	0	0	0	0	0	0	0	0
7883	±‰“ÏÛ¶–∑	0	0	0	0	0	0	0	0	0	97120	0	0	0	0	0	0	0	0	0	0	0	0	0	0	0	0	0	0	0	0	0	0	112696	0	0	0	0	0	0	0	0	0	0	0	0	0	0	0	0	0	55912	0	0	0	0	0	0	0	0	0	0	0	0	0	0	0	0	0	0	0	0	0	0	0	369043	0	0	0	0	0	0	0	0	0	0	0	0	0	0	0	0	0	0	0
7884	±‰“ÏÛ¶–∑	0	0	0	0	0	0	0	0	0	97120	0	0	0	0	0	0	0	0	0	0	0	0	0	0	0	0	0	0	0	0	0	0	112696	0	0	0	0	0	0	0	0	0	0	0	0	0	0	0	0	0	55912	0	0	0	0	0	0	0	0	0	0	0	0	0	0	0	0	0	0	0	0	0	0	0	369043	0	0	0	0	0	0	0	0	0	0	0	0	0	0	0	0	0	0	0
7885	±‰“ÏÛ¶–∑	0	0	0	0	0	0	0	0	0	97120	0	0	0	0	0	0	0	0	0	0	0	0	0	0	0	0	0	0	0	0	0	0	112696	0	0	0	0	0	0	0	0	0	0	0	0	0	0	0	0	0	55912	0	0	0	0	0	0	0	0	0	0	0	0	0	0	0	0	0	0	0	0	0	0	0	369043	0	0	0	0	0	0	0	0	0	0	0	0	0	0	0	0	0	0	0
7889	Û¶–∑±¶±¶	0	0	0	0	0	0	0	0	0	97120	0	0	0	0	0	0	0	0	0	0	0	0	0	0	0	0	0	0	0	0	0	0	112696	0	0	0	0	0	0	0	0	0	0	0	0	0	0	0	0	0	55912	0	0	0	0	0	0	0	0	0	0	0	0	0	0	0	0	0	0	0	0	0	0	0	369043	0	0	0	0	0	0	0	0	0	0	0	0	0	0	0	0	0	0	0
7890	≥…ƒÍÛ¶–∑	0	0	0	0	0	0	0	0	0	112696	0	0	0	0	0	0	0	0	0	0	0	0	0	0	0	0	0	0	0	0	0	0	129449	0	0	0	0	0	0	0	0	0	0	0	0	0	0	0	0	0	68850	0	0	0	0	0	0	0	0	0	0	0	0	0	0	0	0	0	0	0	0	0	0	0	369043	0	0	0	0	0	0	0	0	0	0	0	0	0	0	0	0	0	0	0
7891	±‰“ÏÛ¶–∑	0	0	0	0	0	0	0	0	0	112696	0	0	0	0	0	0	0	0	0	0	0	0	0	0	0	0	0	0	0	0	0	0	129449	0	0	0	0	0	0	0	0	0	0	0	0	0	0	0	0	0	68850	0	0	0	0	0	0	0	0	0	0	0	0	0	0	0	0	0	0	0	0	0	0	0	369043	0	0	0	0	0	0	0	0	0	0	0	0	0	0	0	0	0	0	0
7892	±‰“ÏÛ¶–∑	0	0	0	0	0	0	0	0	0	112696	0	0	0	0	0	0	0	0	0	0	0	0	0	0	0	0	0	0	0	0	0	0	129449	0	0	0	0	0	0	0	0	0	0	0	0	0	0	0	0	0	68850	0	0	0	0	0	0	0	0	0	0	0	0	0	0	0	0	0	0	0	0	0	0	0	369043	0	0	0	0	0	0	0	0	0	0	0	0	0	0	0	0	0	0	0
7893	±‰“ÏÛ¶–∑	0	0	0	0	0	0	0	0	0	112696	0	0	0	0	0	0	0	0	0	0	0	0	0	0	0	0	0	0	0	0	0	0	129449	0	0	0	0	0	0	0	0	0	0	0	0	0	0	0	0	0	68850	0	0	0	0	0	0	0	0	0	0	0	0	0	0	0	0	0	0	0	0	0	0	0	369043	0	0	0	0	0	0	0	0	0	0	0	0	0	0	0	0	0	0	0
7894	±‰“ÏÛ¶–∑	0	0	0	0	0	0	0	0	0	112696	0	0	0	0	0	0	0	0	0	0	0	0	0	0	0	0	0	0	0	0	0	0	129449	0	0	0	0	0	0	0	0	0	0	0	0	0	0	0	0	0	68850	0	0	0	0	0	0	0	0	0	0	0	0	0	0	0	0	0	0	0	0	0	0	0	369043	0	0	0	0	0	0	0	0	0	0	0	0	0	0	0	0	0	0	0
7895	±‰“ÏÛ¶–∑	0	0	0	0	0	0	0	0	0	112696	0	0	0	0	0	0	0	0	0	0	0	0	0	0	0	0	0	0	0	0	0	0	129449	0	0	0	0	0	0	0	0	0	0	0	0	0	0	0	0	0	68850	0	0	0	0	0	0	0	0	0	0	0	0	0	0	0	0	0	0	0	0	0	0	0	369043	0	0	0	0	0	0	0	0	0	0	0	0	0	0	0	0	0	0	0
7896	±‰“ÏÛ¶–∑	0	0	0	0	0	0	0	0	0	112696	0	0	0	0	0	0	0	0	0	0	0	0	0	0	0	0	0	0	0	0	0	0	129449	0	0	0	0	0	0	0	0	0	0	0	0	0	0	0	0	0	68850	0	0	0	0	0	0	0	0	0	0	0	0	0	0	0	0	0	0	0	0	0	0	0	369043	0	0	0	0	0	0	0	0	0	0	0	0	0	0	0	0	0	0	0
7899	Û¶–∑±¶±¶	0	0	0	0	0	0	0	0	0	112696	0	0	0	0	0	0	0	0	0	0	0	0	0	0	0	0	0	0	0	0	0	0	129449	0	0	0	0	0	0	0	0	0	0	0	0	0	0	0	0	0	68850	0	0	0	0	0	0	0	0	0	0	0	0	0	0	0	0	0	0	0	0	0	0	0	369043	0	0	0	0	0	0	0	0	0	0	0	0	0	0	0	0	0	0	0
7900	≥…ƒÍÛ¶–∑	0	0	0	0	0	0	0	0	0	129449	0	0	0	0	0	0	0	0	0	0	0	0	0	0	0	0	0	0	0	0	0	0	147602	0	0	0	0	0	0	0	0	0	0	0	0	0	0	0	0	0	82549	0	0	0	0	0	0	0	0	0	0	0	0	0	0	0	0	0	0	0	0	0	0	0	369043	0	0	0	0	0	0	0	0	0	0	0	0	0	0	0	0	0	0	0
7901	±‰“ÏÛ¶–∑	0	0	0	0	0	0	0	0	0	129449	0	0	0	0	0	0	0	0	0	0	0	0	0	0	0	0	0	0	0	0	0	0	147602	0	0	0	0	0	0	0	0	0	0	0	0	0	0	0	0	0	82549	0	0	0	0	0	0	0	0	0	0	0	0	0	0	0	0	0	0	0	0	0	0	0	369043	0	0	0	0	0	0	0	0	0	0	0	0	0	0	0	0	0	0	0
7902	±‰“ÏÛ¶–∑	0	0	0	0	0	0	0	0	0	129449	0	0	0	0	0	0	0	0	0	0	0	0	0	0	0	0	0	0	0	0	0	0	147602	0	0	0	0	0	0	0	0	0	0	0	0	0	0	0	0	0	82549	0	0	0	0	0	0	0	0	0	0	0	0	0	0	0	0	0	0	0	0	0	0	0	369043	0	0	0	0	0	0	0	0	0	0	0	0	0	0	0	0	0	0	0
7903	±‰“ÏÛ¶–∑	0	0	0	0	0	0	0	0	0	129449	0	0	0	0	0	0	0	0	0	0	0	0	0	0	0	0	0	0	0	0	0	0	147602	0	0	0	0	0	0	0	0	0	0	0	0	0	0	0	0	0	82549	0	0	0	0	0	0	0	0	0	0	0	0	0	0	0	0	0	0	0	0	0	0	0	369043	0	0	0	0	0	0	0	0	0	0	0	0	0	0	0	0	0	0	0
7904	±‰“ÏÛ¶–∑	0	0	0	0	0	0	0	0	0	129449	0	0	0	0	0	0	0	0	0	0	0	0	0	0	0	0	0	0	0	0	0	0	147602	0	0	0	0	0	0	0	0	0	0	0	0	0	0	0	0	0	82549	0	0	0	0	0	0	0	0	0	0	0	0	0	0	0	0	0	0	0	0	0	0	0	369043	0	0	0	0	0	0	0	0	0	0	0	0	0	0	0	0	0	0	0
7905	±‰“ÏÛ¶–∑	0	0	0	0	0	0	0	0	0	129449	0	0	0	0	0	0	0	0	0	0	0	0	0	0	0	0	0	0	0	0	0	0	147602	0	0	0	0	0	0	0	0	0	0	0	0	0	0	0	0	0	82549	0	0	0	0	0	0	0	0	0	0	0	0	0	0	0	0	0	0	0	0	0	0	0	369043	0	0	0	0	0	0	0	0	0	0	0	0	0	0	0	0	0	0	0
7906	±‰“ÏÛ¶–∑	0	0	0	0	0	0	0	0	0	129449	0	0	0	0	0	0	0	0	0	0	0	0	0	0	0	0	0	0	0	0	0	0	147602	0	0	0	0	0	0	0	0	0	0	0	0	0	0	0	0	0	82549	0	0	0	0	0	0	0	0	0	0	0	0	0	0	0	0	0	0	0	0	0	0	0	369043	0	0	0	0	0	0	0	0	0	0	0	0	0	0	0	0	0	0	0
7907	±‰“ÏÛ¶–∑	0	0	0	0	0	0	0	0	0	129449	0	0	0	0	0	0	0	0	0	0	0	0	0	0	0	0	0	0	0	0	0	0	147602	0	0	0	0	0	0	0	0	0	0	0	0	0	0	0	0	0	82549	0	0	0	0	0	0	0	0	0	0	0	0	0	0	0	0	0	0	0	0	0	0	0	369043	0	0	0	0	0	0	0	0	0	0	0	0	0	0	0	0	0	0	0
7909	Û¶–∑±¶±¶	0	0	0	0	0	0	0	0	0	129449	0	0	0	0	0	0	0	0	0	0	0	0	0	0	0	0	0	0	0	0	0	0	147602	0	0	0	0	0	0	0	0	0	0	0	0	0	0	0	0	0	82549	0	0	0	0	0	0	0	0	0	0	0	0	0	0	0	0	0	0	0	0	0	0	0	369043	0	0	0	0	0	0	0	0	0	0	0	0	0	0	0	0	0	0	0
7910	≥…ƒÍÛ¶–∑	0	0	0	0	0	0	0	0	0	147602	0	0	0	0	0	0	0	0	0	0	0	0	0	0	0	0	0	0	0	0	0	0	167447	0	0	0	0	0	0	0	0	0	0	0	0	0	0	0	0	0	97120	0	0	0	0	0	0	0	0	0	0	0	0	0	0	0	0	0	0	0	0	0	0	0	369043	0	0	0	0	0	0	0	0	0	0	0	0	0	0	0	0	0	0	0
7911	±‰“ÏÛ¶–∑	0	0	0	0	0	0	0	0	0	147602	0	0	0	0	0	0	0	0	0	0	0	0	0	0	0	0	0	0	0	0	0	0	167447	0	0	0	0	0	0	0	0	0	0	0	0	0	0	0	0	0	97120	0	0	0	0	0	0	0	0	0	0	0	0	0	0	0	0	0	0	0	0	0	0	0	369043	0	0	0	0	0	0	0	0	0	0	0	0	0	0	0	0	0	0	0
7912	±‰“ÏÛ¶–∑	0	0	0	0	0	0	0	0	0	147602	0	0	0	0	0	0	0	0	0	0	0	0	0	0	0	0	0	0	0	0	0	0	167447	0	0	0	0	0	0	0	0	0	0	0	0	0	0	0	0	0	97120	0	0	0	0	0	0	0	0	0	0	0	0	0	0	0	0	0	0	0	0	0	0	0	369043	0	0	0	0	0	0	0	0	0	0	0	0	0	0	0	0	0	0	0
7913	±‰“ÏÛ¶–∑	0	0	0	0	0	0	0	0	0	147602	0	0	0	0	0	0	0	0	0	0	0	0	0	0	0	0	0	0	0	0	0	0	167447	0	0	0	0	0	0	0	0	0	0	0	0	0	0	0	0	0	97120	0	0	0	0	0	0	0	0	0	0	0	0	0	0	0	0	0	0	0	0	0	0	0	369043	0	0	0	0	0	0	0	0	0	0	0	0	0	0	0	0	0	0	0
7914	±‰“ÏÛ¶–∑	0	0	0	0	0	0	0	0	0	147602	0	0	0	0	0	0	0	0	0	0	0	0	0	0	0	0	0	0	0	0	0	0	167447	0	0	0	0	0	0	0	0	0	0	0	0	0	0	0	0	0	97120	0	0	0	0	0	0	0	0	0	0	0	0	0	0	0	0	0	0	0	0	0	0	0	369043	0	0	0	0	0	0	0	0	0	0	0	0	0	0	0	0	0	0	0
7915	±‰“ÏÛ¶–∑	0	0	0	0	0	0	0	0	0	147602	0	0	0	0	0	0	0	0	0	0	0	0	0	0	0	0	0	0	0	0	0	0	167447	0	0	0	0	0	0	0	0	0	0	0	0	0	0	0	0	0	97120	0	0	0	0	0	0	0	0	0	0	0	0	0	0	0	0	0	0	0	0	0	0	0	369043	0	0	0	0	0	0	0	0	0	0	0	0	0	0	0	0	0	0	0
7916	±‰“ÏÛ¶–∑	0	0	0	0	0	0	0	0	0	147602	0	0	0	0	0	0	0	0	0	0	0	0	0	0	0	0	0	0	0	0	0	0	167447	0	0	0	0	0	0	0	0	0	0	0	0	0	0	0	0	0	97120	0	0	0	0	0	0	0	0	0	0	0	0	0	0	0	0	0	0	0	0	0	0	0	369043	0	0	0	0	0	0	0	0	0	0	0	0	0	0	0	0	0	0	0
7917	±‰“ÏÛ¶–∑	0	0	0	0	0	0	0	0	0	147602	0	0	0	0	0	0	0	0	0	0	0	0	0	0	0	0	0	0	0	0	0	0	167447	0	0	0	0	0	0	0	0	0	0	0	0	0	0	0	0	0	97120	0	0	0	0	0	0	0	0	0	0	0	0	0	0	0	0	0	0	0	0	0	0	0	369043	0	0	0	0	0	0	0	0	0	0	0	0	0	0	0	0	0	0	0
7918	±‰“ÏÛ¶–∑	0	0	0	0	0	0	0	0	0	147602	0	0	0	0	0	0	0	0	0	0	0	0	0	0	0	0	0	0	0	0	0	0	167447	0	0	0	0	0	0	0	0	0	0	0	0	0	0	0	0	0	97120	0	0	0	0	0	0	0	0	0	0	0	0	0	0	0	0	0	0	0	0	0	0	0	369043	0	0	0	0	0	0	0	0	0	0	0	0	0	0	0	0	0	0	0
7919	Û¶–∑±¶±¶	0	0	0	0	0	0	0	0	0	147602	0	0	0	0	0	0	0	0	0	0	0	0	0	0	0	0	0	0	0	0	0	0	167447	0	0	0	0	0	0	0	0	0	0	0	0	0	0	0	0	0	97120	0	0	0	0	0	0	0	0	0	0	0	0	0	0	0	0	0	0	0	0	0	0	0	369043	0	0	0	0	0	0	0	0	0	0	0	0	0	0	0	0	0	0	0
7920	≥…ƒÍ∫˚µ˚	0	0	0	0	0	0	0	0	20852	0	0	0	0	0	0	0	0	0	0	0	0	0	0	0	0	0	0	0	0	0	0	0	0	0	0	0	0	0	0	0	0	0	0	0	0	0	0	0	68850	0	0	0	369043	0	0	0	0	0	0	0	55912	0	0	0	0	0	0	0	0	0	0	0	0	0	0	0	0	0	0	0	0	0	0	0	0	0	0	0	0	0	0	0	0	0
7921	±‰“Ï∫˚µ˚	0	0	0	0	0	0	0	0	20852	0	0	0	0	0	0	0	0	0	0	0	0	0	0	0	0	0	0	0	0	0	0	0	0	0	0	0	0	0	0	0	0	0	0	0	0	0	0	0	68850	0	0	0	369043	0	0	0	0	0	0	0	55912	0	0	0	0	0	0	0	0	0	0	0	0	0	0	0	0	0	0	0	0	0	0	0	0	0	0	0	0	0	0	0	0	0
7922	±‰“Ï∫˚µ˚	0	0	0	0	0	0	0	0	20852	0	0	0	0	0	0	0	0	0	0	0	0	0	0	0	0	0	0	0	0	0	0	0	0	0	0	0	0	0	0	0	0	0	0	0	0	0	0	0	68850	0	0	0	369043	0	0	0	0	0	0	0	55912	0	0	0	0	0	0	0	0	0	0	0	0	0	0	0	0	0	0	0	0	0	0	0	0	0	0	0	0	0	0	0	0	0
7929	∫˚µ˚±¶±¶	0	0	0	0	0	0	0	0	20852	0	0	0	0	0	0	0	0	0	0	0	0	0	0	0	0	0	0	0	0	0	0	0	0	0	0	0	0	0	0	0	0	0	0	0	0	0	0	0	68850	0	0	0	369043	0	0	0	0	0	0	0	55912	0	0	0	0	0	0	0	0	0	0	0	0	0	0	0	0	0	0	0	0	0	0	0	0	0	0	0	0	0	0	0	0	0
7930	≥…ƒÍ∫˚µ˚	0	0	0	0	0	0	0	0	31981	0	0	0	0	0	0	0	0	0	0	0	0	0	0	0	0	0	0	0	0	0	0	0	0	0	0	0	0	0	0	0	0	0	0	0	0	0	0	0	82549	0	0	0	369043	0	0	0	0	0	0	0	68850	0	0	0	0	0	0	0	0	0	0	0	0	0	0	0	0	0	0	0	0	0	0	0	0	0	0	0	0	0	0	0	0	0
7931	±‰“Ï∫˚µ˚	0	0	0	0	0	0	0	0	31981	0	0	0	0	0	0	0	0	0	0	0	0	0	0	0	0	0	0	0	0	0	0	0	0	0	0	0	0	0	0	0	0	0	0	0	0	0	0	0	82549	0	0	0	369043	0	0	0	0	0	0	0	68850	0	0	0	0	0	0	0	0	0	0	0	0	0	0	0	0	0	0	0	0	0	0	0	0	0	0	0	0	0	0	0	0	0
7932	±‰“Ï∫˚µ˚	0	0	0	0	0	0	0	0	31981	0	0	0	0	0	0	0	0	0	0	0	0	0	0	0	0	0	0	0	0	0	0	0	0	0	0	0	0	0	0	0	0	0	0	0	0	0	0	0	82549	0	0	0	369043	0	0	0	0	0	0	0	68850	0	0	0	0	0	0	0	0	0	0	0	0	0	0	0	0	0	0	0	0	0	0	0	0	0	0	0	0	0	0	0	0	0
7933	±‰“Ï∫˚µ˚	0	0	0	0	0	0	0	0	31981	0	0	0	0	0	0	0	0	0	0	0	0	0	0	0	0	0	0	0	0	0	0	0	0	0	0	0	0	0	0	0	0	0	0	0	0	0	0	0	82549	0	0	0	369043	0	0	0	0	0	0	0	68850	0	0	0	0	0	0	0	0	0	0	0	0	0	0	0	0	0	0	0	0	0	0	0	0	0	0	0	0	0	0	0	0	0
7939	∫˚µ˚±¶±¶	0	0	0	0	0	0	0	0	31981	0	0	0	0	0	0	0	0	0	0	0	0	0	0	0	0	0	0	0	0	0	0	0	0	0	0	0	0	0	0	0	0	0	0	0	0	0	0	0	82549	0	0	0	369043	0	0	0	0	0	0	0	68850	0	0	0	0	0	0	0	0	0	0	0	0	0	0	0	0	0	0	0	0	0	0	0	0	0	0	0	0	0	0	0	0	0
7940	≥…ƒÍ∫˚µ˚	0	0	0	0	0	0	0	0	43648	0	0	0	0	0	0	0	0	0	0	0	0	0	0	0	0	0	0	0	0	0	0	0	0	0	0	0	0	0	0	0	0	0	0	0	0	0	0	0	97120	0	0	0	369043	0	0	0	0	0	0	0	82549	0	0	0	0	0	0	0	0	0	0	0	0	0	0	0	0	0	0	0	0	0	0	0	0	0	0	0	0	0	0	0	0	0
7941	±‰“Ï∫˚µ˚	0	0	0	0	0	0	0	0	43648	0	0	0	0	0	0	0	0	0	0	0	0	0	0	0	0	0	0	0	0	0	0	0	0	0	0	0	0	0	0	0	0	0	0	0	0	0	0	0	97120	0	0	0	369043	0	0	0	0	0	0	0	82549	0	0	0	0	0	0	0	0	0	0	0	0	0	0	0	0	0	0	0	0	0	0	0	0	0	0	0	0	0	0	0	0	0
7942	±‰“Ï∫˚µ˚	0	0	0	0	0	0	0	0	43648	0	0	0	0	0	0	0	0	0	0	0	0	0	0	0	0	0	0	0	0	0	0	0	0	0	0	0	0	0	0	0	0	0	0	0	0	0	0	0	97120	0	0	0	369043	0	0	0	0	0	0	0	82549	0	0	0	0	0	0	0	0	0	0	0	0	0	0	0	0	0	0	0	0	0	0	0	0	0	0	0	0	0	0	0	0	0
7943	±‰“Ï∫˚µ˚	0	0	0	0	0	0	0	0	43648	0	0	0	0	0	0	0	0	0	0	0	0	0	0	0	0	0	0	0	0	0	0	0	0	0	0	0	0	0	0	0	0	0	0	0	0	0	0	0	97120	0	0	0	369043	0	0	0	0	0	0	0	82549	0	0	0	0	0	0	0	0	0	0	0	0	0	0	0	0	0	0	0	0	0	0	0	0	0	0	0	0	0	0	0	0	0
7944	±‰“Ï∫˚µ˚	0	0	0	0	0	0	0	0	43648	0	0	0	0	0	0	0	0	0	0	0	0	0	0	0	0	0	0	0	0	0	0	0	0	0	0	0	0	0	0	0	0	0	0	0	0	0	0	0	97120	0	0	0	369043	0	0	0	0	0	0	0	82549	0	0	0	0	0	0	0	0	0	0	0	0	0	0	0	0	0	0	0	0	0	0	0	0	0	0	0	0	0	0	0	0	0
7949	∫˚µ˚±¶±¶	0	0	0	0	0	0	0	0	43648	0	0	0	0	0	0	0	0	0	0	0	0	0	0	0	0	0	0	0	0	0	0	0	0	0	0	0	0	0	0	0	0	0	0	0	0	0	0	0	97120	0	0	0	369043	0	0	0	0	0	0	0	82549	0	0	0	0	0	0	0	0	0	0	0	0	0	0	0	0	0	0	0	0	0	0	0	0	0	0	0	0	0	0	0	0	0
7950	≥…ƒÍ∫˚µ˚	0	0	0	0	0	0	0	0	55912	0	0	0	0	0	0	0	0	0	0	0	0	0	0	0	0	0	0	0	0	0	0	0	0	0	0	0	0	0	0	0	0	0	0	0	0	0	0	0	112696	0	0	0	369043	0	0	0	0	0	0	0	97120	0	0	0	0	0	0	0	0	0	0	0	0	0	0	0	0	0	0	0	0	0	0	0	0	0	0	0	0	0	0	0	0	0
7951	±‰“Ï∫˚µ˚	0	0	0	0	0	0	0	0	55912	0	0	0	0	0	0	0	0	0	0	0	0	0	0	0	0	0	0	0	0	0	0	0	0	0	0	0	0	0	0	0	0	0	0	0	0	0	0	0	112696	0	0	0	369043	0	0	0	0	0	0	0	97120	0	0	0	0	0	0	0	0	0	0	0	0	0	0	0	0	0	0	0	0	0	0	0	0	0	0	0	0	0	0	0	0	0
7952	±‰“Ï∫˚µ˚	0	0	0	0	0	0	0	0	55912	0	0	0	0	0	0	0	0	0	0	0	0	0	0	0	0	0	0	0	0	0	0	0	0	0	0	0	0	0	0	0	0	0	0	0	0	0	0	0	112696	0	0	0	369043	0	0	0	0	0	0	0	97120	0	0	0	0	0	0	0	0	0	0	0	0	0	0	0	0	0	0	0	0	0	0	0	0	0	0	0	0	0	0	0	0	0
7953	±‰“Ï∫˚µ˚	0	0	0	0	0	0	0	0	55912	0	0	0	0	0	0	0	0	0	0	0	0	0	0	0	0	0	0	0	0	0	0	0	0	0	0	0	0	0	0	0	0	0	0	0	0	0	0	0	112696	0	0	0	369043	0	0	0	0	0	0	0	97120	0	0	0	0	0	0	0	0	0	0	0	0	0	0	0	0	0	0	0	0	0	0	0	0	0	0	0	0	0	0	0	0	0
7954	±‰“Ï∫˚µ˚	0	0	0	0	0	0	0	0	55912	0	0	0	0	0	0	0	0	0	0	0	0	0	0	0	0	0	0	0	0	0	0	0	0	0	0	0	0	0	0	0	0	0	0	0	0	0	0	0	112696	0	0	0	369043	0	0	0	0	0	0	0	97120	0	0	0	0	0	0	0	0	0	0	0	0	0	0	0	0	0	0	0	0	0	0	0	0	0	0	0	0	0	0	0	0	0
7955	±‰“Ï∫˚µ˚	0	0	0	0	0	0	0	0	55912	0	0	0	0	0	0	0	0	0	0	0	0	0	0	0	0	0	0	0	0	0	0	0	0	0	0	0	0	0	0	0	0	0	0	0	0	0	0	0	112696	0	0	0	369043	0	0	0	0	0	0	0	97120	0	0	0	0	0	0	0	0	0	0	0	0	0	0	0	0	0	0	0	0	0	0	0	0	0	0	0	0	0	0	0	0	0
7959	∫˚µ˚±¶±¶	0	0	0	0	0	0	0	0	55912	0	0	0	0	0	0	0	0	0	0	0	0	0	0	0	0	0	0	0	0	0	0	0	0	0	0	0	0	0	0	0	0	0	0	0	0	0	0	0	112696	0	0	0	369043	0	0	0	0	0	0	0	97120	0	0	0	0	0	0	0	0	0	0	0	0	0	0	0	0	0	0	0	0	0	0	0	0	0	0	0	0	0	0	0	0	0
7960	≥…ƒÍ∫˚µ˚	0	0	0	0	0	0	0	0	68850	0	0	0	0	0	0	0	0	0	0	0	0	0	0	0	0	0	0	0	0	0	0	0	0	0	0	0	0	0	0	0	0	0	0	0	0	0	0	0	129449	0	0	0	369043	0	0	0	0	0	0	0	112696	0	0	0	0	0	0	0	0	0	0	0	0	0	0	0	0	0	0	0	0	0	0	0	0	0	0	0	0	0	0	0	0	0
7961	±‰“Ï∫˚µ˚	0	0	0	0	0	0	0	0	68850	0	0	0	0	0	0	0	0	0	0	0	0	0	0	0	0	0	0	0	0	0	0	0	0	0	0	0	0	0	0	0	0	0	0	0	0	0	0	0	129449	0	0	0	369043	0	0	0	0	0	0	0	112696	0	0	0	0	0	0	0	0	0	0	0	0	0	0	0	0	0	0	0	0	0	0	0	0	0	0	0	0	0	0	0	0	0
7962	±‰“Ï∫˚µ˚	0	0	0	0	0	0	0	0	68850	0	0	0	0	0	0	0	0	0	0	0	0	0	0	0	0	0	0	0	0	0	0	0	0	0	0	0	0	0	0	0	0	0	0	0	0	0	0	0	129449	0	0	0	369043	0	0	0	0	0	0	0	112696	0	0	0	0	0	0	0	0	0	0	0	0	0	0	0	0	0	0	0	0	0	0	0	0	0	0	0	0	0	0	0	0	0
7963	±‰“Ï∫˚µ˚	0	0	0	0	0	0	0	0	68850	0	0	0	0	0	0	0	0	0	0	0	0	0	0	0	0	0	0	0	0	0	0	0	0	0	0	0	0	0	0	0	0	0	0	0	0	0	0	0	129449	0	0	0	369043	0	0	0	0	0	0	0	112696	0	0	0	0	0	0	0	0	0	0	0	0	0	0	0	0	0	0	0	0	0	0	0	0	0	0	0	0	0	0	0	0	0
7964	±‰“Ï∫˚µ˚	0	0	0	0	0	0	0	0	68850	0	0	0	0	0	0	0	0	0	0	0	0	0	0	0	0	0	0	0	0	0	0	0	0	0	0	0	0	0	0	0	0	0	0	0	0	0	0	0	129449	0	0	0	369043	0	0	0	0	0	0	0	112696	0	0	0	0	0	0	0	0	0	0	0	0	0	0	0	0	0	0	0	0	0	0	0	0	0	0	0	0	0	0	0	0	0
7965	±‰“Ï∫˚µ˚	0	0	0	0	0	0	0	0	68850	0	0	0	0	0	0	0	0	0	0	0	0	0	0	0	0	0	0	0	0	0	0	0	0	0	0	0	0	0	0	0	0	0	0	0	0	0	0	0	129449	0	0	0	369043	0	0	0	0	0	0	0	112696	0	0	0	0	0	0	0	0	0	0	0	0	0	0	0	0	0	0	0	0	0	0	0	0	0	0	0	0	0	0	0	0	0
7966	±‰“Ï∫˚µ˚	0	0	0	0	0	0	0	0	68850	0	0	0	0	0	0	0	0	0	0	0	0	0	0	0	0	0	0	0	0	0	0	0	0	0	0	0	0	0	0	0	0	0	0	0	0	0	0	0	129449	0	0	0	369043	0	0	0	0	0	0	0	112696	0	0	0	0	0	0	0	0	0	0	0	0	0	0	0	0	0	0	0	0	0	0	0	0	0	0	0	0	0	0	0	0	0
7969	∫˚µ˚±¶±¶	0	0	0	0	0	0	0	0	68850	0	0	0	0	0	0	0	0	0	0	0	0	0	0	0	0	0	0	0	0	0	0	0	0	0	0	0	0	0	0	0	0	0	0	0	0	0	0	0	129449	0	0	0	369043	0	0	0	0	0	0	0	112696	0	0	0	0	0	0	0	0	0	0	0	0	0	0	0	0	0	0	0	0	0	0	0	0	0	0	0	0	0	0	0	0	0
7970	≥…ƒÍ∫˚µ˚	0	0	0	0	0	0	0	0	82549	0	0	0	0	0	0	0	0	0	0	0	0	0	0	0	0	0	0	0	0	0	0	0	0	0	0	0	0	0	0	0	0	0	0	0	0	0	0	0	147602	0	0	0	369043	0	0	0	0	0	0	0	129449	0	0	0	0	0	0	0	0	0	0	0	0	0	0	0	0	0	0	0	0	0	0	0	0	0	0	0	0	0	0	0	0	0
7971	±‰“Ï∫˚µ˚	0	0	0	0	0	0	0	0	82549	0	0	0	0	0	0	0	0	0	0	0	0	0	0	0	0	0	0	0	0	0	0	0	0	0	0	0	0	0	0	0	0	0	0	0	0	0	0	0	147602	0	0	0	369043	0	0	0	0	0	0	0	129449	0	0	0	0	0	0	0	0	0	0	0	0	0	0	0	0	0	0	0	0	0	0	0	0	0	0	0	0	0	0	0	0	0
7972	±‰“Ï∫˚µ˚	0	0	0	0	0	0	0	0	82549	0	0	0	0	0	0	0	0	0	0	0	0	0	0	0	0	0	0	0	0	0	0	0	0	0	0	0	0	0	0	0	0	0	0	0	0	0	0	0	147602	0	0	0	369043	0	0	0	0	0	0	0	129449	0	0	0	0	0	0	0	0	0	0	0	0	0	0	0	0	0	0	0	0	0	0	0	0	0	0	0	0	0	0	0	0	0
7973	±‰“Ï∫˚µ˚	0	0	0	0	0	0	0	0	82549	0	0	0	0	0	0	0	0	0	0	0	0	0	0	0	0	0	0	0	0	0	0	0	0	0	0	0	0	0	0	0	0	0	0	0	0	0	0	0	147602	0	0	0	369043	0	0	0	0	0	0	0	129449	0	0	0	0	0	0	0	0	0	0	0	0	0	0	0	0	0	0	0	0	0	0	0	0	0	0	0	0	0	0	0	0	0
7974	±‰“Ï∫˚µ˚	0	0	0	0	0	0	0	0	82549	0	0	0	0	0	0	0	0	0	0	0	0	0	0	0	0	0	0	0	0	0	0	0	0	0	0	0	0	0	0	0	0	0	0	0	0	0	0	0	147602	0	0	0	369043	0	0	0	0	0	0	0	129449	0	0	0	0	0	0	0	0	0	0	0	0	0	0	0	0	0	0	0	0	0	0	0	0	0	0	0	0	0	0	0	0	0
7975	±‰“Ï∫˚µ˚	0	0	0	0	0	0	0	0	82549	0	0	0	0	0	0	0	0	0	0	0	0	0	0	0	0	0	0	0	0	0	0	0	0	0	0	0	0	0	0	0	0	0	0	0	0	0	0	0	147602	0	0	0	369043	0	0	0	0	0	0	0	129449	0	0	0	0	0	0	0	0	0	0	0	0	0	0	0	0	0	0	0	0	0	0	0	0	0	0	0	0	0	0	0	0	0
7976	±‰“Ï∫˚µ˚	0	0	0	0	0	0	0	0	82549	0	0	0	0	0	0	0	0	0	0	0	0	0	0	0	0	0	0	0	0	0	0	0	0	0	0	0	0	0	0	0	0	0	0	0	0	0	0	0	147602	0	0	0	369043	0	0	0	0	0	0	0	129449	0	0	0	0	0	0	0	0	0	0	0	0	0	0	0	0	0	0	0	0	0	0	0	0	0	0	0	0	0	0	0	0	0
7977	±‰“Ï∫˚µ˚	0	0	0	0	0	0	0	0	82549	0	0	0	0	0	0	0	0	0	0	0	0	0	0	0	0	0	0	0	0	0	0	0	0	0	0	0	0	0	0	0	0	0	0	0	0	0	0	0	147602	0	0	0	369043	0	0	0	0	0	0	0	129449	0	0	0	0	0	0	0	0	0	0	0	0	0	0	0	0	0	0	0	0	0	0	0	0	0	0	0	0	0	0	0	0	0
7979	∫˚µ˚±¶±¶	0	0	0	0	0	0	0	0	82549	0	0	0	0	0	0	0	0	0	0	0	0	0	0	0	0	0	0	0	0	0	0	0	0	0	0	0	0	0	0	0	0	0	0	0	0	0	0	0	147602	0	0	0	369043	0	0	0	0	0	0	0	129449	0	0	0	0	0	0	0	0	0	0	0	0	0	0	0	0	0	0	0	0	0	0	0	0	0	0	0	0	0	0	0	0	0
7980	≥…ƒÍ∫˚µ˚	0	0	0	0	0	0	0	0	97120	0	0	0	0	0	0	0	0	0	0	0	0	0	0	0	0	0	0	0	0	0	0	0	0	0	0	0	0	0	0	0	0	0	0	0	0	0	0	0	167447	0	0	0	369043	0	0	0	0	0	0	0	147602	0	0	0	0	0	0	0	0	0	0	0	0	0	0	0	0	0	0	0	0	0	0	0	0	0	0	0	0	0	0	0	0	0
7981	±‰“Ï∫˚µ˚	0	0	0	0	0	0	0	0	97120	0	0	0	0	0	0	0	0	0	0	0	0	0	0	0	0	0	0	0	0	0	0	0	0	0	0	0	0	0	0	0	0	0	0	0	0	0	0	0	167447	0	0	0	369043	0	0	0	0	0	0	0	147602	0	0	0	0	0	0	0	0	0	0	0	0	0	0	0	0	0	0	0	0	0	0	0	0	0	0	0	0	0	0	0	0	0
7982	±‰“Ï∫˚µ˚	0	0	0	0	0	0	0	0	97120	0	0	0	0	0	0	0	0	0	0	0	0	0	0	0	0	0	0	0	0	0	0	0	0	0	0	0	0	0	0	0	0	0	0	0	0	0	0	0	167447	0	0	0	369043	0	0	0	0	0	0	0	147602	0	0	0	0	0	0	0	0	0	0	0	0	0	0	0	0	0	0	0	0	0	0	0	0	0	0	0	0	0	0	0	0	0
7983	±‰“Ï∫˚µ˚	0	0	0	0	0	0	0	0	97120	0	0	0	0	0	0	0	0	0	0	0	0	0	0	0	0	0	0	0	0	0	0	0	0	0	0	0	0	0	0	0	0	0	0	0	0	0	0	0	167447	0	0	0	369043	0	0	0	0	0	0	0	147602	0	0	0	0	0	0	0	0	0	0	0	0	0	0	0	0	0	0	0	0	0	0	0	0	0	0	0	0	0	0	0	0	0
7984	±‰“Ï∫˚µ˚	0	0	0	0	0	0	0	0	97120	0	0	0	0	0	0	0	0	0	0	0	0	0	0	0	0	0	0	0	0	0	0	0	0	0	0	0	0	0	0	0	0	0	0	0	0	0	0	0	167447	0	0	0	369043	0	0	0	0	0	0	0	147602	0	0	0	0	0	0	0	0	0	0	0	0	0	0	0	0	0	0	0	0	0	0	0	0	0	0	0	0	0	0	0	0	0
7985	±‰“Ï∫˚µ˚	0	0	0	0	0	0	0	0	97120	0	0	0	0	0	0	0	0	0	0	0	0	0	0	0	0	0	0	0	0	0	0	0	0	0	0	0	0	0	0	0	0	0	0	0	0	0	0	0	167447	0	0	0	369043	0	0	0	0	0	0	0	147602	0	0	0	0	0	0	0	0	0	0	0	0	0	0	0	0	0	0	0	0	0	0	0	0	0	0	0	0	0	0	0	0	0
7986	±‰“Ï∫˚µ˚	0	0	0	0	0	0	0	0	97120	0	0	0	0	0	0	0	0	0	0	0	0	0	0	0	0	0	0	0	0	0	0	0	0	0	0	0	0	0	0	0	0	0	0	0	0	0	0	0	167447	0	0	0	369043	0	0	0	0	0	0	0	147602	0	0	0	0	0	0	0	0	0	0	0	0	0	0	0	0	0	0	0	0	0	0	0	0	0	0	0	0	0	0	0	0	0
7987	±‰“Ï∫˚µ˚	0	0	0	0	0	0	0	0	97120	0	0	0	0	0	0	0	0	0	0	0	0	0	0	0	0	0	0	0	0	0	0	0	0	0	0	0	0	0	0	0	0	0	0	0	0	0	0	0	167447	0	0	0	369043	0	0	0	0	0	0	0	147602	0	0	0	0	0	0	0	0	0	0	0	0	0	0	0	0	0	0	0	0	0	0	0	0	0	0	0	0	0	0	0	0	0
7988	±‰“Ï∫˚µ˚	0	0	0	0	0	0	0	0	97120	0	0	0	0	0	0	0	0	0	0	0	0	0	0	0	0	0	0	0	0	0	0	0	0	0	0	0	0	0	0	0	0	0	0	0	0	0	0	0	167447	0	0	0	369043	0	0	0	0	0	0	0	147602	0	0	0	0	0	0	0	0	0	0	0	0	0	0	0	0	0	0	0	0	0	0	0	0	0	0	0	0	0	0	0	0	0
7989	∫˚µ˚±¶±¶	0	0	0	0	0	0	0	0	97120	0	0	0	0	0	0	0	0	0	0	0	0	0	0	0	0	0	0	0	0	0	0	0	0	0	0	0	0	0	0	0	0	0	0	0	0	0	0	0	167447	0	0	0	369043	0	0	0	0	0	0	0	147602	0	0	0	0	0	0	0	0	0	0	0	0	0	0	0	0	0	0	0	0	0	0	0	0	0	0	0	0	0	0	0	0	0
7990	≥…ƒÍŒœ≈£	0	0	0	0	369043	0	0	0	0	0	0	0	0	0	0	0	0	0	0	0	0	0	0	0	0	0	0	0	0	0	0	0	0	0	68850	0	0	0	0	0	0	0	0	0	0	0	0	0	0	0	0	0	0	0	0	0	0	0	0	0	0	0	0	0	20852	0	0	0	0	0	0	0	0	0	0	0	55912	0	0	0	0	0	0	0	0	0	0	0	0	0	0	0	0	0
7991	±‰“ÏŒœ≈£	0	0	0	0	369043	0	0	0	0	0	0	0	0	0	0	0	0	0	0	0	0	0	0	0	0	0	0	0	0	0	0	0	0	0	68850	0	0	0	0	0	0	0	0	0	0	0	0	0	0	0	0	0	0	0	0	0	0	0	0	0	0	0	0	0	20852	0	0	0	0	0	0	0	0	0	0	0	55912	0	0	0	0	0	0	0	0	0	0	0	0	0	0	0	0	0
7992	±‰“ÏŒœ≈£	0	0	0	0	369043	0	0	0	0	0	0	0	0	0	0	0	0	0	0	0	0	0	0	0	0	0	0	0	0	0	0	0	0	0	68850	0	0	0	0	0	0	0	0	0	0	0	0	0	0	0	0	0	0	0	0	0	0	0	0	0	0	0	0	0	20852	0	0	0	0	0	0	0	0	0	0	0	55912	0	0	0	0	0	0	0	0	0	0	0	0	0	0	0	0	0
7999	Œœ≈£±¶±¶	0	0	0	0	369043	0	0	0	0	0	0	0	0	0	0	0	0	0	0	0	0	0	0	0	0	0	0	0	0	0	0	0	0	0	68850	0	0	0	0	0	0	0	0	0	0	0	0	0	0	0	0	0	0	0	0	0	0	0	0	0	0	0	0	0	20852	0	0	0	0	0	0	0	0	0	0	0	55912	0	0	0	0	0	0	0	0	0	0	0	0	0	0	0	0	0
8000	≥…ƒÍŒœ≈£	0	0	0	0	369043	0	0	0	0	0	0	0	0	0	0	0	0	0	0	0	0	0	0	0	0	0	0	0	0	0	0	0	0	0	82549	0	0	0	0	0	0	0	0	0	0	0	0	0	0	0	0	0	0	0	0	0	0	0	0	0	0	0	0	0	31981	0	0	0	0	0	0	0	0	0	0	0	68850	0	0	0	0	0	0	0	0	0	0	0	0	0	0	0	0	0
8001	±‰“ÏŒœ≈£	0	0	0	0	369043	0	0	0	0	0	0	0	0	0	0	0	0	0	0	0	0	0	0	0	0	0	0	0	0	0	0	0	0	0	82549	0	0	0	0	0	0	0	0	0	0	0	0	0	0	0	0	0	0	0	0	0	0	0	0	0	0	0	0	0	31981	0	0	0	0	0	0	0	0	0	0	0	68850	0	0	0	0	0	0	0	0	0	0	0	0	0	0	0	0	0
8002	±‰“ÏŒœ≈£	0	0	0	0	369043	0	0	0	0	0	0	0	0	0	0	0	0	0	0	0	0	0	0	0	0	0	0	0	0	0	0	0	0	0	82549	0	0	0	0	0	0	0	0	0	0	0	0	0	0	0	0	0	0	0	0	0	0	0	0	0	0	0	0	0	31981	0	0	0	0	0	0	0	0	0	0	0	68850	0	0	0	0	0	0	0	0	0	0	0	0	0	0	0	0	0
8003	±‰“ÏŒœ≈£	0	0	0	0	369043	0	0	0	0	0	0	0	0	0	0	0	0	0	0	0	0	0	0	0	0	0	0	0	0	0	0	0	0	0	82549	0	0	0	0	0	0	0	0	0	0	0	0	0	0	0	0	0	0	0	0	0	0	0	0	0	0	0	0	0	31981	0	0	0	0	0	0	0	0	0	0	0	68850	0	0	0	0	0	0	0	0	0	0	0	0	0	0	0	0	0
8009	Œœ≈£±¶±¶	0	0	0	0	369043	0	0	0	0	0	0	0	0	0	0	0	0	0	0	0	0	0	0	0	0	0	0	0	0	0	0	0	0	0	82549	0	0	0	0	0	0	0	0	0	0	0	0	0	0	0	0	0	0	0	0	0	0	0	0	0	0	0	0	0	31981	0	0	0	0	0	0	0	0	0	0	0	68850	0	0	0	0	0	0	0	0	0	0	0	0	0	0	0	0	0
8010	≥…ƒÍŒœ≈£	0	0	0	0	369043	0	0	0	0	0	0	0	0	0	0	0	0	0	0	0	0	0	0	0	0	0	0	0	0	0	0	0	0	0	97120	0	0	0	0	0	0	0	0	0	0	0	0	0	0	0	0	0	0	0	0	0	0	0	0	0	0	0	0	0	43648	0	0	0	0	0	0	0	0	0	0	0	82549	0	0	0	0	0	0	0	0	0	0	0	0	0	0	0	0	0
8011	±‰“ÏŒœ≈£	0	0	0	0	369043	0	0	0	0	0	0	0	0	0	0	0	0	0	0	0	0	0	0	0	0	0	0	0	0	0	0	0	0	0	97120	0	0	0	0	0	0	0	0	0	0	0	0	0	0	0	0	0	0	0	0	0	0	0	0	0	0	0	0	0	43648	0	0	0	0	0	0	0	0	0	0	0	82549	0	0	0	0	0	0	0	0	0	0	0	0	0	0	0	0	0
8012	±‰“ÏŒœ≈£	0	0	0	0	369043	0	0	0	0	0	0	0	0	0	0	0	0	0	0	0	0	0	0	0	0	0	0	0	0	0	0	0	0	0	97120	0	0	0	0	0	0	0	0	0	0	0	0	0	0	0	0	0	0	0	0	0	0	0	0	0	0	0	0	0	43648	0	0	0	0	0	0	0	0	0	0	0	82549	0	0	0	0	0	0	0	0	0	0	0	0	0	0	0	0	0
8013	±‰“ÏŒœ≈£	0	0	0	0	369043	0	0	0	0	0	0	0	0	0	0	0	0	0	0	0	0	0	0	0	0	0	0	0	0	0	0	0	0	0	97120	0	0	0	0	0	0	0	0	0	0	0	0	0	0	0	0	0	0	0	0	0	0	0	0	0	0	0	0	0	43648	0	0	0	0	0	0	0	0	0	0	0	82549	0	0	0	0	0	0	0	0	0	0	0	0	0	0	0	0	0
8014	±‰“ÏŒœ≈£	0	0	0	0	369043	0	0	0	0	0	0	0	0	0	0	0	0	0	0	0	0	0	0	0	0	0	0	0	0	0	0	0	0	0	97120	0	0	0	0	0	0	0	0	0	0	0	0	0	0	0	0	0	0	0	0	0	0	0	0	0	0	0	0	0	43648	0	0	0	0	0	0	0	0	0	0	0	82549	0	0	0	0	0	0	0	0	0	0	0	0	0	0	0	0	0
8019	Œœ≈£±¶±¶	0	0	0	0	369043	0	0	0	0	0	0	0	0	0	0	0	0	0	0	0	0	0	0	0	0	0	0	0	0	0	0	0	0	0	97120	0	0	0	0	0	0	0	0	0	0	0	0	0	0	0	0	0	0	0	0	0	0	0	0	0	0	0	0	0	43648	0	0	0	0	0	0	0	0	0	0	0	82549	0	0	0	0	0	0	0	0	0	0	0	0	0	0	0	0	0
8020	≥…ƒÍŒœ≈£	0	0	0	0	369043	0	0	0	0	0	0	0	0	0	0	0	0	0	0	0	0	0	0	0	0	0	0	0	0	0	0	0	0	0	112696	0	0	0	0	0	0	0	0	0	0	0	0	0	0	0	0	0	0	0	0	0	0	0	0	0	0	0	0	0	55912	0	0	0	0	0	0	0	0	0	0	0	97120	0	0	0	0	0	0	0	0	0	0	0	0	0	0	0	0	0
8021	±‰“ÏŒœ≈£	0	0	0	0	369043	0	0	0	0	0	0	0	0	0	0	0	0	0	0	0	0	0	0	0	0	0	0	0	0	0	0	0	0	0	112696	0	0	0	0	0	0	0	0	0	0	0	0	0	0	0	0	0	0	0	0	0	0	0	0	0	0	0	0	0	55912	0	0	0	0	0	0	0	0	0	0	0	97120	0	0	0	0	0	0	0	0	0	0	0	0	0	0	0	0	0
8022	±‰“ÏŒœ≈£	0	0	0	0	369043	0	0	0	0	0	0	0	0	0	0	0	0	0	0	0	0	0	0	0	0	0	0	0	0	0	0	0	0	0	112696	0	0	0	0	0	0	0	0	0	0	0	0	0	0	0	0	0	0	0	0	0	0	0	0	0	0	0	0	0	55912	0	0	0	0	0	0	0	0	0	0	0	97120	0	0	0	0	0	0	0	0	0	0	0	0	0	0	0	0	0
8023	±‰“ÏŒœ≈£	0	0	0	0	369043	0	0	0	0	0	0	0	0	0	0	0	0	0	0	0	0	0	0	0	0	0	0	0	0	0	0	0	0	0	112696	0	0	0	0	0	0	0	0	0	0	0	0	0	0	0	0	0	0	0	0	0	0	0	0	0	0	0	0	0	55912	0	0	0	0	0	0	0	0	0	0	0	97120	0	0	0	0	0	0	0	0	0	0	0	0	0	0	0	0	0
8024	±‰“ÏŒœ≈£	0	0	0	0	369043	0	0	0	0	0	0	0	0	0	0	0	0	0	0	0	0	0	0	0	0	0	0	0	0	0	0	0	0	0	112696	0	0	0	0	0	0	0	0	0	0	0	0	0	0	0	0	0	0	0	0	0	0	0	0	0	0	0	0	0	55912	0	0	0	0	0	0	0	0	0	0	0	97120	0	0	0	0	0	0	0	0	0	0	0	0	0	0	0	0	0
8025	±‰“ÏŒœ≈£	0	0	0	0	369043	0	0	0	0	0	0	0	0	0	0	0	0	0	0	0	0	0	0	0	0	0	0	0	0	0	0	0	0	0	112696	0	0	0	0	0	0	0	0	0	0	0	0	0	0	0	0	0	0	0	0	0	0	0	0	0	0	0	0	0	55912	0	0	0	0	0	0	0	0	0	0	0	97120	0	0	0	0	0	0	0	0	0	0	0	0	0	0	0	0	0
8029	Œœ≈£±¶±¶	0	0	0	0	369043	0	0	0	0	0	0	0	0	0	0	0	0	0	0	0	0	0	0	0	0	0	0	0	0	0	0	0	0	0	112696	0	0	0	0	0	0	0	0	0	0	0	0	0	0	0	0	0	0	0	0	0	0	0	0	0	0	0	0	0	55912	0	0	0	0	0	0	0	0	0	0	0	97120	0	0	0	0	0	0	0	0	0	0	0	0	0	0	0	0	0
8030	≥…ƒÍŒœ≈£	0	0	0	0	369043	0	0	0	0	0	0	0	0	0	0	0	0	0	0	0	0	0	0	0	0	0	0	0	0	0	0	0	0	0	129449	0	0	0	0	0	0	0	0	0	0	0	0	0	0	0	0	0	0	0	0	0	0	0	0	0	0	0	0	0	68850	0	0	0	0	0	0	0	0	0	0	0	112696	0	0	0	0	0	0	0	0	0	0	0	0	0	0	0	0	0
8031	±‰“ÏŒœ≈£	0	0	0	0	369043	0	0	0	0	0	0	0	0	0	0	0	0	0	0	0	0	0	0	0	0	0	0	0	0	0	0	0	0	0	129449	0	0	0	0	0	0	0	0	0	0	0	0	0	0	0	0	0	0	0	0	0	0	0	0	0	0	0	0	0	68850	0	0	0	0	0	0	0	0	0	0	0	112696	0	0	0	0	0	0	0	0	0	0	0	0	0	0	0	0	0
8032	±‰“ÏŒœ≈£	0	0	0	0	369043	0	0	0	0	0	0	0	0	0	0	0	0	0	0	0	0	0	0	0	0	0	0	0	0	0	0	0	0	0	129449	0	0	0	0	0	0	0	0	0	0	0	0	0	0	0	0	0	0	0	0	0	0	0	0	0	0	0	0	0	68850	0	0	0	0	0	0	0	0	0	0	0	112696	0	0	0	0	0	0	0	0	0	0	0	0	0	0	0	0	0
8033	±‰“ÏŒœ≈£	0	0	0	0	369043	0	0	0	0	0	0	0	0	0	0	0	0	0	0	0	0	0	0	0	0	0	0	0	0	0	0	0	0	0	129449	0	0	0	0	0	0	0	0	0	0	0	0	0	0	0	0	0	0	0	0	0	0	0	0	0	0	0	0	0	68850	0	0	0	0	0	0	0	0	0	0	0	112696	0	0	0	0	0	0	0	0	0	0	0	0	0	0	0	0	0
8034	±‰“ÏŒœ≈£	0	0	0	0	369043	0	0	0	0	0	0	0	0	0	0	0	0	0	0	0	0	0	0	0	0	0	0	0	0	0	0	0	0	0	129449	0	0	0	0	0	0	0	0	0	0	0	0	0	0	0	0	0	0	0	0	0	0	0	0	0	0	0	0	0	68850	0	0	0	0	0	0	0	0	0	0	0	112696	0	0	0	0	0	0	0	0	0	0	0	0	0	0	0	0	0
8035	±‰“ÏŒœ≈£	0	0	0	0	369043	0	0	0	0	0	0	0	0	0	0	0	0	0	0	0	0	0	0	0	0	0	0	0	0	0	0	0	0	0	129449	0	0	0	0	0	0	0	0	0	0	0	0	0	0	0	0	0	0	0	0	0	0	0	0	0	0	0	0	0	68850	0	0	0	0	0	0	0	0	0	0	0	112696	0	0	0	0	0	0	0	0	0	0	0	0	0	0	0	0	0
8036	±‰“ÏŒœ≈£	0	0	0	0	369043	0	0	0	0	0	0	0	0	0	0	0	0	0	0	0	0	0	0	0	0	0	0	0	0	0	0	0	0	0	129449	0	0	0	0	0	0	0	0	0	0	0	0	0	0	0	0	0	0	0	0	0	0	0	0	0	0	0	0	0	68850	0	0	0	0	0	0	0	0	0	0	0	112696	0	0	0	0	0	0	0	0	0	0	0	0	0	0	0	0	0
8039	Œœ≈£±¶±¶	0	0	0	0	369043	0	0	0	0	0	0	0	0	0	0	0	0	0	0	0	0	0	0	0	0	0	0	0	0	0	0	0	0	0	129449	0	0	0	0	0	0	0	0	0	0	0	0	0	0	0	0	0	0	0	0	0	0	0	0	0	0	0	0	0	68850	0	0	0	0	0	0	0	0	0	0	0	112696	0	0	0	0	0	0	0	0	0	0	0	0	0	0	0	0	0
8040	≥…ƒÍŒœ≈£	0	0	0	0	369043	0	0	0	0	0	0	0	0	0	0	0	0	0	0	0	0	0	0	0	0	0	0	0	0	0	0	0	0	0	147602	0	0	0	0	0	0	0	0	0	0	0	0	0	0	0	0	0	0	0	0	0	0	0	0	0	0	0	0	0	82549	0	0	0	0	0	0	0	0	0	0	0	129449	0	0	0	0	0	0	0	0	0	0	0	0	0	0	0	0	0
8041	±‰“ÏŒœ≈£	0	0	0	0	369043	0	0	0	0	0	0	0	0	0	0	0	0	0	0	0	0	0	0	0	0	0	0	0	0	0	0	0	0	0	147602	0	0	0	0	0	0	0	0	0	0	0	0	0	0	0	0	0	0	0	0	0	0	0	0	0	0	0	0	0	82549	0	0	0	0	0	0	0	0	0	0	0	129449	0	0	0	0	0	0	0	0	0	0	0	0	0	0	0	0	0
8042	±‰“ÏŒœ≈£	0	0	0	0	369043	0	0	0	0	0	0	0	0	0	0	0	0	0	0	0	0	0	0	0	0	0	0	0	0	0	0	0	0	0	147602	0	0	0	0	0	0	0	0	0	0	0	0	0	0	0	0	0	0	0	0	0	0	0	0	0	0	0	0	0	82549	0	0	0	0	0	0	0	0	0	0	0	129449	0	0	0	0	0	0	0	0	0	0	0	0	0	0	0	0	0
8043	±‰“ÏŒœ≈£	0	0	0	0	369043	0	0	0	0	0	0	0	0	0	0	0	0	0	0	0	0	0	0	0	0	0	0	0	0	0	0	0	0	0	147602	0	0	0	0	0	0	0	0	0	0	0	0	0	0	0	0	0	0	0	0	0	0	0	0	0	0	0	0	0	82549	0	0	0	0	0	0	0	0	0	0	0	129449	0	0	0	0	0	0	0	0	0	0	0	0	0	0	0	0	0
8044	±‰“ÏŒœ≈£	0	0	0	0	369043	0	0	0	0	0	0	0	0	0	0	0	0	0	0	0	0	0	0	0	0	0	0	0	0	0	0	0	0	0	147602	0	0	0	0	0	0	0	0	0	0	0	0	0	0	0	0	0	0	0	0	0	0	0	0	0	0	0	0	0	82549	0	0	0	0	0	0	0	0	0	0	0	129449	0	0	0	0	0	0	0	0	0	0	0	0	0	0	0	0	0
8045	±‰“ÏŒœ≈£	0	0	0	0	369043	0	0	0	0	0	0	0	0	0	0	0	0	0	0	0	0	0	0	0	0	0	0	0	0	0	0	0	0	0	147602	0	0	0	0	0	0	0	0	0	0	0	0	0	0	0	0	0	0	0	0	0	0	0	0	0	0	0	0	0	82549	0	0	0	0	0	0	0	0	0	0	0	129449	0	0	0	0	0	0	0	0	0	0	0	0	0	0	0	0	0
8046	±‰“ÏŒœ≈£	0	0	0	0	369043	0	0	0	0	0	0	0	0	0	0	0	0	0	0	0	0	0	0	0	0	0	0	0	0	0	0	0	0	0	147602	0	0	0	0	0	0	0	0	0	0	0	0	0	0	0	0	0	0	0	0	0	0	0	0	0	0	0	0	0	82549	0	0	0	0	0	0	0	0	0	0	0	129449	0	0	0	0	0	0	0	0	0	0	0	0	0	0	0	0	0
8047	±‰“ÏŒœ≈£	0	0	0	0	369043	0	0	0	0	0	0	0	0	0	0	0	0	0	0	0	0	0	0	0	0	0	0	0	0	0	0	0	0	0	147602	0	0	0	0	0	0	0	0	0	0	0	0	0	0	0	0	0	0	0	0	0	0	0	0	0	0	0	0	0	82549	0	0	0	0	0	0	0	0	0	0	0	129449	0	0	0	0	0	0	0	0	0	0	0	0	0	0	0	0	0
8049	Œœ≈£±¶±¶	0	0	0	0	369043	0	0	0	0	0	0	0	0	0	0	0	0	0	0	0	0	0	0	0	0	0	0	0	0	0	0	0	0	0	147602	0	0	0	0	0	0	0	0	0	0	0	0	0	0	0	0	0	0	0	0	0	0	0	0	0	0	0	0	0	82549	0	0	0	0	0	0	0	0	0	0	0	129449	0	0	0	0	0	0	0	0	0	0	0	0	0	0	0	0	0
8050	≥…ƒÍŒœ≈£	0	0	0	0	369043	0	0	0	0	0	0	0	0	0	0	0	0	0	0	0	0	0	0	0	0	0	0	0	0	0	0	0	0	0	167447	0	0	0	0	0	0	0	0	0	0	0	0	0	0	0	0	0	0	0	0	0	0	0	0	0	0	0	0	0	97120	0	0	0	0	0	0	0	0	0	0	0	147602	0	0	0	0	0	0	0	0	0	0	0	0	0	0	0	0	0
8051	±‰“ÏŒœ≈£	0	0	0	0	369043	0	0	0	0	0	0	0	0	0	0	0	0	0	0	0	0	0	0	0	0	0	0	0	0	0	0	0	0	0	167447	0	0	0	0	0	0	0	0	0	0	0	0	0	0	0	0	0	0	0	0	0	0	0	0	0	0	0	0	0	97120	0	0	0	0	0	0	0	0	0	0	0	147602	0	0	0	0	0	0	0	0	0	0	0	0	0	0	0	0	0
8052	±‰“ÏŒœ≈£	0	0	0	0	369043	0	0	0	0	0	0	0	0	0	0	0	0	0	0	0	0	0	0	0	0	0	0	0	0	0	0	0	0	0	167447	0	0	0	0	0	0	0	0	0	0	0	0	0	0	0	0	0	0	0	0	0	0	0	0	0	0	0	0	0	97120	0	0	0	0	0	0	0	0	0	0	0	147602	0	0	0	0	0	0	0	0	0	0	0	0	0	0	0	0	0
8053	±‰“ÏŒœ≈£	0	0	0	0	369043	0	0	0	0	0	0	0	0	0	0	0	0	0	0	0	0	0	0	0	0	0	0	0	0	0	0	0	0	0	167447	0	0	0	0	0	0	0	0	0	0	0	0	0	0	0	0	0	0	0	0	0	0	0	0	0	0	0	0	0	97120	0	0	0	0	0	0	0	0	0	0	0	147602	0	0	0	0	0	0	0	0	0	0	0	0	0	0	0	0	0
8054	±‰“ÏŒœ≈£	0	0	0	0	369043	0	0	0	0	0	0	0	0	0	0	0	0	0	0	0	0	0	0	0	0	0	0	0	0	0	0	0	0	0	167447	0	0	0	0	0	0	0	0	0	0	0	0	0	0	0	0	0	0	0	0	0	0	0	0	0	0	0	0	0	97120	0	0	0	0	0	0	0	0	0	0	0	147602	0	0	0	0	0	0	0	0	0	0	0	0	0	0	0	0	0
8055	±‰“ÏŒœ≈£	0	0	0	0	369043	0	0	0	0	0	0	0	0	0	0	0	0	0	0	0	0	0	0	0	0	0	0	0	0	0	0	0	0	0	167447	0	0	0	0	0	0	0	0	0	0	0	0	0	0	0	0	0	0	0	0	0	0	0	0	0	0	0	0	0	97120	0	0	0	0	0	0	0	0	0	0	0	147602	0	0	0	0	0	0	0	0	0	0	0	0	0	0	0	0	0
8056	±‰“ÏŒœ≈£	0	0	0	0	369043	0	0	0	0	0	0	0	0	0	0	0	0	0	0	0	0	0	0	0	0	0	0	0	0	0	0	0	0	0	167447	0	0	0	0	0	0	0	0	0	0	0	0	0	0	0	0	0	0	0	0	0	0	0	0	0	0	0	0	0	97120	0	0	0	0	0	0	0	0	0	0	0	147602	0	0	0	0	0	0	0	0	0	0	0	0	0	0	0	0	0
8057	±‰“ÏŒœ≈£	0	0	0	0	369043	0	0	0	0	0	0	0	0	0	0	0	0	0	0	0	0	0	0	0	0	0	0	0	0	0	0	0	0	0	167447	0	0	0	0	0	0	0	0	0	0	0	0	0	0	0	0	0	0	0	0	0	0	0	0	0	0	0	0	0	97120	0	0	0	0	0	0	0	0	0	0	0	147602	0	0	0	0	0	0	0	0	0	0	0	0	0	0	0	0	0
8058	±‰“ÏŒœ≈£	0	0	0	0	369043	0	0	0	0	0	0	0	0	0	0	0	0	0	0	0	0	0	0	0	0	0	0	0	0	0	0	0	0	0	167447	0	0	0	0	0	0	0	0	0	0	0	0	0	0	0	0	0	0	0	0	0	0	0	0	0	0	0	0	0	97120	0	0	0	0	0	0	0	0	0	0	0	147602	0	0	0	0	0	0	0	0	0	0	0	0	0	0	0	0	0
8059	Œœ≈£±¶±¶	0	0	0	0	369043	0	0	0	0	0	0	0	0	0	0	0	0	0	0	0	0	0	0	0	0	0	0	0	0	0	0	0	0	0	167447	0	0	0	0	0	0	0	0	0	0	0	0	0	0	0	0	0	0	0	0	0	0	0	0	0	0	0	0	0	97120	0	0	0	0	0	0	0	0	0	0	0	147602	0	0	0	0	0	0	0	0	0	0	0	0	0	0	0	0	0
8060	≥…ƒÍ–´◊”	0	0	0	0	0	0	0	369043	0	0	0	0	0	0	0	0	0	0	0	0	0	0	0	0	0	0	0	0	0	0	0	0	0	0	0	0	0	0	0	0	0	0	68850	0	0	0	0	0	0	0	0	0	20852	0	0	0	0	0	0	0	0	0	0	0	0	0	0	0	0	0	0	0	0	0	55912	0	0	0	0	0	0	0	0	0	0	0	0	0	0	0	0	0	0	0
8061	±‰“Ï–´◊”	0	0	0	0	0	0	0	369043	0	0	0	0	0	0	0	0	0	0	0	0	0	0	0	0	0	0	0	0	0	0	0	0	0	0	0	0	0	0	0	0	0	0	68850	0	0	0	0	0	0	0	0	0	20852	0	0	0	0	0	0	0	0	0	0	0	0	0	0	0	0	0	0	0	0	0	55912	0	0	0	0	0	0	0	0	0	0	0	0	0	0	0	0	0	0	0
8062	±‰“Ï–´◊”	0	0	0	0	0	0	0	369043	0	0	0	0	0	0	0	0	0	0	0	0	0	0	0	0	0	0	0	0	0	0	0	0	0	0	0	0	0	0	0	0	0	0	68850	0	0	0	0	0	0	0	0	0	20852	0	0	0	0	0	0	0	0	0	0	0	0	0	0	0	0	0	0	0	0	0	55912	0	0	0	0	0	0	0	0	0	0	0	0	0	0	0	0	0	0	0
8069	–´◊”±¶±¶	0	0	0	0	0	0	0	369043	0	0	0	0	0	0	0	0	0	0	0	0	0	0	0	0	0	0	0	0	0	0	0	0	0	0	0	0	0	0	0	0	0	0	68850	0	0	0	0	0	0	0	0	0	20852	0	0	0	0	0	0	0	0	0	0	0	0	0	0	0	0	0	0	0	0	0	55912	0	0	0	0	0	0	0	0	0	0	0	0	0	0	0	0	0	0	0
8070	≥…ƒÍ–´◊”	0	0	0	0	0	0	0	369043	0	0	0	0	0	0	0	0	0	0	0	0	0	0	0	0	0	0	0	0	0	0	0	0	0	0	0	0	0	0	0	0	0	0	82549	0	0	0	0	0	0	0	0	0	31981	0	0	0	0	0	0	0	0	0	0	0	0	0	0	0	0	0	0	0	0	0	68850	0	0	0	0	0	0	0	0	0	0	0	0	0	0	0	0	0	0	0
8071	±‰“Ï–´◊”	0	0	0	0	0	0	0	369043	0	0	0	0	0	0	0	0	0	0	0	0	0	0	0	0	0	0	0	0	0	0	0	0	0	0	0	0	0	0	0	0	0	0	82549	0	0	0	0	0	0	0	0	0	31981	0	0	0	0	0	0	0	0	0	0	0	0	0	0	0	0	0	0	0	0	0	68850	0	0	0	0	0	0	0	0	0	0	0	0	0	0	0	0	0	0	0
8072	±‰“Ï–´◊”	0	0	0	0	0	0	0	369043	0	0	0	0	0	0	0	0	0	0	0	0	0	0	0	0	0	0	0	0	0	0	0	0	0	0	0	0	0	0	0	0	0	0	82549	0	0	0	0	0	0	0	0	0	31981	0	0	0	0	0	0	0	0	0	0	0	0	0	0	0	0	0	0	0	0	0	68850	0	0	0	0	0	0	0	0	0	0	0	0	0	0	0	0	0	0	0
8073	±‰“Ï–´◊”	0	0	0	0	0	0	0	369043	0	0	0	0	0	0	0	0	0	0	0	0	0	0	0	0	0	0	0	0	0	0	0	0	0	0	0	0	0	0	0	0	0	0	82549	0	0	0	0	0	0	0	0	0	31981	0	0	0	0	0	0	0	0	0	0	0	0	0	0	0	0	0	0	0	0	0	68850	0	0	0	0	0	0	0	0	0	0	0	0	0	0	0	0	0	0	0
8079	–´◊”±¶±¶	0	0	0	0	0	0	0	369043	0	0	0	0	0	0	0	0	0	0	0	0	0	0	0	0	0	0	0	0	0	0	0	0	0	0	0	0	0	0	0	0	0	0	82549	0	0	0	0	0	0	0	0	0	31981	0	0	0	0	0	0	0	0	0	0	0	0	0	0	0	0	0	0	0	0	0	68850	0	0	0	0	0	0	0	0	0	0	0	0	0	0	0	0	0	0	0
8080	≥…ƒÍ–´◊”	0	0	0	0	0	0	0	369043	0	0	0	0	0	0	0	0	0	0	0	0	0	0	0	0	0	0	0	0	0	0	0	0	0	0	0	0	0	0	0	0	0	0	97120	0	0	0	0	0	0	0	0	0	43648	0	0	0	0	0	0	0	0	0	0	0	0	0	0	0	0	0	0	0	0	0	82549	0	0	0	0	0	0	0	0	0	0	0	0	0	0	0	0	0	0	0
8081	±‰“Ï–´◊”	0	0	0	0	0	0	0	369043	0	0	0	0	0	0	0	0	0	0	0	0	0	0	0	0	0	0	0	0	0	0	0	0	0	0	0	0	0	0	0	0	0	0	97120	0	0	0	0	0	0	0	0	0	43648	0	0	0	0	0	0	0	0	0	0	0	0	0	0	0	0	0	0	0	0	0	82549	0	0	0	0	0	0	0	0	0	0	0	0	0	0	0	0	0	0	0
8082	±‰“Ï–´◊”	0	0	0	0	0	0	0	369043	0	0	0	0	0	0	0	0	0	0	0	0	0	0	0	0	0	0	0	0	0	0	0	0	0	0	0	0	0	0	0	0	0	0	97120	0	0	0	0	0	0	0	0	0	43648	0	0	0	0	0	0	0	0	0	0	0	0	0	0	0	0	0	0	0	0	0	82549	0	0	0	0	0	0	0	0	0	0	0	0	0	0	0	0	0	0	0
8083	±‰“Ï–´◊”	0	0	0	0	0	0	0	369043	0	0	0	0	0	0	0	0	0	0	0	0	0	0	0	0	0	0	0	0	0	0	0	0	0	0	0	0	0	0	0	0	0	0	97120	0	0	0	0	0	0	0	0	0	43648	0	0	0	0	0	0	0	0	0	0	0	0	0	0	0	0	0	0	0	0	0	82549	0	0	0	0	0	0	0	0	0	0	0	0	0	0	0	0	0	0	0
8084	±‰“Ï–´◊”	0	0	0	0	0	0	0	369043	0	0	0	0	0	0	0	0	0	0	0	0	0	0	0	0	0	0	0	0	0	0	0	0	0	0	0	0	0	0	0	0	0	0	97120	0	0	0	0	0	0	0	0	0	43648	0	0	0	0	0	0	0	0	0	0	0	0	0	0	0	0	0	0	0	0	0	82549	0	0	0	0	0	0	0	0	0	0	0	0	0	0	0	0	0	0	0
8089	–´◊”±¶±¶	0	0	0	0	0	0	0	369043	0	0	0	0	0	0	0	0	0	0	0	0	0	0	0	0	0	0	0	0	0	0	0	0	0	0	0	0	0	0	0	0	0	0	97120	0	0	0	0	0	0	0	0	0	43648	0	0	0	0	0	0	0	0	0	0	0	0	0	0	0	0	0	0	0	0	0	82549	0	0	0	0	0	0	0	0	0	0	0	0	0	0	0	0	0	0	0
8090	≥…ƒÍ–´◊”	0	0	0	0	0	0	0	369043	0	0	0	0	0	0	0	0	0	0	0	0	0	0	0	0	0	0	0	0	0	0	0	0	0	0	0	0	0	0	0	0	0	0	112696	0	0	0	0	0	0	0	0	0	55912	0	0	0	0	0	0	0	0	0	0	0	0	0	0	0	0	0	0	0	0	0	97120	0	0	0	0	0	0	0	0	0	0	0	0	0	0	0	0	0	0	0
8091	±‰“Ï–´◊”	0	0	0	0	0	0	0	369043	0	0	0	0	0	0	0	0	0	0	0	0	0	0	0	0	0	0	0	0	0	0	0	0	0	0	0	0	0	0	0	0	0	0	112696	0	0	0	0	0	0	0	0	0	55912	0	0	0	0	0	0	0	0	0	0	0	0	0	0	0	0	0	0	0	0	0	97120	0	0	0	0	0	0	0	0	0	0	0	0	0	0	0	0	0	0	0
8092	±‰“Ï–´◊”	0	0	0	0	0	0	0	369043	0	0	0	0	0	0	0	0	0	0	0	0	0	0	0	0	0	0	0	0	0	0	0	0	0	0	0	0	0	0	0	0	0	0	112696	0	0	0	0	0	0	0	0	0	55912	0	0	0	0	0	0	0	0	0	0	0	0	0	0	0	0	0	0	0	0	0	97120	0	0	0	0	0	0	0	0	0	0	0	0	0	0	0	0	0	0	0
8093	±‰“Ï–´◊”	0	0	0	0	0	0	0	369043	0	0	0	0	0	0	0	0	0	0	0	0	0	0	0	0	0	0	0	0	0	0	0	0	0	0	0	0	0	0	0	0	0	0	112696	0	0	0	0	0	0	0	0	0	55912	0	0	0	0	0	0	0	0	0	0	0	0	0	0	0	0	0	0	0	0	0	97120	0	0	0	0	0	0	0	0	0	0	0	0	0	0	0	0	0	0	0
8094	±‰“Ï–´◊”	0	0	0	0	0	0	0	369043	0	0	0	0	0	0	0	0	0	0	0	0	0	0	0	0	0	0	0	0	0	0	0	0	0	0	0	0	0	0	0	0	0	0	112696	0	0	0	0	0	0	0	0	0	55912	0	0	0	0	0	0	0	0	0	0	0	0	0	0	0	0	0	0	0	0	0	97120	0	0	0	0	0	0	0	0	0	0	0	0	0	0	0	0	0	0	0
8095	±‰“Ï–´◊”	0	0	0	0	0	0	0	369043	0	0	0	0	0	0	0	0	0	0	0	0	0	0	0	0	0	0	0	0	0	0	0	0	0	0	0	0	0	0	0	0	0	0	112696	0	0	0	0	0	0	0	0	0	55912	0	0	0	0	0	0	0	0	0	0	0	0	0	0	0	0	0	0	0	0	0	97120	0	0	0	0	0	0	0	0	0	0	0	0	0	0	0	0	0	0	0
8099	–´◊”±¶±¶	0	0	0	0	0	0	0	369043	0	0	0	0	0	0	0	0	0	0	0	0	0	0	0	0	0	0	0	0	0	0	0	0	0	0	0	0	0	0	0	0	0	0	112696	0	0	0	0	0	0	0	0	0	55912	0	0	0	0	0	0	0	0	0	0	0	0	0	0	0	0	0	0	0	0	0	97120	0	0	0	0	0	0	0	0	0	0	0	0	0	0	0	0	0	0	0
8100	≥…ƒÍ–´◊”	0	0	0	0	0	0	0	369043	0	0	0	0	0	0	0	0	0	0	0	0	0	0	0	0	0	0	0	0	0	0	0	0	0	0	0	0	0	0	0	0	0	0	129449	0	0	0	0	0	0	0	0	0	68850	0	0	0	0	0	0	0	0	0	0	0	0	0	0	0	0	0	0	0	0	0	112696	0	0	0	0	0	0	0	0	0	0	0	0	0	0	0	0	0	0	0
8101	±‰“Ï–´◊”	0	0	0	0	0	0	0	369043	0	0	0	0	0	0	0	0	0	0	0	0	0	0	0	0	0	0	0	0	0	0	0	0	0	0	0	0	0	0	0	0	0	0	129449	0	0	0	0	0	0	0	0	0	68850	0	0	0	0	0	0	0	0	0	0	0	0	0	0	0	0	0	0	0	0	0	112696	0	0	0	0	0	0	0	0	0	0	0	0	0	0	0	0	0	0	0
8102	±‰“Ï–´◊”	0	0	0	0	0	0	0	369043	0	0	0	0	0	0	0	0	0	0	0	0	0	0	0	0	0	0	0	0	0	0	0	0	0	0	0	0	0	0	0	0	0	0	129449	0	0	0	0	0	0	0	0	0	68850	0	0	0	0	0	0	0	0	0	0	0	0	0	0	0	0	0	0	0	0	0	112696	0	0	0	0	0	0	0	0	0	0	0	0	0	0	0	0	0	0	0
8103	±‰“Ï–´◊”	0	0	0	0	0	0	0	369043	0	0	0	0	0	0	0	0	0	0	0	0	0	0	0	0	0	0	0	0	0	0	0	0	0	0	0	0	0	0	0	0	0	0	129449	0	0	0	0	0	0	0	0	0	68850	0	0	0	0	0	0	0	0	0	0	0	0	0	0	0	0	0	0	0	0	0	112696	0	0	0	0	0	0	0	0	0	0	0	0	0	0	0	0	0	0	0
8104	±‰“Ï–´◊”	0	0	0	0	0	0	0	369043	0	0	0	0	0	0	0	0	0	0	0	0	0	0	0	0	0	0	0	0	0	0	0	0	0	0	0	0	0	0	0	0	0	0	129449	0	0	0	0	0	0	0	0	0	68850	0	0	0	0	0	0	0	0	0	0	0	0	0	0	0	0	0	0	0	0	0	112696	0	0	0	0	0	0	0	0	0	0	0	0	0	0	0	0	0	0	0
8105	±‰“Ï–´◊”	0	0	0	0	0	0	0	369043	0	0	0	0	0	0	0	0	0	0	0	0	0	0	0	0	0	0	0	0	0	0	0	0	0	0	0	0	0	0	0	0	0	0	129449	0	0	0	0	0	0	0	0	0	68850	0	0	0	0	0	0	0	0	0	0	0	0	0	0	0	0	0	0	0	0	0	112696	0	0	0	0	0	0	0	0	0	0	0	0	0	0	0	0	0	0	0
8106	±‰“Ï–´◊”	0	0	0	0	0	0	0	369043	0	0	0	0	0	0	0	0	0	0	0	0	0	0	0	0	0	0	0	0	0	0	0	0	0	0	0	0	0	0	0	0	0	0	129449	0	0	0	0	0	0	0	0	0	68850	0	0	0	0	0	0	0	0	0	0	0	0	0	0	0	0	0	0	0	0	0	112696	0	0	0	0	0	0	0	0	0	0	0	0	0	0	0	0	0	0	0
8109	–´◊”±¶±¶	0	0	0	0	0	0	0	369043	0	0	0	0	0	0	0	0	0	0	0	0	0	0	0	0	0	0	0	0	0	0	0	0	0	0	0	0	0	0	0	0	0	0	129449	0	0	0	0	0	0	0	0	0	68850	0	0	0	0	0	0	0	0	0	0	0	0	0	0	0	0	0	0	0	0	0	112696	0	0	0	0	0	0	0	0	0	0	0	0	0	0	0	0	0	0	0
8110	≥…ƒÍ–´◊”	0	0	0	0	0	0	0	369043	0	0	0	0	0	0	0	0	0	0	0	0	0	0	0	0	0	0	0	0	0	0	0	0	0	0	0	0	0	0	0	0	0	0	147602	0	0	0	0	0	0	0	0	0	82549	0	0	0	0	0	0	0	0	0	0	0	0	0	0	0	0	0	0	0	0	0	129449	0	0	0	0	0	0	0	0	0	0	0	0	0	0	0	0	0	0	0
8111	±‰“Ï–´◊”	0	0	0	0	0	0	0	369043	0	0	0	0	0	0	0	0	0	0	0	0	0	0	0	0	0	0	0	0	0	0	0	0	0	0	0	0	0	0	0	0	0	0	147602	0	0	0	0	0	0	0	0	0	82549	0	0	0	0	0	0	0	0	0	0	0	0	0	0	0	0	0	0	0	0	0	129449	0	0	0	0	0	0	0	0	0	0	0	0	0	0	0	0	0	0	0
8112	±‰“Ï–´◊”	0	0	0	0	0	0	0	369043	0	0	0	0	0	0	0	0	0	0	0	0	0	0	0	0	0	0	0	0	0	0	0	0	0	0	0	0	0	0	0	0	0	0	147602	0	0	0	0	0	0	0	0	0	82549	0	0	0	0	0	0	0	0	0	0	0	0	0	0	0	0	0	0	0	0	0	129449	0	0	0	0	0	0	0	0	0	0	0	0	0	0	0	0	0	0	0
8113	±‰“Ï–´◊”	0	0	0	0	0	0	0	369043	0	0	0	0	0	0	0	0	0	0	0	0	0	0	0	0	0	0	0	0	0	0	0	0	0	0	0	0	0	0	0	0	0	0	147602	0	0	0	0	0	0	0	0	0	82549	0	0	0	0	0	0	0	0	0	0	0	0	0	0	0	0	0	0	0	0	0	129449	0	0	0	0	0	0	0	0	0	0	0	0	0	0	0	0	0	0	0
8114	±‰“Ï–´◊”	0	0	0	0	0	0	0	369043	0	0	0	0	0	0	0	0	0	0	0	0	0	0	0	0	0	0	0	0	0	0	0	0	0	0	0	0	0	0	0	0	0	0	147602	0	0	0	0	0	0	0	0	0	82549	0	0	0	0	0	0	0	0	0	0	0	0	0	0	0	0	0	0	0	0	0	129449	0	0	0	0	0	0	0	0	0	0	0	0	0	0	0	0	0	0	0
8115	±‰“Ï–´◊”	0	0	0	0	0	0	0	369043	0	0	0	0	0	0	0	0	0	0	0	0	0	0	0	0	0	0	0	0	0	0	0	0	0	0	0	0	0	0	0	0	0	0	147602	0	0	0	0	0	0	0	0	0	82549	0	0	0	0	0	0	0	0	0	0	0	0	0	0	0	0	0	0	0	0	0	129449	0	0	0	0	0	0	0	0	0	0	0	0	0	0	0	0	0	0	0
8116	±‰“Ï–´◊”	0	0	0	0	0	0	0	369043	0	0	0	0	0	0	0	0	0	0	0	0	0	0	0	0	0	0	0	0	0	0	0	0	0	0	0	0	0	0	0	0	0	0	147602	0	0	0	0	0	0	0	0	0	82549	0	0	0	0	0	0	0	0	0	0	0	0	0	0	0	0	0	0	0	0	0	129449	0	0	0	0	0	0	0	0	0	0	0	0	0	0	0	0	0	0	0
8117	±‰“Ï–´◊”	0	0	0	0	0	0	0	369043	0	0	0	0	0	0	0	0	0	0	0	0	0	0	0	0	0	0	0	0	0	0	0	0	0	0	0	0	0	0	0	0	0	0	147602	0	0	0	0	0	0	0	0	0	82549	0	0	0	0	0	0	0	0	0	0	0	0	0	0	0	0	0	0	0	0	0	129449	0	0	0	0	0	0	0	0	0	0	0	0	0	0	0	0	0	0	0
8119	–´◊”±¶±¶	0	0	0	0	0	0	0	369043	0	0	0	0	0	0	0	0	0	0	0	0	0	0	0	0	0	0	0	0	0	0	0	0	0	0	0	0	0	0	0	0	0	0	147602	0	0	0	0	0	0	0	0	0	82549	0	0	0	0	0	0	0	0	0	0	0	0	0	0	0	0	0	0	0	0	0	129449	0	0	0	0	0	0	0	0	0	0	0	0	0	0	0	0	0	0	0
8120	≥…ƒÍ–´◊”	0	0	0	0	0	0	0	369043	0	0	0	0	0	0	0	0	0	0	0	0	0	0	0	0	0	0	0	0	0	0	0	0	0	0	0	0	0	0	0	0	0	0	167447	0	0	0	0	0	0	0	0	0	97120	0	0	0	0	0	0	0	0	0	0	0	0	0	0	0	0	0	0	0	0	0	147602	0	0	0	0	0	0	0	0	0	0	0	0	0	0	0	0	0	0	0
8121	±‰“Ï–´◊”	0	0	0	0	0	0	0	369043	0	0	0	0	0	0	0	0	0	0	0	0	0	0	0	0	0	0	0	0	0	0	0	0	0	0	0	0	0	0	0	0	0	0	167447	0	0	0	0	0	0	0	0	0	97120	0	0	0	0	0	0	0	0	0	0	0	0	0	0	0	0	0	0	0	0	0	147602	0	0	0	0	0	0	0	0	0	0	0	0	0	0	0	0	0	0	0
8122	±‰“Ï–´◊”	0	0	0	0	0	0	0	369043	0	0	0	0	0	0	0	0	0	0	0	0	0	0	0	0	0	0	0	0	0	0	0	0	0	0	0	0	0	0	0	0	0	0	167447	0	0	0	0	0	0	0	0	0	97120	0	0	0	0	0	0	0	0	0	0	0	0	0	0	0	0	0	0	0	0	0	147602	0	0	0	0	0	0	0	0	0	0	0	0	0	0	0	0	0	0	0
8123	±‰“Ï–´◊”	0	0	0	0	0	0	0	369043	0	0	0	0	0	0	0	0	0	0	0	0	0	0	0	0	0	0	0	0	0	0	0	0	0	0	0	0	0	0	0	0	0	0	167447	0	0	0	0	0	0	0	0	0	97120	0	0	0	0	0	0	0	0	0	0	0	0	0	0	0	0	0	0	0	0	0	147602	0	0	0	0	0	0	0	0	0	0	0	0	0	0	0	0	0	0	0
8124	±‰“Ï–´◊”	0	0	0	0	0	0	0	369043	0	0	0	0	0	0	0	0	0	0	0	0	0	0	0	0	0	0	0	0	0	0	0	0	0	0	0	0	0	0	0	0	0	0	167447	0	0	0	0	0	0	0	0	0	97120	0	0	0	0	0	0	0	0	0	0	0	0	0	0	0	0	0	0	0	0	0	147602	0	0	0	0	0	0	0	0	0	0	0	0	0	0	0	0	0	0	0
8125	±‰“Ï–´◊”	0	0	0	0	0	0	0	369043	0	0	0	0	0	0	0	0	0	0	0	0	0	0	0	0	0	0	0	0	0	0	0	0	0	0	0	0	0	0	0	0	0	0	167447	0	0	0	0	0	0	0	0	0	97120	0	0	0	0	0	0	0	0	0	0	0	0	0	0	0	0	0	0	0	0	0	147602	0	0	0	0	0	0	0	0	0	0	0	0	0	0	0	0	0	0	0
8126	±‰“Ï–´◊”	0	0	0	0	0	0	0	369043	0	0	0	0	0	0	0	0	0	0	0	0	0	0	0	0	0	0	0	0	0	0	0	0	0	0	0	0	0	0	0	0	0	0	167447	0	0	0	0	0	0	0	0	0	97120	0	0	0	0	0	0	0	0	0	0	0	0	0	0	0	0	0	0	0	0	0	147602	0	0	0	0	0	0	0	0	0	0	0	0	0	0	0	0	0	0	0
8127	±‰“Ï–´◊”	0	0	0	0	0	0	0	369043	0	0	0	0	0	0	0	0	0	0	0	0	0	0	0	0	0	0	0	0	0	0	0	0	0	0	0	0	0	0	0	0	0	0	167447	0	0	0	0	0	0	0	0	0	97120	0	0	0	0	0	0	0	0	0	0	0	0	0	0	0	0	0	0	0	0	0	147602	0	0	0	0	0	0	0	0	0	0	0	0	0	0	0	0	0	0	0
8128	±‰“Ï–´◊”	0	0	0	0	0	0	0	369043	0	0	0	0	0	0	0	0	0	0	0	0	0	0	0	0	0	0	0	0	0	0	0	0	0	0	0	0	0	0	0	0	0	0	167447	0	0	0	0	0	0	0	0	0	97120	0	0	0	0	0	0	0	0	0	0	0	0	0	0	0	0	0	0	0	0	0	147602	0	0	0	0	0	0	0	0	0	0	0	0	0	0	0	0	0	0	0
8129	–´◊”±¶±¶	0	0	0	0	0	0	0	369043	0	0	0	0	0	0	0	0	0	0	0	0	0	0	0	0	0	0	0	0	0	0	0	0	0	0	0	0	0	0	0	0	0	0	167447	0	0	0	0	0	0	0	0	0	97120	0	0	0	0	0	0	0	0	0	0	0	0	0	0	0	0	0	0	0	0	0	147602	0	0	0	0	0	0	0	0	0	0	0	0	0	0	0	0	0	0	0
8130	≥…ƒÍ¥©…Ωº◊	0	0	0	0	0	0	0	0	0	0	0	0	0	0	0	0	55912	0	0	0	0	0	0	0	0	0	0	0	0	0	0	0	0	0	68850	0	0	0	0	0	0	0	0	0	0	0	0	0	0	0	0	0	0	20852	0	0	0	0	0	0	0	0	0	0	0	0	369043	0	0	0	0	0	0	0	0	0	0	0	0	0	0	0	0	0	0	0	0	0	0	0	0	0	0	0
8131	±‰“Ï¥©…Ωº◊	0	0	0	0	0	0	0	0	0	0	0	0	0	0	0	0	55912	0	0	0	0	0	0	0	0	0	0	0	0	0	0	0	0	0	68850	0	0	0	0	0	0	0	0	0	0	0	0	0	0	0	0	0	0	20852	0	0	0	0	0	0	0	0	0	0	0	0	369043	0	0	0	0	0	0	0	0	0	0	0	0	0	0	0	0	0	0	0	0	0	0	0	0	0	0	0
8132	±‰“Ï¥©…Ωº◊	0	0	0	0	0	0	0	0	0	0	0	0	0	0	0	0	55912	0	0	0	0	0	0	0	0	0	0	0	0	0	0	0	0	0	68850	0	0	0	0	0	0	0	0	0	0	0	0	0	0	0	0	0	0	20852	0	0	0	0	0	0	0	0	0	0	0	0	369043	0	0	0	0	0	0	0	0	0	0	0	0	0	0	0	0	0	0	0	0	0	0	0	0	0	0	0
8139	¥©…Ωº◊±¶±¶	0	0	0	0	0	0	0	0	0	0	0	0	0	0	0	0	55912	0	0	0	0	0	0	0	0	0	0	0	0	0	0	0	0	0	68850	0	0	0	0	0	0	0	0	0	0	0	0	0	0	0	0	0	0	20852	0	0	0	0	0	0	0	0	0	0	0	0	369043	0	0	0	0	0	0	0	0	0	0	0	0	0	0	0	0	0	0	0	0	0	0	0	0	0	0	0
8140	≥…ƒÍ¥©…Ωº◊	0	0	0	0	0	0	0	0	0	0	0	0	0	0	0	0	68850	0	0	0	0	0	0	0	0	0	0	0	0	0	0	0	0	0	82549	0	0	0	0	0	0	0	0	0	0	0	0	0	0	0	0	0	0	31981	0	0	0	0	0	0	0	0	0	0	0	0	369043	0	0	0	0	0	0	0	0	0	0	0	0	0	0	0	0	0	0	0	0	0	0	0	0	0	0	0
8141	±‰“Ï¥©…Ωº◊	0	0	0	0	0	0	0	0	0	0	0	0	0	0	0	0	68850	0	0	0	0	0	0	0	0	0	0	0	0	0	0	0	0	0	82549	0	0	0	0	0	0	0	0	0	0	0	0	0	0	0	0	0	0	31981	0	0	0	0	0	0	0	0	0	0	0	0	369043	0	0	0	0	0	0	0	0	0	0	0	0	0	0	0	0	0	0	0	0	0	0	0	0	0	0	0
8142	±‰“Ï¥©…Ωº◊	0	0	0	0	0	0	0	0	0	0	0	0	0	0	0	0	68850	0	0	0	0	0	0	0	0	0	0	0	0	0	0	0	0	0	82549	0	0	0	0	0	0	0	0	0	0	0	0	0	0	0	0	0	0	31981	0	0	0	0	0	0	0	0	0	0	0	0	369043	0	0	0	0	0	0	0	0	0	0	0	0	0	0	0	0	0	0	0	0	0	0	0	0	0	0	0
8143	±‰“Ï¥©…Ωº◊	0	0	0	0	0	0	0	0	0	0	0	0	0	0	0	0	68850	0	0	0	0	0	0	0	0	0	0	0	0	0	0	0	0	0	82549	0	0	0	0	0	0	0	0	0	0	0	0	0	0	0	0	0	0	31981	0	0	0	0	0	0	0	0	0	0	0	0	369043	0	0	0	0	0	0	0	0	0	0	0	0	0	0	0	0	0	0	0	0	0	0	0	0	0	0	0
8149	¥©…Ωº◊±¶±¶	0	0	0	0	0	0	0	0	0	0	0	0	0	0	0	0	68850	0	0	0	0	0	0	0	0	0	0	0	0	0	0	0	0	0	82549	0	0	0	0	0	0	0	0	0	0	0	0	0	0	0	0	0	0	31981	0	0	0	0	0	0	0	0	0	0	0	0	369043	0	0	0	0	0	0	0	0	0	0	0	0	0	0	0	0	0	0	0	0	0	0	0	0	0	0	0
8150	≥…ƒÍ¥©…Ωº◊	0	0	0	0	0	0	0	0	0	0	0	0	0	0	0	0	82549	0	0	0	0	0	0	0	0	0	0	0	0	0	0	0	0	0	97120	0	0	0	0	0	0	0	0	0	0	0	0	0	0	0	0	0	0	43648	0	0	0	0	0	0	0	0	0	0	0	0	369043	0	0	0	0	0	0	0	0	0	0	0	0	0	0	0	0	0	0	0	0	0	0	0	0	0	0	0
8151	±‰“Ï¥©…Ωº◊	0	0	0	0	0	0	0	0	0	0	0	0	0	0	0	0	82549	0	0	0	0	0	0	0	0	0	0	0	0	0	0	0	0	0	97120	0	0	0	0	0	0	0	0	0	0	0	0	0	0	0	0	0	0	43648	0	0	0	0	0	0	0	0	0	0	0	0	369043	0	0	0	0	0	0	0	0	0	0	0	0	0	0	0	0	0	0	0	0	0	0	0	0	0	0	0
8152	±‰“Ï¥©…Ωº◊	0	0	0	0	0	0	0	0	0	0	0	0	0	0	0	0	82549	0	0	0	0	0	0	0	0	0	0	0	0	0	0	0	0	0	97120	0	0	0	0	0	0	0	0	0	0	0	0	0	0	0	0	0	0	43648	0	0	0	0	0	0	0	0	0	0	0	0	369043	0	0	0	0	0	0	0	0	0	0	0	0	0	0	0	0	0	0	0	0	0	0	0	0	0	0	0
8153	±‰“Ï¥©…Ωº◊	0	0	0	0	0	0	0	0	0	0	0	0	0	0	0	0	82549	0	0	0	0	0	0	0	0	0	0	0	0	0	0	0	0	0	97120	0	0	0	0	0	0	0	0	0	0	0	0	0	0	0	0	0	0	43648	0	0	0	0	0	0	0	0	0	0	0	0	369043	0	0	0	0	0	0	0	0	0	0	0	0	0	0	0	0	0	0	0	0	0	0	0	0	0	0	0
8154	±‰“Ï¥©…Ωº◊	0	0	0	0	0	0	0	0	0	0	0	0	0	0	0	0	82549	0	0	0	0	0	0	0	0	0	0	0	0	0	0	0	0	0	97120	0	0	0	0	0	0	0	0	0	0	0	0	0	0	0	0	0	0	43648	0	0	0	0	0	0	0	0	0	0	0	0	369043	0	0	0	0	0	0	0	0	0	0	0	0	0	0	0	0	0	0	0	0	0	0	0	0	0	0	0
8159	¥©…Ωº◊±¶±¶	0	0	0	0	0	0	0	0	0	0	0	0	0	0	0	0	82549	0	0	0	0	0	0	0	0	0	0	0	0	0	0	0	0	0	97120	0	0	0	0	0	0	0	0	0	0	0	0	0	0	0	0	0	0	43648	0	0	0	0	0	0	0	0	0	0	0	0	369043	0	0	0	0	0	0	0	0	0	0	0	0	0	0	0	0	0	0	0	0	0	0	0	0	0	0	0
8160	≥…ƒÍ¥©…Ωº◊	0	0	0	0	0	0	0	0	0	0	0	0	0	0	0	0	97120	0	0	0	0	0	0	0	0	0	0	0	0	0	0	0	0	0	112696	0	0	0	0	0	0	0	0	0	0	0	0	0	0	0	0	0	0	55912	0	0	0	0	0	0	0	0	0	0	0	0	369043	0	0	0	0	0	0	0	0	0	0	0	0	0	0	0	0	0	0	0	0	0	0	0	0	0	0	0
8161	±‰“Ï¥©…Ωº◊	0	0	0	0	0	0	0	0	0	0	0	0	0	0	0	0	97120	0	0	0	0	0	0	0	0	0	0	0	0	0	0	0	0	0	112696	0	0	0	0	0	0	0	0	0	0	0	0	0	0	0	0	0	0	55912	0	0	0	0	0	0	0	0	0	0	0	0	369043	0	0	0	0	0	0	0	0	0	0	0	0	0	0	0	0	0	0	0	0	0	0	0	0	0	0	0
8162	±‰“Ï¥©…Ωº◊	0	0	0	0	0	0	0	0	0	0	0	0	0	0	0	0	97120	0	0	0	0	0	0	0	0	0	0	0	0	0	0	0	0	0	112696	0	0	0	0	0	0	0	0	0	0	0	0	0	0	0	0	0	0	55912	0	0	0	0	0	0	0	0	0	0	0	0	369043	0	0	0	0	0	0	0	0	0	0	0	0	0	0	0	0	0	0	0	0	0	0	0	0	0	0	0
8163	±‰“Ï¥©…Ωº◊	0	0	0	0	0	0	0	0	0	0	0	0	0	0	0	0	97120	0	0	0	0	0	0	0	0	0	0	0	0	0	0	0	0	0	112696	0	0	0	0	0	0	0	0	0	0	0	0	0	0	0	0	0	0	55912	0	0	0	0	0	0	0	0	0	0	0	0	369043	0	0	0	0	0	0	0	0	0	0	0	0	0	0	0	0	0	0	0	0	0	0	0	0	0	0	0
8164	±‰“Ï¥©…Ωº◊	0	0	0	0	0	0	0	0	0	0	0	0	0	0	0	0	97120	0	0	0	0	0	0	0	0	0	0	0	0	0	0	0	0	0	112696	0	0	0	0	0	0	0	0	0	0	0	0	0	0	0	0	0	0	55912	0	0	0	0	0	0	0	0	0	0	0	0	369043	0	0	0	0	0	0	0	0	0	0	0	0	0	0	0	0	0	0	0	0	0	0	0	0	0	0	0
8165	±‰“Ï¥©…Ωº◊	0	0	0	0	0	0	0	0	0	0	0	0	0	0	0	0	97120	0	0	0	0	0	0	0	0	0	0	0	0	0	0	0	0	0	112696	0	0	0	0	0	0	0	0	0	0	0	0	0	0	0	0	0	0	55912	0	0	0	0	0	0	0	0	0	0	0	0	369043	0	0	0	0	0	0	0	0	0	0	0	0	0	0	0	0	0	0	0	0	0	0	0	0	0	0	0
8169	¥©…Ωº◊±¶±¶	0	0	0	0	0	0	0	0	0	0	0	0	0	0	0	0	97120	0	0	0	0	0	0	0	0	0	0	0	0	0	0	0	0	0	112696	0	0	0	0	0	0	0	0	0	0	0	0	0	0	0	0	0	0	55912	0	0	0	0	0	0	0	0	0	0	0	0	369043	0	0	0	0	0	0	0	0	0	0	0	0	0	0	0	0	0	0	0	0	0	0	0	0	0	0	0
8170	≥…ƒÍ¥©…Ωº◊	0	0	0	0	0	0	0	0	0	0	0	0	0	0	0	0	112696	0	0	0	0	0	0	0	0	0	0	0	0	0	0	0	0	0	129449	0	0	0	0	0	0	0	0	0	0	0	0	0	0	0	0	0	0	68850	0	0	0	0	0	0	0	0	0	0	0	0	369043	0	0	0	0	0	0	0	0	0	0	0	0	0	0	0	0	0	0	0	0	0	0	0	0	0	0	0
8171	±‰“Ï¥©…Ωº◊	0	0	0	0	0	0	0	0	0	0	0	0	0	0	0	0	112696	0	0	0	0	0	0	0	0	0	0	0	0	0	0	0	0	0	129449	0	0	0	0	0	0	0	0	0	0	0	0	0	0	0	0	0	0	68850	0	0	0	0	0	0	0	0	0	0	0	0	369043	0	0	0	0	0	0	0	0	0	0	0	0	0	0	0	0	0	0	0	0	0	0	0	0	0	0	0
8172	±‰“Ï¥©…Ωº◊	0	0	0	0	0	0	0	0	0	0	0	0	0	0	0	0	112696	0	0	0	0	0	0	0	0	0	0	0	0	0	0	0	0	0	129449	0	0	0	0	0	0	0	0	0	0	0	0	0	0	0	0	0	0	68850	0	0	0	0	0	0	0	0	0	0	0	0	369043	0	0	0	0	0	0	0	0	0	0	0	0	0	0	0	0	0	0	0	0	0	0	0	0	0	0	0
8173	±‰“Ï¥©…Ωº◊	0	0	0	0	0	0	0	0	0	0	0	0	0	0	0	0	112696	0	0	0	0	0	0	0	0	0	0	0	0	0	0	0	0	0	129449	0	0	0	0	0	0	0	0	0	0	0	0	0	0	0	0	0	0	68850	0	0	0	0	0	0	0	0	0	0	0	0	369043	0	0	0	0	0	0	0	0	0	0	0	0	0	0	0	0	0	0	0	0	0	0	0	0	0	0	0
8174	±‰“Ï¥©…Ωº◊	0	0	0	0	0	0	0	0	0	0	0	0	0	0	0	0	112696	0	0	0	0	0	0	0	0	0	0	0	0	0	0	0	0	0	129449	0	0	0	0	0	0	0	0	0	0	0	0	0	0	0	0	0	0	68850	0	0	0	0	0	0	0	0	0	0	0	0	369043	0	0	0	0	0	0	0	0	0	0	0	0	0	0	0	0	0	0	0	0	0	0	0	0	0	0	0
8175	±‰“Ï¥©…Ωº◊	0	0	0	0	0	0	0	0	0	0	0	0	0	0	0	0	112696	0	0	0	0	0	0	0	0	0	0	0	0	0	0	0	0	0	129449	0	0	0	0	0	0	0	0	0	0	0	0	0	0	0	0	0	0	68850	0	0	0	0	0	0	0	0	0	0	0	0	369043	0	0	0	0	0	0	0	0	0	0	0	0	0	0	0	0	0	0	0	0	0	0	0	0	0	0	0
8176	±‰“Ï¥©…Ωº◊	0	0	0	0	0	0	0	0	0	0	0	0	0	0	0	0	112696	0	0	0	0	0	0	0	0	0	0	0	0	0	0	0	0	0	129449	0	0	0	0	0	0	0	0	0	0	0	0	0	0	0	0	0	0	68850	0	0	0	0	0	0	0	0	0	0	0	0	369043	0	0	0	0	0	0	0	0	0	0	0	0	0	0	0	0	0	0	0	0	0	0	0	0	0	0	0
8179	¥©…Ωº◊±¶±¶	0	0	0	0	0	0	0	0	0	0	0	0	0	0	0	0	112696	0	0	0	0	0	0	0	0	0	0	0	0	0	0	0	0	0	129449	0	0	0	0	0	0	0	0	0	0	0	0	0	0	0	0	0	0	68850	0	0	0	0	0	0	0	0	0	0	0	0	369043	0	0	0	0	0	0	0	0	0	0	0	0	0	0	0	0	0	0	0	0	0	0	0	0	0	0	0
8180	≥…ƒÍ¿◊˜Î	0	0	0	0	0	0	0	369043	0	0	0	0	0	0	0	0	129449	0	0	0	0	0	0	0	0	0	0	0	0	0	0	0	0	0	0	0	0	0	0	0	0	0	147602	0	0	0	0	0	0	0	0	0	0	82549	0	0	0	0	0	0	0	0	0	0	0	0	0	0	0	0	0	0	0	0	0	0	0	0	0	0	0	0	0	0	0	0	0	0	0	0	0	0	0	0
8181	±‰“Ï¿◊˜Î	0	0	0	0	0	0	0	369043	0	0	0	0	0	0	0	0	129449	0	0	0	0	0	0	0	0	0	0	0	0	0	0	0	0	0	0	0	0	0	0	0	0	0	147602	0	0	0	0	0	0	0	0	0	0	82549	0	0	0	0	0	0	0	0	0	0	0	0	0	0	0	0	0	0	0	0	0	0	0	0	0	0	0	0	0	0	0	0	0	0	0	0	0	0	0	0
8182	±‰“Ï¿◊˜Î	0	0	0	0	0	0	0	369043	0	0	0	0	0	0	0	0	129449	0	0	0	0	0	0	0	0	0	0	0	0	0	0	0	0	0	0	0	0	0	0	0	0	0	147602	0	0	0	0	0	0	0	0	0	0	82549	0	0	0	0	0	0	0	0	0	0	0	0	0	0	0	0	0	0	0	0	0	0	0	0	0	0	0	0	0	0	0	0	0	0	0	0	0	0	0	0
8183	±‰“Ï¿◊˜Î	0	0	0	0	0	0	0	369043	0	0	0	0	0	0	0	0	129449	0	0	0	0	0	0	0	0	0	0	0	0	0	0	0	0	0	0	0	0	0	0	0	0	0	147602	0	0	0	0	0	0	0	0	0	0	82549	0	0	0	0	0	0	0	0	0	0	0	0	0	0	0	0	0	0	0	0	0	0	0	0	0	0	0	0	0	0	0	0	0	0	0	0	0	0	0	0
8184	±‰“Ï¿◊˜Î	0	0	0	0	0	0	0	369043	0	0	0	0	0	0	0	0	129449	0	0	0	0	0	0	0	0	0	0	0	0	0	0	0	0	0	0	0	0	0	0	0	0	0	147602	0	0	0	0	0	0	0	0	0	0	82549	0	0	0	0	0	0	0	0	0	0	0	0	0	0	0	0	0	0	0	0	0	0	0	0	0	0	0	0	0	0	0	0	0	0	0	0	0	0	0	0
8185	±‰“Ï¿◊˜Î	0	0	0	0	0	0	0	369043	0	0	0	0	0	0	0	0	129449	0	0	0	0	0	0	0	0	0	0	0	0	0	0	0	0	0	0	0	0	0	0	0	0	0	147602	0	0	0	0	0	0	0	0	0	0	82549	0	0	0	0	0	0	0	0	0	0	0	0	0	0	0	0	0	0	0	0	0	0	0	0	0	0	0	0	0	0	0	0	0	0	0	0	0	0	0	0
8186	±‰“Ï¿◊˜Î	0	0	0	0	0	0	0	369043	0	0	0	0	0	0	0	0	129449	0	0	0	0	0	0	0	0	0	0	0	0	0	0	0	0	0	0	0	0	0	0	0	0	0	147602	0	0	0	0	0	0	0	0	0	0	82549	0	0	0	0	0	0	0	0	0	0	0	0	0	0	0	0	0	0	0	0	0	0	0	0	0	0	0	0	0	0	0	0	0	0	0	0	0	0	0	0
8187	±‰“Ï¿◊˜Î	0	0	0	0	0	0	0	369043	0	0	0	0	0	0	0	0	129449	0	0	0	0	0	0	0	0	0	0	0	0	0	0	0	0	0	0	0	0	0	0	0	0	0	147602	0	0	0	0	0	0	0	0	0	0	82549	0	0	0	0	0	0	0	0	0	0	0	0	0	0	0	0	0	0	0	0	0	0	0	0	0	0	0	0	0	0	0	0	0	0	0	0	0	0	0	0
8189	¿◊˜Î±¶±¶	0	0	0	0	0	0	0	369043	0	0	0	0	0	0	0	0	129449	0	0	0	0	0	0	0	0	0	0	0	0	0	0	0	0	0	0	0	0	0	0	0	0	0	147602	0	0	0	0	0	0	0	0	0	0	82549	0	0	0	0	0	0	0	0	0	0	0	0	0	0	0	0	0	0	0	0	0	0	0	0	0	0	0	0	0	0	0	0	0	0	0	0	0	0	0	0
8190	≥…ƒÍ¥©…Ωº◊	0	0	0	0	0	0	0	0	0	0	0	0	0	0	0	0	147602	0	0	0	0	0	0	0	0	0	0	0	0	0	0	0	0	0	167447	0	0	0	0	0	0	0	0	0	0	0	0	0	0	0	0	0	0	97120	0	0	0	0	0	0	0	0	0	0	0	0	369043	0	0	0	0	0	0	0	0	0	0	0	0	0	0	0	0	0	0	0	0	0	0	0	0	0	0	0
8191	±‰“Ï¥©…Ωº◊	0	0	0	0	0	0	0	0	0	0	0	0	0	0	0	0	147602	0	0	0	0	0	0	0	0	0	0	0	0	0	0	0	0	0	167447	0	0	0	0	0	0	0	0	0	0	0	0	0	0	0	0	0	0	97120	0	0	0	0	0	0	0	0	0	0	0	0	369043	0	0	0	0	0	0	0	0	0	0	0	0	0	0	0	0	0	0	0	0	0	0	0	0	0	0	0
8192	±‰“Ï¥©…Ωº◊	0	0	0	0	0	0	0	0	0	0	0	0	0	0	0	0	147602	0	0	0	0	0	0	0	0	0	0	0	0	0	0	0	0	0	167447	0	0	0	0	0	0	0	0	0	0	0	0	0	0	0	0	0	0	97120	0	0	0	0	0	0	0	0	0	0	0	0	369043	0	0	0	0	0	0	0	0	0	0	0	0	0	0	0	0	0	0	0	0	0	0	0	0	0	0	0
8193	±‰“Ï¥©…Ωº◊	0	0	0	0	0	0	0	0	0	0	0	0	0	0	0	0	147602	0	0	0	0	0	0	0	0	0	0	0	0	0	0	0	0	0	167447	0	0	0	0	0	0	0	0	0	0	0	0	0	0	0	0	0	0	97120	0	0	0	0	0	0	0	0	0	0	0	0	369043	0	0	0	0	0	0	0	0	0	0	0	0	0	0	0	0	0	0	0	0	0	0	0	0	0	0	0
8194	±‰“Ï¥©…Ωº◊	0	0	0	0	0	0	0	0	0	0	0	0	0	0	0	0	147602	0	0	0	0	0	0	0	0	0	0	0	0	0	0	0	0	0	167447	0	0	0	0	0	0	0	0	0	0	0	0	0	0	0	0	0	0	97120	0	0	0	0	0	0	0	0	0	0	0	0	369043	0	0	0	0	0	0	0	0	0	0	0	0	0	0	0	0	0	0	0	0	0	0	0	0	0	0	0
8195	±‰“Ï¥©…Ωº◊	0	0	0	0	0	0	0	0	0	0	0	0	0	0	0	0	147602	0	0	0	0	0	0	0	0	0	0	0	0	0	0	0	0	0	167447	0	0	0	0	0	0	0	0	0	0	0	0	0	0	0	0	0	0	97120	0	0	0	0	0	0	0	0	0	0	0	0	369043	0	0	0	0	0	0	0	0	0	0	0	0	0	0	0	0	0	0	0	0	0	0	0	0	0	0	0
8196	±‰“Ï¥©…Ωº◊	0	0	0	0	0	0	0	0	0	0	0	0	0	0	0	0	147602	0	0	0	0	0	0	0	0	0	0	0	0	0	0	0	0	0	167447	0	0	0	0	0	0	0	0	0	0	0	0	0	0	0	0	0	0	97120	0	0	0	0	0	0	0	0	0	0	0	0	369043	0	0	0	0	0	0	0	0	0	0	0	0	0	0	0	0	0	0	0	0	0	0	0	0	0	0	0
8197	±‰“Ï¥©…Ωº◊	0	0	0	0	0	0	0	0	0	0	0	0	0	0	0	0	147602	0	0	0	0	0	0	0	0	0	0	0	0	0	0	0	0	0	167447	0	0	0	0	0	0	0	0	0	0	0	0	0	0	0	0	0	0	97120	0	0	0	0	0	0	0	0	0	0	0	0	369043	0	0	0	0	0	0	0	0	0	0	0	0	0	0	0	0	0	0	0	0	0	0	0	0	0	0	0
8198	±‰“Ï¥©…Ωº◊	0	0	0	0	0	0	0	0	0	0	0	0	0	0	0	0	147602	0	0	0	0	0	0	0	0	0	0	0	0	0	0	0	0	0	167447	0	0	0	0	0	0	0	0	0	0	0	0	0	0	0	0	0	0	97120	0	0	0	0	0	0	0	0	0	0	0	0	369043	0	0	0	0	0	0	0	0	0	0	0	0	0	0	0	0	0	0	0	0	0	0	0	0	0	0	0
8199	¥©…Ωº◊±¶±¶	0	0	0	0	0	0	0	0	0	0	0	0	0	0	0	0	147602	0	0	0	0	0	0	0	0	0	0	0	0	0	0	0	0	0	167447	0	0	0	0	0	0	0	0	0	0	0	0	0	0	0	0	0	0	97120	0	0	0	0	0	0	0	0	0	0	0	0	369043	0	0	0	0	0	0	0	0	0	0	0	0	0	0	0	0	0	0	0	0	0	0	0	0	0	0	0
8200	≥…ƒÍ¥Ûº◊≥Ê	0	0	0	0	0	0	0	0	0	0	0	0	0	0	0	0	0	0	0	0	0	0	0	0	0	0	0	0	0	0	0	0	0	0	0	0	68850	0	0	0	0	0	0	0	0	0	0	0	0	0	0	0	0	0	369043	0	0	0	55912	0	0	0	0	0	0	0	0	0	0	0	20852	0	0	0	0	0	0	0	0	0	0	0	0	0	0	0	0	0	0	0	0	0	0	0
8201	±‰“Ï¥Ûº◊≥Ê	0	0	0	0	0	0	0	0	0	0	0	0	0	0	0	0	0	0	0	0	0	0	0	0	0	0	0	0	0	0	0	0	0	0	0	0	68850	0	0	0	0	0	0	0	0	0	0	0	0	0	0	0	0	0	369043	0	0	0	55912	0	0	0	0	0	0	0	0	0	0	0	20852	0	0	0	0	0	0	0	0	0	0	0	0	0	0	0	0	0	0	0	0	0	0	0
8202	±‰“Ï¥Ûº◊≥Ê	0	0	0	0	0	0	0	0	0	0	0	0	0	0	0	0	0	0	0	0	0	0	0	0	0	0	0	0	0	0	0	0	0	0	0	0	68850	0	0	0	0	0	0	0	0	0	0	0	0	0	0	0	0	0	369043	0	0	0	55912	0	0	0	0	0	0	0	0	0	0	0	20852	0	0	0	0	0	0	0	0	0	0	0	0	0	0	0	0	0	0	0	0	0	0	0
8209	¥Ûº◊≥Ê±¶±¶	0	0	0	0	0	0	0	0	0	0	0	0	0	0	0	0	0	0	0	0	0	0	0	0	0	0	0	0	0	0	0	0	0	0	0	0	68850	0	0	0	0	0	0	0	0	0	0	0	0	0	0	0	0	0	369043	0	0	0	55912	0	0	0	0	0	0	0	0	0	0	0	20852	0	0	0	0	0	0	0	0	0	0	0	0	0	0	0	0	0	0	0	0	0	0	0
8210	≥…ƒÍ¥Ûº◊≥Ê	0	0	0	0	0	0	0	0	0	0	0	0	0	0	0	0	0	0	0	0	0	0	0	0	0	0	0	0	0	0	0	0	0	0	0	0	82549	0	0	0	0	0	0	0	0	0	0	0	0	0	0	0	0	0	369043	0	0	0	68850	0	0	0	0	0	0	0	0	0	0	0	31981	0	0	0	0	0	0	0	0	0	0	0	0	0	0	0	0	0	0	0	0	0	0	0
8211	±‰“Ï¥Ûº◊≥Ê	0	0	0	0	0	0	0	0	0	0	0	0	0	0	0	0	0	0	0	0	0	0	0	0	0	0	0	0	0	0	0	0	0	0	0	0	82549	0	0	0	0	0	0	0	0	0	0	0	0	0	0	0	0	0	369043	0	0	0	68850	0	0	0	0	0	0	0	0	0	0	0	31981	0	0	0	0	0	0	0	0	0	0	0	0	0	0	0	0	0	0	0	0	0	0	0
8212	±‰“Ï¥Ûº◊≥Ê	0	0	0	0	0	0	0	0	0	0	0	0	0	0	0	0	0	0	0	0	0	0	0	0	0	0	0	0	0	0	0	0	0	0	0	0	82549	0	0	0	0	0	0	0	0	0	0	0	0	0	0	0	0	0	369043	0	0	0	68850	0	0	0	0	0	0	0	0	0	0	0	31981	0	0	0	0	0	0	0	0	0	0	0	0	0	0	0	0	0	0	0	0	0	0	0
8213	±‰“Ï¥Ûº◊≥Ê	0	0	0	0	0	0	0	0	0	0	0	0	0	0	0	0	0	0	0	0	0	0	0	0	0	0	0	0	0	0	0	0	0	0	0	0	82549	0	0	0	0	0	0	0	0	0	0	0	0	0	0	0	0	0	369043	0	0	0	68850	0	0	0	0	0	0	0	0	0	0	0	31981	0	0	0	0	0	0	0	0	0	0	0	0	0	0	0	0	0	0	0	0	0	0	0
8219	¥Ûº◊≥Ê±¶±¶	0	0	0	0	0	0	0	0	0	0	0	0	0	0	0	0	0	0	0	0	0	0	0	0	0	0	0	0	0	0	0	0	0	0	0	0	82549	0	0	0	0	0	0	0	0	0	0	0	0	0	0	0	0	0	369043	0	0	0	68850	0	0	0	0	0	0	0	0	0	0	0	31981	0	0	0	0	0	0	0	0	0	0	0	0	0	0	0	0	0	0	0	0	0	0	0
8220	≥…ƒÍ¥Ûº◊≥Ê	0	0	0	0	0	0	0	0	0	0	0	0	0	0	0	0	0	0	0	0	0	0	0	0	0	0	0	0	0	0	0	0	0	0	0	0	97120	0	0	0	0	0	0	0	0	0	0	0	0	0	0	0	0	0	369043	0	0	0	82549	0	0	0	0	0	0	0	0	0	0	0	43648	0	0	0	0	0	0	0	0	0	0	0	0	0	0	0	0	0	0	0	0	0	0	0
8221	±‰“Ï¥Ûº◊≥Ê	0	0	0	0	0	0	0	0	0	0	0	0	0	0	0	0	0	0	0	0	0	0	0	0	0	0	0	0	0	0	0	0	0	0	0	0	97120	0	0	0	0	0	0	0	0	0	0	0	0	0	0	0	0	0	369043	0	0	0	82549	0	0	0	0	0	0	0	0	0	0	0	43648	0	0	0	0	0	0	0	0	0	0	0	0	0	0	0	0	0	0	0	0	0	0	0
8222	±‰“Ï¥Ûº◊≥Ê	0	0	0	0	0	0	0	0	0	0	0	0	0	0	0	0	0	0	0	0	0	0	0	0	0	0	0	0	0	0	0	0	0	0	0	0	97120	0	0	0	0	0	0	0	0	0	0	0	0	0	0	0	0	0	369043	0	0	0	82549	0	0	0	0	0	0	0	0	0	0	0	43648	0	0	0	0	0	0	0	0	0	0	0	0	0	0	0	0	0	0	0	0	0	0	0
8223	±‰“Ï¥Ûº◊≥Ê	0	0	0	0	0	0	0	0	0	0	0	0	0	0	0	0	0	0	0	0	0	0	0	0	0	0	0	0	0	0	0	0	0	0	0	0	97120	0	0	0	0	0	0	0	0	0	0	0	0	0	0	0	0	0	369043	0	0	0	82549	0	0	0	0	0	0	0	0	0	0	0	43648	0	0	0	0	0	0	0	0	0	0	0	0	0	0	0	0	0	0	0	0	0	0	0
8224	±‰“Ï¥Ûº◊≥Ê	0	0	0	0	0	0	0	0	0	0	0	0	0	0	0	0	0	0	0	0	0	0	0	0	0	0	0	0	0	0	0	0	0	0	0	0	97120	0	0	0	0	0	0	0	0	0	0	0	0	0	0	0	0	0	369043	0	0	0	82549	0	0	0	0	0	0	0	0	0	0	0	43648	0	0	0	0	0	0	0	0	0	0	0	0	0	0	0	0	0	0	0	0	0	0	0
8229	¥Ûº◊≥Ê±¶±¶	0	0	0	0	0	0	0	0	0	0	0	0	0	0	0	0	0	0	0	0	0	0	0	0	0	0	0	0	0	0	0	0	0	0	0	0	97120	0	0	0	0	0	0	0	0	0	0	0	0	0	0	0	0	0	369043	0	0	0	82549	0	0	0	0	0	0	0	0	0	0	0	43648	0	0	0	0	0	0	0	0	0	0	0	0	0	0	0	0	0	0	0	0	0	0	0
8230	≥…ƒÍ¥Ûº◊≥Ê	0	0	0	0	0	0	0	0	0	0	0	0	0	0	0	0	0	0	0	0	0	0	0	0	0	0	0	0	0	0	0	0	0	0	0	0	112696	0	0	0	0	0	0	0	0	0	0	0	0	0	0	0	0	0	369043	0	0	0	97120	0	0	0	0	0	0	0	0	0	0	0	55912	0	0	0	0	0	0	0	0	0	0	0	0	0	0	0	0	0	0	0	0	0	0	0
8231	±‰“Ï¥Ûº◊≥Ê	0	0	0	0	0	0	0	0	0	0	0	0	0	0	0	0	0	0	0	0	0	0	0	0	0	0	0	0	0	0	0	0	0	0	0	0	112696	0	0	0	0	0	0	0	0	0	0	0	0	0	0	0	0	0	369043	0	0	0	97120	0	0	0	0	0	0	0	0	0	0	0	55912	0	0	0	0	0	0	0	0	0	0	0	0	0	0	0	0	0	0	0	0	0	0	0
8232	±‰“Ï¥Ûº◊≥Ê	0	0	0	0	0	0	0	0	0	0	0	0	0	0	0	0	0	0	0	0	0	0	0	0	0	0	0	0	0	0	0	0	0	0	0	0	112696	0	0	0	0	0	0	0	0	0	0	0	0	0	0	0	0	0	369043	0	0	0	97120	0	0	0	0	0	0	0	0	0	0	0	55912	0	0	0	0	0	0	0	0	0	0	0	0	0	0	0	0	0	0	0	0	0	0	0
8233	±‰“Ï¥Ûº◊≥Ê	0	0	0	0	0	0	0	0	0	0	0	0	0	0	0	0	0	0	0	0	0	0	0	0	0	0	0	0	0	0	0	0	0	0	0	0	112696	0	0	0	0	0	0	0	0	0	0	0	0	0	0	0	0	0	369043	0	0	0	97120	0	0	0	0	0	0	0	0	0	0	0	55912	0	0	0	0	0	0	0	0	0	0	0	0	0	0	0	0	0	0	0	0	0	0	0
8234	±‰“Ï¥Ûº◊≥Ê	0	0	0	0	0	0	0	0	0	0	0	0	0	0	0	0	0	0	0	0	0	0	0	0	0	0	0	0	0	0	0	0	0	0	0	0	112696	0	0	0	0	0	0	0	0	0	0	0	0	0	0	0	0	0	369043	0	0	0	97120	0	0	0	0	0	0	0	0	0	0	0	55912	0	0	0	0	0	0	0	0	0	0	0	0	0	0	0	0	0	0	0	0	0	0	0
8235	±‰“Ï¥Ûº◊≥Ê	0	0	0	0	0	0	0	0	0	0	0	0	0	0	0	0	0	0	0	0	0	0	0	0	0	0	0	0	0	0	0	0	0	0	0	0	112696	0	0	0	0	0	0	0	0	0	0	0	0	0	0	0	0	0	369043	0	0	0	97120	0	0	0	0	0	0	0	0	0	0	0	55912	0	0	0	0	0	0	0	0	0	0	0	0	0	0	0	0	0	0	0	0	0	0	0
8239	¥Ûº◊≥Ê±¶±¶	0	0	0	0	0	0	0	0	0	0	0	0	0	0	0	0	0	0	0	0	0	0	0	0	0	0	0	0	0	0	0	0	0	0	0	0	112696	0	0	0	0	0	0	0	0	0	0	0	0	0	0	0	0	0	369043	0	0	0	97120	0	0	0	0	0	0	0	0	0	0	0	55912	0	0	0	0	0	0	0	0	0	0	0	0	0	0	0	0	0	0	0	0	0	0	0
8240	≥…ƒÍ¥Ûº◊≥Ê	0	0	0	0	0	0	0	0	0	0	0	0	0	0	0	0	0	0	0	0	0	0	0	0	0	0	0	0	0	0	0	0	0	0	0	0	129449	0	0	0	0	0	0	0	0	0	0	0	0	0	0	0	0	0	369043	0	0	0	112696	0	0	0	0	0	0	0	0	0	0	0	68850	0	0	0	0	0	0	0	0	0	0	0	0	0	0	0	0	0	0	0	0	0	0	0
8241	±‰“Ï¥Ûº◊≥Ê	0	0	0	0	0	0	0	0	0	0	0	0	0	0	0	0	0	0	0	0	0	0	0	0	0	0	0	0	0	0	0	0	0	0	0	0	129449	0	0	0	0	0	0	0	0	0	0	0	0	0	0	0	0	0	369043	0	0	0	112696	0	0	0	0	0	0	0	0	0	0	0	68850	0	0	0	0	0	0	0	0	0	0	0	0	0	0	0	0	0	0	0	0	0	0	0
8242	±‰“Ï¥Ûº◊≥Ê	0	0	0	0	0	0	0	0	0	0	0	0	0	0	0	0	0	0	0	0	0	0	0	0	0	0	0	0	0	0	0	0	0	0	0	0	129449	0	0	0	0	0	0	0	0	0	0	0	0	0	0	0	0	0	369043	0	0	0	112696	0	0	0	0	0	0	0	0	0	0	0	68850	0	0	0	0	0	0	0	0	0	0	0	0	0	0	0	0	0	0	0	0	0	0	0
8243	±‰“Ï¥Ûº◊≥Ê	0	0	0	0	0	0	0	0	0	0	0	0	0	0	0	0	0	0	0	0	0	0	0	0	0	0	0	0	0	0	0	0	0	0	0	0	129449	0	0	0	0	0	0	0	0	0	0	0	0	0	0	0	0	0	369043	0	0	0	112696	0	0	0	0	0	0	0	0	0	0	0	68850	0	0	0	0	0	0	0	0	0	0	0	0	0	0	0	0	0	0	0	0	0	0	0
8244	±‰“Ï¥Ûº◊≥Ê	0	0	0	0	0	0	0	0	0	0	0	0	0	0	0	0	0	0	0	0	0	0	0	0	0	0	0	0	0	0	0	0	0	0	0	0	129449	0	0	0	0	0	0	0	0	0	0	0	0	0	0	0	0	0	369043	0	0	0	112696	0	0	0	0	0	0	0	0	0	0	0	68850	0	0	0	0	0	0	0	0	0	0	0	0	0	0	0	0	0	0	0	0	0	0	0
8245	±‰“Ï¥Ûº◊≥Ê	0	0	0	0	0	0	0	0	0	0	0	0	0	0	0	0	0	0	0	0	0	0	0	0	0	0	0	0	0	0	0	0	0	0	0	0	129449	0	0	0	0	0	0	0	0	0	0	0	0	0	0	0	0	0	369043	0	0	0	112696	0	0	0	0	0	0	0	0	0	0	0	68850	0	0	0	0	0	0	0	0	0	0	0	0	0	0	0	0	0	0	0	0	0	0	0
8246	±‰“Ï¥Ûº◊≥Ê	0	0	0	0	0	0	0	0	0	0	0	0	0	0	0	0	0	0	0	0	0	0	0	0	0	0	0	0	0	0	0	0	0	0	0	0	129449	0	0	0	0	0	0	0	0	0	0	0	0	0	0	0	0	0	369043	0	0	0	112696	0	0	0	0	0	0	0	0	0	0	0	68850	0	0	0	0	0	0	0	0	0	0	0	0	0	0	0	0	0	0	0	0	0	0	0
8249	¥Ûº◊≥Ê±¶±¶	0	0	0	0	0	0	0	0	0	0	0	0	0	0	0	0	0	0	0	0	0	0	0	0	0	0	0	0	0	0	0	0	0	0	0	0	129449	0	0	0	0	0	0	0	0	0	0	0	0	0	0	0	0	0	369043	0	0	0	112696	0	0	0	0	0	0	0	0	0	0	0	68850	0	0	0	0	0	0	0	0	0	0	0	0	0	0	0	0	0	0	0	0	0	0	0
8250	≥…ƒÍ¥Ûº◊≥Ê	0	0	0	0	0	0	0	0	0	0	0	0	0	0	0	0	0	0	0	0	0	0	0	0	0	0	0	0	0	0	0	0	0	0	0	0	147602	0	0	0	0	0	0	0	0	0	0	0	0	0	0	0	0	0	369043	0	0	0	129449	0	0	0	0	0	0	0	0	0	0	0	82549	0	0	0	0	0	0	0	0	0	0	0	0	0	0	0	0	0	0	0	0	0	0	0
8251	±‰“Ï¥Ûº◊≥Ê	0	0	0	0	0	0	0	0	0	0	0	0	0	0	0	0	0	0	0	0	0	0	0	0	0	0	0	0	0	0	0	0	0	0	0	0	147602	0	0	0	0	0	0	0	0	0	0	0	0	0	0	0	0	0	369043	0	0	0	129449	0	0	0	0	0	0	0	0	0	0	0	82549	0	0	0	0	0	0	0	0	0	0	0	0	0	0	0	0	0	0	0	0	0	0	0
8252	±‰“Ï¥Ûº◊≥Ê	0	0	0	0	0	0	0	0	0	0	0	0	0	0	0	0	0	0	0	0	0	0	0	0	0	0	0	0	0	0	0	0	0	0	0	0	147602	0	0	0	0	0	0	0	0	0	0	0	0	0	0	0	0	0	369043	0	0	0	129449	0	0	0	0	0	0	0	0	0	0	0	82549	0	0	0	0	0	0	0	0	0	0	0	0	0	0	0	0	0	0	0	0	0	0	0
8253	±‰“Ï¥Ûº◊≥Ê	0	0	0	0	0	0	0	0	0	0	0	0	0	0	0	0	0	0	0	0	0	0	0	0	0	0	0	0	0	0	0	0	0	0	0	0	147602	0	0	0	0	0	0	0	0	0	0	0	0	0	0	0	0	0	369043	0	0	0	129449	0	0	0	0	0	0	0	0	0	0	0	82549	0	0	0	0	0	0	0	0	0	0	0	0	0	0	0	0	0	0	0	0	0	0	0
8254	±‰“Ï¥Ûº◊≥Ê	0	0	0	0	0	0	0	0	0	0	0	0	0	0	0	0	0	0	0	0	0	0	0	0	0	0	0	0	0	0	0	0	0	0	0	0	147602	0	0	0	0	0	0	0	0	0	0	0	0	0	0	0	0	0	369043	0	0	0	129449	0	0	0	0	0	0	0	0	0	0	0	82549	0	0	0	0	0	0	0	0	0	0	0	0	0	0	0	0	0	0	0	0	0	0	0
8255	±‰“Ï¥Ûº◊≥Ê	0	0	0	0	0	0	0	0	0	0	0	0	0	0	0	0	0	0	0	0	0	0	0	0	0	0	0	0	0	0	0	0	0	0	0	0	147602	0	0	0	0	0	0	0	0	0	0	0	0	0	0	0	0	0	369043	0	0	0	129449	0	0	0	0	0	0	0	0	0	0	0	82549	0	0	0	0	0	0	0	0	0	0	0	0	0	0	0	0	0	0	0	0	0	0	0
8256	±‰“Ï¥Ûº◊≥Ê	0	0	0	0	0	0	0	0	0	0	0	0	0	0	0	0	0	0	0	0	0	0	0	0	0	0	0	0	0	0	0	0	0	0	0	0	147602	0	0	0	0	0	0	0	0	0	0	0	0	0	0	0	0	0	369043	0	0	0	129449	0	0	0	0	0	0	0	0	0	0	0	82549	0	0	0	0	0	0	0	0	0	0	0	0	0	0	0	0	0	0	0	0	0	0	0
8257	±‰“Ï¥Ûº◊≥Ê	0	0	0	0	0	0	0	0	0	0	0	0	0	0	0	0	0	0	0	0	0	0	0	0	0	0	0	0	0	0	0	0	0	0	0	0	147602	0	0	0	0	0	0	0	0	0	0	0	0	0	0	0	0	0	369043	0	0	0	129449	0	0	0	0	0	0	0	0	0	0	0	82549	0	0	0	0	0	0	0	0	0	0	0	0	0	0	0	0	0	0	0	0	0	0	0
8259	¥Ûº◊≥Ê±¶±¶	0	0	0	0	0	0	0	0	0	0	0	0	0	0	0	0	0	0	0	0	0	0	0	0	0	0	0	0	0	0	0	0	0	0	0	0	147602	0	0	0	0	0	0	0	0	0	0	0	0	0	0	0	0	0	369043	0	0	0	129449	0	0	0	0	0	0	0	0	0	0	0	82549	0	0	0	0	0	0	0	0	0	0	0	0	0	0	0	0	0	0	0	0	0	0	0
8260	≥…ƒÍ¥Ûº◊≥Ê	0	0	0	0	0	0	0	0	0	0	0	0	0	0	0	0	0	0	0	0	0	0	0	0	0	0	0	0	0	0	0	0	0	0	0	0	167447	0	0	0	0	0	0	0	0	0	0	0	0	0	0	0	0	0	369043	0	0	0	147602	0	0	0	0	0	0	0	0	0	0	0	97120	0	0	0	0	0	0	0	0	0	0	0	0	0	0	0	0	0	0	0	0	0	0	0
8261	±‰“Ï¥Ûº◊≥Ê	0	0	0	0	0	0	0	0	0	0	0	0	0	0	0	0	0	0	0	0	0	0	0	0	0	0	0	0	0	0	0	0	0	0	0	0	167447	0	0	0	0	0	0	0	0	0	0	0	0	0	0	0	0	0	369043	0	0	0	147602	0	0	0	0	0	0	0	0	0	0	0	97120	0	0	0	0	0	0	0	0	0	0	0	0	0	0	0	0	0	0	0	0	0	0	0
8262	±‰“Ï¥Ûº◊≥Ê	0	0	0	0	0	0	0	0	0	0	0	0	0	0	0	0	0	0	0	0	0	0	0	0	0	0	0	0	0	0	0	0	0	0	0	0	167447	0	0	0	0	0	0	0	0	0	0	0	0	0	0	0	0	0	369043	0	0	0	147602	0	0	0	0	0	0	0	0	0	0	0	97120	0	0	0	0	0	0	0	0	0	0	0	0	0	0	0	0	0	0	0	0	0	0	0
8263	±‰“Ï¥Ûº◊≥Ê	0	0	0	0	0	0	0	0	0	0	0	0	0	0	0	0	0	0	0	0	0	0	0	0	0	0	0	0	0	0	0	0	0	0	0	0	167447	0	0	0	0	0	0	0	0	0	0	0	0	0	0	0	0	0	369043	0	0	0	147602	0	0	0	0	0	0	0	0	0	0	0	97120	0	0	0	0	0	0	0	0	0	0	0	0	0	0	0	0	0	0	0	0	0	0	0
8264	±‰“Ï¥Ûº◊≥Ê	0	0	0	0	0	0	0	0	0	0	0	0	0	0	0	0	0	0	0	0	0	0	0	0	0	0	0	0	0	0	0	0	0	0	0	0	167447	0	0	0	0	0	0	0	0	0	0	0	0	0	0	0	0	0	369043	0	0	0	147602	0	0	0	0	0	0	0	0	0	0	0	97120	0	0	0	0	0	0	0	0	0	0	0	0	0	0	0	0	0	0	0	0	0	0	0
8265	±‰“Ï¥Ûº◊≥Ê	0	0	0	0	0	0	0	0	0	0	0	0	0	0	0	0	0	0	0	0	0	0	0	0	0	0	0	0	0	0	0	0	0	0	0	0	167447	0	0	0	0	0	0	0	0	0	0	0	0	0	0	0	0	0	369043	0	0	0	147602	0	0	0	0	0	0	0	0	0	0	0	97120	0	0	0	0	0	0	0	0	0	0	0	0	0	0	0	0	0	0	0	0	0	0	0
8266	±‰“Ï¥Ûº◊≥Ê	0	0	0	0	0	0	0	0	0	0	0	0	0	0	0	0	0	0	0	0	0	0	0	0	0	0	0	0	0	0	0	0	0	0	0	0	167447	0	0	0	0	0	0	0	0	0	0	0	0	0	0	0	0	0	369043	0	0	0	147602	0	0	0	0	0	0	0	0	0	0	0	97120	0	0	0	0	0	0	0	0	0	0	0	0	0	0	0	0	0	0	0	0	0	0	0
8267	±‰“Ï¥Ûº◊≥Ê	0	0	0	0	0	0	0	0	0	0	0	0	0	0	0	0	0	0	0	0	0	0	0	0	0	0	0	0	0	0	0	0	0	0	0	0	167447	0	0	0	0	0	0	0	0	0	0	0	0	0	0	0	0	0	369043	0	0	0	147602	0	0	0	0	0	0	0	0	0	0	0	97120	0	0	0	0	0	0	0	0	0	0	0	0	0	0	0	0	0	0	0	0	0	0	0
8268	±‰“Ï¥Ûº◊≥Ê	0	0	0	0	0	0	0	0	0	0	0	0	0	0	0	0	0	0	0	0	0	0	0	0	0	0	0	0	0	0	0	0	0	0	0	0	167447	0	0	0	0	0	0	0	0	0	0	0	0	0	0	0	0	0	369043	0	0	0	147602	0	0	0	0	0	0	0	0	0	0	0	97120	0	0	0	0	0	0	0	0	0	0	0	0	0	0	0	0	0	0	0	0	0	0	0
8269	¥Ûº◊≥Ê±¶±¶	0	0	0	0	0	0	0	0	0	0	0	0	0	0	0	0	0	0	0	0	0	0	0	0	0	0	0	0	0	0	0	0	0	0	0	0	167447	0	0	0	0	0	0	0	0	0	0	0	0	0	0	0	0	0	369043	0	0	0	147602	0	0	0	0	0	0	0	0	0	0	0	97120	0	0	0	0	0	0	0	0	0	0	0	0	0	0	0	0	0	0	0	0	0	0	0
8270	≥…ƒÍµ±ÏË	0	0	0	0	0	0	0	0	0	0	0	0	0	0	0	0	0	0	0	0	0	0	0	0	0	0	0	0	0	0	0	0	0	0	0	0	68850	0	0	0	0	0	0	0	0	0	0	0	0	0	0	0	0	0	369043	0	0	0	55912	0	0	0	0	0	0	0	0	0	0	0	20852	0	0	0	0	0	0	0	0	0	0	0	0	0	0	0	0	0	0	0	0	0	0	0
8271	±‰“Ïµ±ÏË	0	0	0	0	0	0	0	0	0	0	0	0	0	0	0	0	0	0	0	0	0	0	0	0	0	0	0	0	0	0	0	0	0	0	0	0	68850	0	0	0	0	0	0	0	0	0	0	0	0	0	0	0	0	0	369043	0	0	0	55912	0	0	0	0	0	0	0	0	0	0	0	20852	0	0	0	0	0	0	0	0	0	0	0	0	0	0	0	0	0	0	0	0	0	0	0
8272	±‰“Ïµ±ÏË	0	0	0	0	0	0	0	0	0	0	0	0	0	0	0	0	0	0	0	0	0	0	0	0	0	0	0	0	0	0	0	0	0	0	0	0	68850	0	0	0	0	0	0	0	0	0	0	0	0	0	0	0	0	0	369043	0	0	0	55912	0	0	0	0	0	0	0	0	0	0	0	20852	0	0	0	0	0	0	0	0	0	0	0	0	0	0	0	0	0	0	0	0	0	0	0
8279	µ±ÏË±¶±¶	0	0	0	0	0	0	0	0	0	0	0	0	0	0	0	0	0	0	0	0	0	0	0	0	0	0	0	0	0	0	0	0	0	0	0	0	68850	0	0	0	0	0	0	0	0	0	0	0	0	0	0	0	0	0	369043	0	0	0	55912	0	0	0	0	0	0	0	0	0	0	0	20852	0	0	0	0	0	0	0	0	0	0	0	0	0	0	0	0	0	0	0	0	0	0	0
8280	≥…ƒÍµ±ÏË	0	0	0	0	0	0	0	0	0	0	0	0	0	0	0	0	0	0	0	0	0	0	0	0	0	0	0	0	0	0	0	0	0	0	0	0	82549	0	0	0	0	0	0	0	0	0	0	0	0	0	0	0	0	0	369043	0	0	0	68850	0	0	0	0	0	0	0	0	0	0	0	31981	0	0	0	0	0	0	0	0	0	0	0	0	0	0	0	0	0	0	0	0	0	0	0
8281	±‰“Ïµ±ÏË	0	0	0	0	0	0	0	0	0	0	0	0	0	0	0	0	0	0	0	0	0	0	0	0	0	0	0	0	0	0	0	0	0	0	0	0	82549	0	0	0	0	0	0	0	0	0	0	0	0	0	0	0	0	0	369043	0	0	0	68850	0	0	0	0	0	0	0	0	0	0	0	31981	0	0	0	0	0	0	0	0	0	0	0	0	0	0	0	0	0	0	0	0	0	0	0
8282	±‰“Ïµ±ÏË	0	0	0	0	0	0	0	0	0	0	0	0	0	0	0	0	0	0	0	0	0	0	0	0	0	0	0	0	0	0	0	0	0	0	0	0	82549	0	0	0	0	0	0	0	0	0	0	0	0	0	0	0	0	0	369043	0	0	0	68850	0	0	0	0	0	0	0	0	0	0	0	31981	0	0	0	0	0	0	0	0	0	0	0	0	0	0	0	0	0	0	0	0	0	0	0
8283	±‰“Ïµ±ÏË	0	0	0	0	0	0	0	0	0	0	0	0	0	0	0	0	0	0	0	0	0	0	0	0	0	0	0	0	0	0	0	0	0	0	0	0	82549	0	0	0	0	0	0	0	0	0	0	0	0	0	0	0	0	0	369043	0	0	0	68850	0	0	0	0	0	0	0	0	0	0	0	31981	0	0	0	0	0	0	0	0	0	0	0	0	0	0	0	0	0	0	0	0	0	0	0
8289	µ±ÏË±¶±¶	0	0	0	0	0	0	0	0	0	0	0	0	0	0	0	0	0	0	0	0	0	0	0	0	0	0	0	0	0	0	0	0	0	0	0	0	82549	0	0	0	0	0	0	0	0	0	0	0	0	0	0	0	0	0	369043	0	0	0	68850	0	0	0	0	0	0	0	0	0	0	0	31981	0	0	0	0	0	0	0	0	0	0	0	0	0	0	0	0	0	0	0	0	0	0	0
8290	≥…ƒÍµ±ÏË	0	0	0	0	0	0	0	0	0	0	0	0	0	0	0	0	0	0	0	0	0	0	0	0	0	0	0	0	0	0	0	0	0	0	0	0	97120	0	0	0	0	0	0	0	0	0	0	0	0	0	0	0	0	0	369043	0	0	0	82549	0	0	0	0	0	0	0	0	0	0	0	43648	0	0	0	0	0	0	0	0	0	0	0	0	0	0	0	0	0	0	0	0	0	0	0
8291	±‰“Ïµ±ÏË	0	0	0	0	0	0	0	0	0	0	0	0	0	0	0	0	0	0	0	0	0	0	0	0	0	0	0	0	0	0	0	0	0	0	0	0	97120	0	0	0	0	0	0	0	0	0	0	0	0	0	0	0	0	0	369043	0	0	0	82549	0	0	0	0	0	0	0	0	0	0	0	43648	0	0	0	0	0	0	0	0	0	0	0	0	0	0	0	0	0	0	0	0	0	0	0
8292	±‰“Ïµ±ÏË	0	0	0	0	0	0	0	0	0	0	0	0	0	0	0	0	0	0	0	0	0	0	0	0	0	0	0	0	0	0	0	0	0	0	0	0	97120	0	0	0	0	0	0	0	0	0	0	0	0	0	0	0	0	0	369043	0	0	0	82549	0	0	0	0	0	0	0	0	0	0	0	43648	0	0	0	0	0	0	0	0	0	0	0	0	0	0	0	0	0	0	0	0	0	0	0
8293	±‰“Ïµ±ÏË	0	0	0	0	0	0	0	0	0	0	0	0	0	0	0	0	0	0	0	0	0	0	0	0	0	0	0	0	0	0	0	0	0	0	0	0	97120	0	0	0	0	0	0	0	0	0	0	0	0	0	0	0	0	0	369043	0	0	0	82549	0	0	0	0	0	0	0	0	0	0	0	43648	0	0	0	0	0	0	0	0	0	0	0	0	0	0	0	0	0	0	0	0	0	0	0
8294	±‰“Ïµ±ÏË	0	0	0	0	0	0	0	0	0	0	0	0	0	0	0	0	0	0	0	0	0	0	0	0	0	0	0	0	0	0	0	0	0	0	0	0	97120	0	0	0	0	0	0	0	0	0	0	0	0	0	0	0	0	0	369043	0	0	0	82549	0	0	0	0	0	0	0	0	0	0	0	43648	0	0	0	0	0	0	0	0	0	0	0	0	0	0	0	0	0	0	0	0	0	0	0
8299	µ±ÏË±¶±¶	0	0	0	0	0	0	0	0	0	0	0	0	0	0	0	0	0	0	0	0	0	0	0	0	0	0	0	0	0	0	0	0	0	0	0	0	97120	0	0	0	0	0	0	0	0	0	0	0	0	0	0	0	0	0	369043	0	0	0	82549	0	0	0	0	0	0	0	0	0	0	0	43648	0	0	0	0	0	0	0	0	0	0	0	0	0	0	0	0	0	0	0	0	0	0	0
8300	≥…ƒÍµ±ÏË	0	0	0	0	0	0	0	0	0	0	0	0	0	0	0	0	0	0	0	0	0	0	0	0	0	0	0	0	0	0	0	0	0	0	0	0	112696	0	0	0	0	0	0	0	0	0	0	0	0	0	0	0	0	0	369043	0	0	0	97120	0	0	0	0	0	0	0	0	0	0	0	55912	0	0	0	0	0	0	0	0	0	0	0	0	0	0	0	0	0	0	0	0	0	0	0
8301	±‰“Ïµ±ÏË	0	0	0	0	0	0	0	0	0	0	0	0	0	0	0	0	0	0	0	0	0	0	0	0	0	0	0	0	0	0	0	0	0	0	0	0	112696	0	0	0	0	0	0	0	0	0	0	0	0	0	0	0	0	0	369043	0	0	0	97120	0	0	0	0	0	0	0	0	0	0	0	55912	0	0	0	0	0	0	0	0	0	0	0	0	0	0	0	0	0	0	0	0	0	0	0
8302	±‰“Ïµ±ÏË	0	0	0	0	0	0	0	0	0	0	0	0	0	0	0	0	0	0	0	0	0	0	0	0	0	0	0	0	0	0	0	0	0	0	0	0	112696	0	0	0	0	0	0	0	0	0	0	0	0	0	0	0	0	0	369043	0	0	0	97120	0	0	0	0	0	0	0	0	0	0	0	55912	0	0	0	0	0	0	0	0	0	0	0	0	0	0	0	0	0	0	0	0	0	0	0
8303	±‰“Ïµ±ÏË	0	0	0	0	0	0	0	0	0	0	0	0	0	0	0	0	0	0	0	0	0	0	0	0	0	0	0	0	0	0	0	0	0	0	0	0	112696	0	0	0	0	0	0	0	0	0	0	0	0	0	0	0	0	0	369043	0	0	0	97120	0	0	0	0	0	0	0	0	0	0	0	55912	0	0	0	0	0	0	0	0	0	0	0	0	0	0	0	0	0	0	0	0	0	0	0
8304	±‰“Ïµ±ÏË	0	0	0	0	0	0	0	0	0	0	0	0	0	0	0	0	0	0	0	0	0	0	0	0	0	0	0	0	0	0	0	0	0	0	0	0	112696	0	0	0	0	0	0	0	0	0	0	0	0	0	0	0	0	0	369043	0	0	0	97120	0	0	0	0	0	0	0	0	0	0	0	55912	0	0	0	0	0	0	0	0	0	0	0	0	0	0	0	0	0	0	0	0	0	0	0
8305	±‰“Ïµ±ÏË	0	0	0	0	0	0	0	0	0	0	0	0	0	0	0	0	0	0	0	0	0	0	0	0	0	0	0	0	0	0	0	0	0	0	0	0	112696	0	0	0	0	0	0	0	0	0	0	0	0	0	0	0	0	0	369043	0	0	0	97120	0	0	0	0	0	0	0	0	0	0	0	55912	0	0	0	0	0	0	0	0	0	0	0	0	0	0	0	0	0	0	0	0	0	0	0
8309	µ±ÏË±¶±¶	0	0	0	0	0	0	0	0	0	0	0	0	0	0	0	0	0	0	0	0	0	0	0	0	0	0	0	0	0	0	0	0	0	0	0	0	112696	0	0	0	0	0	0	0	0	0	0	0	0	0	0	0	0	0	369043	0	0	0	97120	0	0	0	0	0	0	0	0	0	0	0	55912	0	0	0	0	0	0	0	0	0	0	0	0	0	0	0	0	0	0	0	0	0	0	0
8310	≥…ƒÍµ±ÏË	0	0	0	0	0	0	0	0	0	0	0	0	0	0	0	0	0	0	0	0	0	0	0	0	0	0	0	0	0	0	0	0	0	0	0	0	129449	0	0	0	0	0	0	0	0	0	0	0	0	0	0	0	0	0	369043	0	0	0	112696	0	0	0	0	0	0	0	0	0	0	0	68850	0	0	0	0	0	0	0	0	0	0	0	0	0	0	0	0	0	0	0	0	0	0	0
8311	±‰“Ïµ±ÏË	0	0	0	0	0	0	0	0	0	0	0	0	0	0	0	0	0	0	0	0	0	0	0	0	0	0	0	0	0	0	0	0	0	0	0	0	129449	0	0	0	0	0	0	0	0	0	0	0	0	0	0	0	0	0	369043	0	0	0	112696	0	0	0	0	0	0	0	0	0	0	0	68850	0	0	0	0	0	0	0	0	0	0	0	0	0	0	0	0	0	0	0	0	0	0	0
8312	±‰“Ïµ±ÏË	0	0	0	0	0	0	0	0	0	0	0	0	0	0	0	0	0	0	0	0	0	0	0	0	0	0	0	0	0	0	0	0	0	0	0	0	129449	0	0	0	0	0	0	0	0	0	0	0	0	0	0	0	0	0	369043	0	0	0	112696	0	0	0	0	0	0	0	0	0	0	0	68850	0	0	0	0	0	0	0	0	0	0	0	0	0	0	0	0	0	0	0	0	0	0	0
8313	±‰“Ïµ±ÏË	0	0	0	0	0	0	0	0	0	0	0	0	0	0	0	0	0	0	0	0	0	0	0	0	0	0	0	0	0	0	0	0	0	0	0	0	129449	0	0	0	0	0	0	0	0	0	0	0	0	0	0	0	0	0	369043	0	0	0	112696	0	0	0	0	0	0	0	0	0	0	0	68850	0	0	0	0	0	0	0	0	0	0	0	0	0	0	0	0	0	0	0	0	0	0	0
8314	±‰“Ïµ±ÏË	0	0	0	0	0	0	0	0	0	0	0	0	0	0	0	0	0	0	0	0	0	0	0	0	0	0	0	0	0	0	0	0	0	0	0	0	129449	0	0	0	0	0	0	0	0	0	0	0	0	0	0	0	0	0	369043	0	0	0	112696	0	0	0	0	0	0	0	0	0	0	0	68850	0	0	0	0	0	0	0	0	0	0	0	0	0	0	0	0	0	0	0	0	0	0	0
8315	±‰“Ïµ±ÏË	0	0	0	0	0	0	0	0	0	0	0	0	0	0	0	0	0	0	0	0	0	0	0	0	0	0	0	0	0	0	0	0	0	0	0	0	129449	0	0	0	0	0	0	0	0	0	0	0	0	0	0	0	0	0	369043	0	0	0	112696	0	0	0	0	0	0	0	0	0	0	0	68850	0	0	0	0	0	0	0	0	0	0	0	0	0	0	0	0	0	0	0	0	0	0	0
8316	±‰“Ïµ±ÏË	0	0	0	0	0	0	0	0	0	0	0	0	0	0	0	0	0	0	0	0	0	0	0	0	0	0	0	0	0	0	0	0	0	0	0	0	129449	0	0	0	0	0	0	0	0	0	0	0	0	0	0	0	0	0	369043	0	0	0	112696	0	0	0	0	0	0	0	0	0	0	0	68850	0	0	0	0	0	0	0	0	0	0	0	0	0	0	0	0	0	0	0	0	0	0	0
8319	µ±ÏË±¶±¶	0	0	0	0	0	0	0	0	0	0	0	0	0	0	0	0	0	0	0	0	0	0	0	0	0	0	0	0	0	0	0	0	0	0	0	0	129449	0	0	0	0	0	0	0	0	0	0	0	0	0	0	0	0	0	369043	0	0	0	112696	0	0	0	0	0	0	0	0	0	0	0	68850	0	0	0	0	0	0	0	0	0	0	0	0	0	0	0	0	0	0	0	0	0	0	0
8320	≥…ƒÍµ±ÏË	0	0	0	0	0	0	0	0	0	0	0	0	0	0	0	0	0	0	0	0	0	0	0	0	0	0	0	0	0	0	0	0	0	0	0	0	147602	0	0	0	0	0	0	0	0	0	0	0	0	0	0	0	0	0	369043	0	0	0	129449	0	0	0	0	0	0	0	0	0	0	0	82549	0	0	0	0	0	0	0	0	0	0	0	0	0	0	0	0	0	0	0	0	0	0	0
8321	±‰“Ïµ±ÏË	0	0	0	0	0	0	0	0	0	0	0	0	0	0	0	0	0	0	0	0	0	0	0	0	0	0	0	0	0	0	0	0	0	0	0	0	147602	0	0	0	0	0	0	0	0	0	0	0	0	0	0	0	0	0	369043	0	0	0	129449	0	0	0	0	0	0	0	0	0	0	0	82549	0	0	0	0	0	0	0	0	0	0	0	0	0	0	0	0	0	0	0	0	0	0	0
8322	±‰“Ïµ±ÏË	0	0	0	0	0	0	0	0	0	0	0	0	0	0	0	0	0	0	0	0	0	0	0	0	0	0	0	0	0	0	0	0	0	0	0	0	147602	0	0	0	0	0	0	0	0	0	0	0	0	0	0	0	0	0	369043	0	0	0	129449	0	0	0	0	0	0	0	0	0	0	0	82549	0	0	0	0	0	0	0	0	0	0	0	0	0	0	0	0	0	0	0	0	0	0	0
8323	±‰“Ïµ±ÏË	0	0	0	0	0	0	0	0	0	0	0	0	0	0	0	0	0	0	0	0	0	0	0	0	0	0	0	0	0	0	0	0	0	0	0	0	147602	0	0	0	0	0	0	0	0	0	0	0	0	0	0	0	0	0	369043	0	0	0	129449	0	0	0	0	0	0	0	0	0	0	0	82549	0	0	0	0	0	0	0	0	0	0	0	0	0	0	0	0	0	0	0	0	0	0	0
8324	±‰“Ïµ±ÏË	0	0	0	0	0	0	0	0	0	0	0	0	0	0	0	0	0	0	0	0	0	0	0	0	0	0	0	0	0	0	0	0	0	0	0	0	147602	0	0	0	0	0	0	0	0	0	0	0	0	0	0	0	0	0	369043	0	0	0	129449	0	0	0	0	0	0	0	0	0	0	0	82549	0	0	0	0	0	0	0	0	0	0	0	0	0	0	0	0	0	0	0	0	0	0	0
8325	±‰“Ïµ±ÏË	0	0	0	0	0	0	0	0	0	0	0	0	0	0	0	0	0	0	0	0	0	0	0	0	0	0	0	0	0	0	0	0	0	0	0	0	147602	0	0	0	0	0	0	0	0	0	0	0	0	0	0	0	0	0	369043	0	0	0	129449	0	0	0	0	0	0	0	0	0	0	0	82549	0	0	0	0	0	0	0	0	0	0	0	0	0	0	0	0	0	0	0	0	0	0	0
8326	±‰“Ïµ±ÏË	0	0	0	0	0	0	0	0	0	0	0	0	0	0	0	0	0	0	0	0	0	0	0	0	0	0	0	0	0	0	0	0	0	0	0	0	147602	0	0	0	0	0	0	0	0	0	0	0	0	0	0	0	0	0	369043	0	0	0	129449	0	0	0	0	0	0	0	0	0	0	0	82549	0	0	0	0	0	0	0	0	0	0	0	0	0	0	0	0	0	0	0	0	0	0	0
8327	±‰“Ïµ±ÏË	0	0	0	0	0	0	0	0	0	0	0	0	0	0	0	0	0	0	0	0	0	0	0	0	0	0	0	0	0	0	0	0	0	0	0	0	147602	0	0	0	0	0	0	0	0	0	0	0	0	0	0	0	0	0	369043	0	0	0	129449	0	0	0	0	0	0	0	0	0	0	0	82549	0	0	0	0	0	0	0	0	0	0	0	0	0	0	0	0	0	0	0	0	0	0	0
8329	µ±ÏË±¶±¶	0	0	0	0	0	0	0	0	0	0	0	0	0	0	0	0	0	0	0	0	0	0	0	0	0	0	0	0	0	0	0	0	0	0	0	0	147602	0	0	0	0	0	0	0	0	0	0	0	0	0	0	0	0	0	369043	0	0	0	129449	0	0	0	0	0	0	0	0	0	0	0	82549	0	0	0	0	0	0	0	0	0	0	0	0	0	0	0	0	0	0	0	0	0	0	0
8330	≥…ƒÍµ±ÏË	0	0	0	0	0	0	0	0	0	0	0	0	0	0	0	0	0	0	0	0	0	0	0	0	0	0	0	0	0	0	0	0	0	0	0	0	167447	0	0	0	0	0	0	0	0	0	0	0	0	0	0	0	0	0	369043	0	0	0	147602	0	0	0	0	0	0	0	0	0	0	0	97120	0	0	0	0	0	0	0	0	0	0	0	0	0	0	0	0	0	0	0	0	0	0	0
8331	±‰“Ïµ±ÏË	0	0	0	0	0	0	0	0	0	0	0	0	0	0	0	0	0	0	0	0	0	0	0	0	0	0	0	0	0	0	0	0	0	0	0	0	167447	0	0	0	0	0	0	0	0	0	0	0	0	0	0	0	0	0	369043	0	0	0	147602	0	0	0	0	0	0	0	0	0	0	0	97120	0	0	0	0	0	0	0	0	0	0	0	0	0	0	0	0	0	0	0	0	0	0	0
8332	±‰“Ïµ±ÏË	0	0	0	0	0	0	0	0	0	0	0	0	0	0	0	0	0	0	0	0	0	0	0	0	0	0	0	0	0	0	0	0	0	0	0	0	167447	0	0	0	0	0	0	0	0	0	0	0	0	0	0	0	0	0	369043	0	0	0	147602	0	0	0	0	0	0	0	0	0	0	0	97120	0	0	0	0	0	0	0	0	0	0	0	0	0	0	0	0	0	0	0	0	0	0	0
8333	±‰“Ïµ±ÏË	0	0	0	0	0	0	0	0	0	0	0	0	0	0	0	0	0	0	0	0	0	0	0	0	0	0	0	0	0	0	0	0	0	0	0	0	167447	0	0	0	0	0	0	0	0	0	0	0	0	0	0	0	0	0	369043	0	0	0	147602	0	0	0	0	0	0	0	0	0	0	0	97120	0	0	0	0	0	0	0	0	0	0	0	0	0	0	0	0	0	0	0	0	0	0	0
8334	±‰“Ïµ±ÏË	0	0	0	0	0	0	0	0	0	0	0	0	0	0	0	0	0	0	0	0	0	0	0	0	0	0	0	0	0	0	0	0	0	0	0	0	167447	0	0	0	0	0	0	0	0	0	0	0	0	0	0	0	0	0	369043	0	0	0	147602	0	0	0	0	0	0	0	0	0	0	0	97120	0	0	0	0	0	0	0	0	0	0	0	0	0	0	0	0	0	0	0	0	0	0	0
8335	±‰“Ïµ±ÏË	0	0	0	0	0	0	0	0	0	0	0	0	0	0	0	0	0	0	0	0	0	0	0	0	0	0	0	0	0	0	0	0	0	0	0	0	167447	0	0	0	0	0	0	0	0	0	0	0	0	0	0	0	0	0	369043	0	0	0	147602	0	0	0	0	0	0	0	0	0	0	0	97120	0	0	0	0	0	0	0	0	0	0	0	0	0	0	0	0	0	0	0	0	0	0	0
8336	±‰“Ïµ±ÏË	0	0	0	0	0	0	0	0	0	0	0	0	0	0	0	0	0	0	0	0	0	0	0	0	0	0	0	0	0	0	0	0	0	0	0	0	167447	0	0	0	0	0	0	0	0	0	0	0	0	0	0	0	0	0	369043	0	0	0	147602	0	0	0	0	0	0	0	0	0	0	0	97120	0	0	0	0	0	0	0	0	0	0	0	0	0	0	0	0	0	0	0	0	0	0	0
8337	±‰“Ïµ±ÏË	0	0	0	0	0	0	0	0	0	0	0	0	0	0	0	0	0	0	0	0	0	0	0	0	0	0	0	0	0	0	0	0	0	0	0	0	167447	0	0	0	0	0	0	0	0	0	0	0	0	0	0	0	0	0	369043	0	0	0	147602	0	0	0	0	0	0	0	0	0	0	0	97120	0	0	0	0	0	0	0	0	0	0	0	0	0	0	0	0	0	0	0	0	0	0	0
8338	±‰“Ïµ±ÏË	0	0	0	0	0	0	0	0	0	0	0	0	0	0	0	0	0	0	0	0	0	0	0	0	0	0	0	0	0	0	0	0	0	0	0	0	167447	0	0	0	0	0	0	0	0	0	0	0	0	0	0	0	0	0	369043	0	0	0	147602	0	0	0	0	0	0	0	0	0	0	0	97120	0	0	0	0	0	0	0	0	0	0	0	0	0	0	0	0	0	0	0	0	0	0	0
8339	µ±ÏË±¶±¶	0	0	0	0	0	0	0	0	0	0	0	0	0	0	0	0	0	0	0	0	0	0	0	0	0	0	0	0	0	0	0	0	0	0	0	0	167447	0	0	0	0	0	0	0	0	0	0	0	0	0	0	0	0	0	369043	0	0	0	147602	0	0	0	0	0	0	0	0	0	0	0	97120	0	0	0	0	0	0	0	0	0	0	0	0	0	0	0	0	0	0	0	0	0	0	0
8340	≥…ƒÍ∫£µ¡ Û	0	0	0	0	0	0	0	0	0	0	0	0	0	0	0	0	0	0	0	0	0	0	0	0	0	0	0	0	0	0	0	0	0	0	0	0	0	0	0	0	0	0	0	0	0	0	68850	0	0	0	0	0	0	0	55912	0	0	0	0	0	0	0	0	0	20852	0	0	0	0	0	0	0	0	0	369043	0	0	0	0	0	0	0	0	0	0	0	0	0	0	0	0	0	0	0
8341	±‰“Ï∫£µ¡ Û	0	0	0	0	0	0	0	0	0	0	0	0	0	0	0	0	0	0	0	0	0	0	0	0	0	0	0	0	0	0	0	0	0	0	0	0	0	0	0	0	0	0	0	0	0	0	68850	0	0	0	0	0	0	0	55912	0	0	0	0	0	0	0	0	0	20852	0	0	0	0	0	0	0	0	0	369043	0	0	0	0	0	0	0	0	0	0	0	0	0	0	0	0	0	0	0
8342	±‰“Ï∫£µ¡ Û	0	0	0	0	0	0	0	0	0	0	0	0	0	0	0	0	0	0	0	0	0	0	0	0	0	0	0	0	0	0	0	0	0	0	0	0	0	0	0	0	0	0	0	0	0	0	68850	0	0	0	0	0	0	0	55912	0	0	0	0	0	0	0	0	0	20852	0	0	0	0	0	0	0	0	0	369043	0	0	0	0	0	0	0	0	0	0	0	0	0	0	0	0	0	0	0
8349	∫£µ¡ Û±¶±¶	0	0	0	0	0	0	0	0	0	0	0	0	0	0	0	0	0	0	0	0	0	0	0	0	0	0	0	0	0	0	0	0	0	0	0	0	0	0	0	0	0	0	0	0	0	0	68850	0	0	0	0	0	0	0	55912	0	0	0	0	0	0	0	0	0	20852	0	0	0	0	0	0	0	0	0	369043	0	0	0	0	0	0	0	0	0	0	0	0	0	0	0	0	0	0	0
8350	≥…ƒÍ∫£µ¡ Û	0	0	0	0	0	0	0	0	0	0	0	0	0	0	0	0	0	0	0	0	0	0	0	0	0	0	0	0	0	0	0	0	0	0	0	0	0	0	0	0	0	0	0	0	0	0	82549	0	0	0	0	0	0	0	68850	0	0	0	0	0	0	0	0	0	31981	0	0	0	0	0	0	0	0	0	369043	0	0	0	0	0	0	0	0	0	0	0	0	0	0	0	0	0	0	0
8351	±‰“Ï∫£µ¡ Û	0	0	0	0	0	0	0	0	0	0	0	0	0	0	0	0	0	0	0	0	0	0	0	0	0	0	0	0	0	0	0	0	0	0	0	0	0	0	0	0	0	0	0	0	0	0	82549	0	0	0	0	0	0	0	68850	0	0	0	0	0	0	0	0	0	31981	0	0	0	0	0	0	0	0	0	369043	0	0	0	0	0	0	0	0	0	0	0	0	0	0	0	0	0	0	0
8352	±‰“Ï∫£µ¡ Û	0	0	0	0	0	0	0	0	0	0	0	0	0	0	0	0	0	0	0	0	0	0	0	0	0	0	0	0	0	0	0	0	0	0	0	0	0	0	0	0	0	0	0	0	0	0	82549	0	0	0	0	0	0	0	68850	0	0	0	0	0	0	0	0	0	31981	0	0	0	0	0	0	0	0	0	369043	0	0	0	0	0	0	0	0	0	0	0	0	0	0	0	0	0	0	0
8353	±‰“Ï∫£µ¡ Û	0	0	0	0	0	0	0	0	0	0	0	0	0	0	0	0	0	0	0	0	0	0	0	0	0	0	0	0	0	0	0	0	0	0	0	0	0	0	0	0	0	0	0	0	0	0	82549	0	0	0	0	0	0	0	68850	0	0	0	0	0	0	0	0	0	31981	0	0	0	0	0	0	0	0	0	369043	0	0	0	0	0	0	0	0	0	0	0	0	0	0	0	0	0	0	0
8359	∫£µ¡ Û±¶±¶	0	0	0	0	0	0	0	0	0	0	0	0	0	0	0	0	0	0	0	0	0	0	0	0	0	0	0	0	0	0	0	0	0	0	0	0	0	0	0	0	0	0	0	0	0	0	82549	0	0	0	0	0	0	0	68850	0	0	0	0	0	0	0	0	0	31981	0	0	0	0	0	0	0	0	0	369043	0	0	0	0	0	0	0	0	0	0	0	0	0	0	0	0	0	0	0
8360	≥…ƒÍ∫£µ¡ Û	0	0	0	0	0	0	0	0	0	0	0	0	0	0	0	0	0	0	0	0	0	0	0	0	0	0	0	0	0	0	0	0	0	0	0	0	0	0	0	0	0	0	0	0	0	0	97120	0	0	0	0	0	0	0	82549	0	0	0	0	0	0	0	0	0	43648	0	0	0	0	0	0	0	0	0	369043	0	0	0	0	0	0	0	0	0	0	0	0	0	0	0	0	0	0	0
8361	±‰“Ï∫£µ¡ Û	0	0	0	0	0	0	0	0	0	0	0	0	0	0	0	0	0	0	0	0	0	0	0	0	0	0	0	0	0	0	0	0	0	0	0	0	0	0	0	0	0	0	0	0	0	0	97120	0	0	0	0	0	0	0	82549	0	0	0	0	0	0	0	0	0	43648	0	0	0	0	0	0	0	0	0	369043	0	0	0	0	0	0	0	0	0	0	0	0	0	0	0	0	0	0	0
8362	±‰“Ï∫£µ¡ Û	0	0	0	0	0	0	0	0	0	0	0	0	0	0	0	0	0	0	0	0	0	0	0	0	0	0	0	0	0	0	0	0	0	0	0	0	0	0	0	0	0	0	0	0	0	0	97120	0	0	0	0	0	0	0	82549	0	0	0	0	0	0	0	0	0	43648	0	0	0	0	0	0	0	0	0	369043	0	0	0	0	0	0	0	0	0	0	0	0	0	0	0	0	0	0	0
8363	±‰“Ï∫£µ¡ Û	0	0	0	0	0	0	0	0	0	0	0	0	0	0	0	0	0	0	0	0	0	0	0	0	0	0	0	0	0	0	0	0	0	0	0	0	0	0	0	0	0	0	0	0	0	0	97120	0	0	0	0	0	0	0	82549	0	0	0	0	0	0	0	0	0	43648	0	0	0	0	0	0	0	0	0	369043	0	0	0	0	0	0	0	0	0	0	0	0	0	0	0	0	0	0	0
8364	±‰“Ï∫£µ¡ Û	0	0	0	0	0	0	0	0	0	0	0	0	0	0	0	0	0	0	0	0	0	0	0	0	0	0	0	0	0	0	0	0	0	0	0	0	0	0	0	0	0	0	0	0	0	0	97120	0	0	0	0	0	0	0	82549	0	0	0	0	0	0	0	0	0	43648	0	0	0	0	0	0	0	0	0	369043	0	0	0	0	0	0	0	0	0	0	0	0	0	0	0	0	0	0	0
8369	∫£µ¡ Û±¶±¶	0	0	0	0	0	0	0	0	0	0	0	0	0	0	0	0	0	0	0	0	0	0	0	0	0	0	0	0	0	0	0	0	0	0	0	0	0	0	0	0	0	0	0	0	0	0	97120	0	0	0	0	0	0	0	82549	0	0	0	0	0	0	0	0	0	43648	0	0	0	0	0	0	0	0	0	369043	0	0	0	0	0	0	0	0	0	0	0	0	0	0	0	0	0	0	0
8370	≥…ƒÍ∫£µ¡ Û	0	0	0	0	0	0	0	0	0	0	0	0	0	0	0	0	0	0	0	0	0	0	0	0	0	0	0	0	0	0	0	0	0	0	0	0	0	0	0	0	0	0	0	0	0	0	112696	0	0	0	0	0	0	0	97120	0	0	0	0	0	0	0	0	0	55912	0	0	0	0	0	0	0	0	0	369043	0	0	0	0	0	0	0	0	0	0	0	0	0	0	0	0	0	0	0
8371	±‰“Ï∫£µ¡ Û	0	0	0	0	0	0	0	0	0	0	0	0	0	0	0	0	0	0	0	0	0	0	0	0	0	0	0	0	0	0	0	0	0	0	0	0	0	0	0	0	0	0	0	0	0	0	112696	0	0	0	0	0	0	0	97120	0	0	0	0	0	0	0	0	0	55912	0	0	0	0	0	0	0	0	0	369043	0	0	0	0	0	0	0	0	0	0	0	0	0	0	0	0	0	0	0
8372	±‰“Ï∫£µ¡ Û	0	0	0	0	0	0	0	0	0	0	0	0	0	0	0	0	0	0	0	0	0	0	0	0	0	0	0	0	0	0	0	0	0	0	0	0	0	0	0	0	0	0	0	0	0	0	112696	0	0	0	0	0	0	0	97120	0	0	0	0	0	0	0	0	0	55912	0	0	0	0	0	0	0	0	0	369043	0	0	0	0	0	0	0	0	0	0	0	0	0	0	0	0	0	0	0
8373	±‰“Ï∫£µ¡ Û	0	0	0	0	0	0	0	0	0	0	0	0	0	0	0	0	0	0	0	0	0	0	0	0	0	0	0	0	0	0	0	0	0	0	0	0	0	0	0	0	0	0	0	0	0	0	112696	0	0	0	0	0	0	0	97120	0	0	0	0	0	0	0	0	0	55912	0	0	0	0	0	0	0	0	0	369043	0	0	0	0	0	0	0	0	0	0	0	0	0	0	0	0	0	0	0
8374	±‰“Ï∫£µ¡ Û	0	0	0	0	0	0	0	0	0	0	0	0	0	0	0	0	0	0	0	0	0	0	0	0	0	0	0	0	0	0	0	0	0	0	0	0	0	0	0	0	0	0	0	0	0	0	112696	0	0	0	0	0	0	0	97120	0	0	0	0	0	0	0	0	0	55912	0	0	0	0	0	0	0	0	0	369043	0	0	0	0	0	0	0	0	0	0	0	0	0	0	0	0	0	0	0
8375	±‰“Ï∫£µ¡ Û	0	0	0	0	0	0	0	0	0	0	0	0	0	0	0	0	0	0	0	0	0	0	0	0	0	0	0	0	0	0	0	0	0	0	0	0	0	0	0	0	0	0	0	0	0	0	112696	0	0	0	0	0	0	0	97120	0	0	0	0	0	0	0	0	0	55912	0	0	0	0	0	0	0	0	0	369043	0	0	0	0	0	0	0	0	0	0	0	0	0	0	0	0	0	0	0
8379	∫£µ¡ Û±¶±¶	0	0	0	0	0	0	0	0	0	0	0	0	0	0	0	0	0	0	0	0	0	0	0	0	0	0	0	0	0	0	0	0	0	0	0	0	0	0	0	0	0	0	0	0	0	0	112696	0	0	0	0	0	0	0	97120	0	0	0	0	0	0	0	0	0	55912	0	0	0	0	0	0	0	0	0	369043	0	0	0	0	0	0	0	0	0	0	0	0	0	0	0	0	0	0	0
8380	≥…ƒÍ∫£µ¡ Û	0	0	0	0	0	0	0	0	0	0	0	0	0	0	0	0	0	0	0	0	0	0	0	0	0	0	0	0	0	0	0	0	0	0	0	0	0	0	0	0	0	0	0	0	0	0	129449	0	0	0	0	0	0	0	112696	0	0	0	0	0	0	0	0	0	68850	0	0	0	0	0	0	0	0	0	369043	0	0	0	0	0	0	0	0	0	0	0	0	0	0	0	0	0	0	0
8381	±‰“Ï∫£µ¡ Û	0	0	0	0	0	0	0	0	0	0	0	0	0	0	0	0	0	0	0	0	0	0	0	0	0	0	0	0	0	0	0	0	0	0	0	0	0	0	0	0	0	0	0	0	0	0	129449	0	0	0	0	0	0	0	112696	0	0	0	0	0	0	0	0	0	68850	0	0	0	0	0	0	0	0	0	369043	0	0	0	0	0	0	0	0	0	0	0	0	0	0	0	0	0	0	0
8382	±‰“Ï∫£µ¡ Û	0	0	0	0	0	0	0	0	0	0	0	0	0	0	0	0	0	0	0	0	0	0	0	0	0	0	0	0	0	0	0	0	0	0	0	0	0	0	0	0	0	0	0	0	0	0	129449	0	0	0	0	0	0	0	112696	0	0	0	0	0	0	0	0	0	68850	0	0	0	0	0	0	0	0	0	369043	0	0	0	0	0	0	0	0	0	0	0	0	0	0	0	0	0	0	0
8383	±‰“Ï∫£µ¡ Û	0	0	0	0	0	0	0	0	0	0	0	0	0	0	0	0	0	0	0	0	0	0	0	0	0	0	0	0	0	0	0	0	0	0	0	0	0	0	0	0	0	0	0	0	0	0	129449	0	0	0	0	0	0	0	112696	0	0	0	0	0	0	0	0	0	68850	0	0	0	0	0	0	0	0	0	369043	0	0	0	0	0	0	0	0	0	0	0	0	0	0	0	0	0	0	0
8384	±‰“Ï∫£µ¡ Û	0	0	0	0	0	0	0	0	0	0	0	0	0	0	0	0	0	0	0	0	0	0	0	0	0	0	0	0	0	0	0	0	0	0	0	0	0	0	0	0	0	0	0	0	0	0	129449	0	0	0	0	0	0	0	112696	0	0	0	0	0	0	0	0	0	68850	0	0	0	0	0	0	0	0	0	369043	0	0	0	0	0	0	0	0	0	0	0	0	0	0	0	0	0	0	0
8385	±‰“Ï∫£µ¡ Û	0	0	0	0	0	0	0	0	0	0	0	0	0	0	0	0	0	0	0	0	0	0	0	0	0	0	0	0	0	0	0	0	0	0	0	0	0	0	0	0	0	0	0	0	0	0	129449	0	0	0	0	0	0	0	112696	0	0	0	0	0	0	0	0	0	68850	0	0	0	0	0	0	0	0	0	369043	0	0	0	0	0	0	0	0	0	0	0	0	0	0	0	0	0	0	0
8386	±‰“Ï∫£µ¡ Û	0	0	0	0	0	0	0	0	0	0	0	0	0	0	0	0	0	0	0	0	0	0	0	0	0	0	0	0	0	0	0	0	0	0	0	0	0	0	0	0	0	0	0	0	0	0	129449	0	0	0	0	0	0	0	112696	0	0	0	0	0	0	0	0	0	68850	0	0	0	0	0	0	0	0	0	369043	0	0	0	0	0	0	0	0	0	0	0	0	0	0	0	0	0	0	0
8389	∫£µ¡ Û±¶±¶	0	0	0	0	0	0	0	0	0	0	0	0	0	0	0	0	0	0	0	0	0	0	0	0	0	0	0	0	0	0	0	0	0	0	0	0	0	0	0	0	0	0	0	0	0	0	129449	0	0	0	0	0	0	0	112696	0	0	0	0	0	0	0	0	0	68850	0	0	0	0	0	0	0	0	0	369043	0	0	0	0	0	0	0	0	0	0	0	0	0	0	0	0	0	0	0
8390	≥…ƒÍ∫£µ¡ Û	0	0	0	0	0	0	0	0	0	0	0	0	0	0	0	0	0	0	0	0	0	0	0	0	0	0	0	0	0	0	0	0	0	0	0	0	0	0	0	0	0	0	0	0	0	0	147602	0	0	0	0	0	0	0	129449	0	0	0	0	0	0	0	0	0	82549	0	0	0	0	0	0	0	0	0	369043	0	0	0	0	0	0	0	0	0	0	0	0	0	0	0	0	0	0	0
8391	±‰“Ï∫£µ¡ Û	0	0	0	0	0	0	0	0	0	0	0	0	0	0	0	0	0	0	0	0	0	0	0	0	0	0	0	0	0	0	0	0	0	0	0	0	0	0	0	0	0	0	0	0	0	0	147602	0	0	0	0	0	0	0	129449	0	0	0	0	0	0	0	0	0	82549	0	0	0	0	0	0	0	0	0	369043	0	0	0	0	0	0	0	0	0	0	0	0	0	0	0	0	0	0	0
8392	±‰“Ï∫£µ¡ Û	0	0	0	0	0	0	0	0	0	0	0	0	0	0	0	0	0	0	0	0	0	0	0	0	0	0	0	0	0	0	0	0	0	0	0	0	0	0	0	0	0	0	0	0	0	0	147602	0	0	0	0	0	0	0	129449	0	0	0	0	0	0	0	0	0	82549	0	0	0	0	0	0	0	0	0	369043	0	0	0	0	0	0	0	0	0	0	0	0	0	0	0	0	0	0	0
8393	±‰“Ï∫£µ¡ Û	0	0	0	0	0	0	0	0	0	0	0	0	0	0	0	0	0	0	0	0	0	0	0	0	0	0	0	0	0	0	0	0	0	0	0	0	0	0	0	0	0	0	0	0	0	0	147602	0	0	0	0	0	0	0	129449	0	0	0	0	0	0	0	0	0	82549	0	0	0	0	0	0	0	0	0	369043	0	0	0	0	0	0	0	0	0	0	0	0	0	0	0	0	0	0	0
8394	±‰“Ï∫£µ¡ Û	0	0	0	0	0	0	0	0	0	0	0	0	0	0	0	0	0	0	0	0	0	0	0	0	0	0	0	0	0	0	0	0	0	0	0	0	0	0	0	0	0	0	0	0	0	0	147602	0	0	0	0	0	0	0	129449	0	0	0	0	0	0	0	0	0	82549	0	0	0	0	0	0	0	0	0	369043	0	0	0	0	0	0	0	0	0	0	0	0	0	0	0	0	0	0	0
8395	±‰“Ï∫£µ¡ Û	0	0	0	0	0	0	0	0	0	0	0	0	0	0	0	0	0	0	0	0	0	0	0	0	0	0	0	0	0	0	0	0	0	0	0	0	0	0	0	0	0	0	0	0	0	0	147602	0	0	0	0	0	0	0	129449	0	0	0	0	0	0	0	0	0	82549	0	0	0	0	0	0	0	0	0	369043	0	0	0	0	0	0	0	0	0	0	0	0	0	0	0	0	0	0	0
8396	±‰“Ï∫£µ¡ Û	0	0	0	0	0	0	0	0	0	0	0	0	0	0	0	0	0	0	0	0	0	0	0	0	0	0	0	0	0	0	0	0	0	0	0	0	0	0	0	0	0	0	0	0	0	0	147602	0	0	0	0	0	0	0	129449	0	0	0	0	0	0	0	0	0	82549	0	0	0	0	0	0	0	0	0	369043	0	0	0	0	0	0	0	0	0	0	0	0	0	0	0	0	0	0	0
8397	±‰“Ï∫£µ¡ Û	0	0	0	0	0	0	0	0	0	0	0	0	0	0	0	0	0	0	0	0	0	0	0	0	0	0	0	0	0	0	0	0	0	0	0	0	0	0	0	0	0	0	0	0	0	0	147602	0	0	0	0	0	0	0	129449	0	0	0	0	0	0	0	0	0	82549	0	0	0	0	0	0	0	0	0	369043	0	0	0	0	0	0	0	0	0	0	0	0	0	0	0	0	0	0	0
8399	∫£µ¡ Û±¶±¶	0	0	0	0	0	0	0	0	0	0	0	0	0	0	0	0	0	0	0	0	0	0	0	0	0	0	0	0	0	0	0	0	0	0	0	0	0	0	0	0	0	0	0	0	0	0	147602	0	0	0	0	0	0	0	129449	0	0	0	0	0	0	0	0	0	82549	0	0	0	0	0	0	0	0	0	369043	0	0	0	0	0	0	0	0	0	0	0	0	0	0	0	0	0	0	0
8400	≥…ƒÍ∫£µ¡ Û	0	0	0	0	0	0	0	0	0	0	0	0	0	0	0	0	0	0	0	0	0	0	0	0	0	0	0	0	0	0	0	0	0	0	0	0	0	0	0	0	0	0	0	0	0	0	167447	0	0	0	0	0	0	0	147602	0	0	0	0	0	0	0	0	0	97120	0	0	0	0	0	0	0	0	0	369043	0	0	0	0	0	0	0	0	0	0	0	0	0	0	0	0	0	0	0
8401	±‰“Ï∫£µ¡ Û	0	0	0	0	0	0	0	0	0	0	0	0	0	0	0	0	0	0	0	0	0	0	0	0	0	0	0	0	0	0	0	0	0	0	0	0	0	0	0	0	0	0	0	0	0	0	167447	0	0	0	0	0	0	0	147602	0	0	0	0	0	0	0	0	0	97120	0	0	0	0	0	0	0	0	0	369043	0	0	0	0	0	0	0	0	0	0	0	0	0	0	0	0	0	0	0
8402	±‰“Ï∫£µ¡ Û	0	0	0	0	0	0	0	0	0	0	0	0	0	0	0	0	0	0	0	0	0	0	0	0	0	0	0	0	0	0	0	0	0	0	0	0	0	0	0	0	0	0	0	0	0	0	167447	0	0	0	0	0	0	0	147602	0	0	0	0	0	0	0	0	0	97120	0	0	0	0	0	0	0	0	0	369043	0	0	0	0	0	0	0	0	0	0	0	0	0	0	0	0	0	0	0
8403	±‰“Ï∫£µ¡ Û	0	0	0	0	0	0	0	0	0	0	0	0	0	0	0	0	0	0	0	0	0	0	0	0	0	0	0	0	0	0	0	0	0	0	0	0	0	0	0	0	0	0	0	0	0	0	167447	0	0	0	0	0	0	0	147602	0	0	0	0	0	0	0	0	0	97120	0	0	0	0	0	0	0	0	0	369043	0	0	0	0	0	0	0	0	0	0	0	0	0	0	0	0	0	0	0
8404	±‰“Ï∫£µ¡ Û	0	0	0	0	0	0	0	0	0	0	0	0	0	0	0	0	0	0	0	0	0	0	0	0	0	0	0	0	0	0	0	0	0	0	0	0	0	0	0	0	0	0	0	0	0	0	167447	0	0	0	0	0	0	0	147602	0	0	0	0	0	0	0	0	0	97120	0	0	0	0	0	0	0	0	0	369043	0	0	0	0	0	0	0	0	0	0	0	0	0	0	0	0	0	0	0
8405	±‰“Ï∫£µ¡ Û	0	0	0	0	0	0	0	0	0	0	0	0	0	0	0	0	0	0	0	0	0	0	0	0	0	0	0	0	0	0	0	0	0	0	0	0	0	0	0	0	0	0	0	0	0	0	167447	0	0	0	0	0	0	0	147602	0	0	0	0	0	0	0	0	0	97120	0	0	0	0	0	0	0	0	0	369043	0	0	0	0	0	0	0	0	0	0	0	0	0	0	0	0	0	0	0
8406	±‰“Ï∫£µ¡ Û	0	0	0	0	0	0	0	0	0	0	0	0	0	0	0	0	0	0	0	0	0	0	0	0	0	0	0	0	0	0	0	0	0	0	0	0	0	0	0	0	0	0	0	0	0	0	167447	0	0	0	0	0	0	0	147602	0	0	0	0	0	0	0	0	0	97120	0	0	0	0	0	0	0	0	0	369043	0	0	0	0	0	0	0	0	0	0	0	0	0	0	0	0	0	0	0
8407	±‰“Ï∫£µ¡ Û	0	0	0	0	0	0	0	0	0	0	0	0	0	0	0	0	0	0	0	0	0	0	0	0	0	0	0	0	0	0	0	0	0	0	0	0	0	0	0	0	0	0	0	0	0	0	167447	0	0	0	0	0	0	0	147602	0	0	0	0	0	0	0	0	0	97120	0	0	0	0	0	0	0	0	0	369043	0	0	0	0	0	0	0	0	0	0	0	0	0	0	0	0	0	0	0
8408	±‰“Ï∫£µ¡ Û	0	0	0	0	0	0	0	0	0	0	0	0	0	0	0	0	0	0	0	0	0	0	0	0	0	0	0	0	0	0	0	0	0	0	0	0	0	0	0	0	0	0	0	0	0	0	167447	0	0	0	0	0	0	0	147602	0	0	0	0	0	0	0	0	0	97120	0	0	0	0	0	0	0	0	0	369043	0	0	0	0	0	0	0	0	0	0	0	0	0	0	0	0	0	0	0
8409	∫£µ¡ Û±¶±¶	0	0	0	0	0	0	0	0	0	0	0	0	0	0	0	0	0	0	0	0	0	0	0	0	0	0	0	0	0	0	0	0	0	0	0	0	0	0	0	0	0	0	0	0	0	0	167447	0	0	0	0	0	0	0	147602	0	0	0	0	0	0	0	0	0	97120	0	0	0	0	0	0	0	0	0	369043	0	0	0	0	0	0	0	0	0	0	0	0	0	0	0	0	0	0	0
8410	≥…ƒÍ±¶œ‰ÕØ◊”	0	0	0	0	0	0	0	0	0	0	0	0	0	0	0	0	0	0	0	0	0	0	0	0	0	0	0	0	0	0	0	0	0	0	0	0	0	0	0	0	0	0	0	0	0	0	0	0	68850	0	0	0	0	0	55912	0	0	0	0	0	0	0	0	0	0	0	0	0	0	0	0	0	0	0	20852	0	369043	0	0	0	0	0	0	0	0	0	0	0	0	0	0	0	0	0
8411	±‰“Ï±¶œ‰ÕØ◊”	0	0	0	0	0	0	0	0	0	0	0	0	0	0	0	0	0	0	0	0	0	0	0	0	0	0	0	0	0	0	0	0	0	0	0	0	0	0	0	0	0	0	0	0	0	0	0	0	68850	0	0	0	0	0	55912	0	0	0	0	0	0	0	0	0	0	0	0	0	0	0	0	0	0	0	20852	0	369043	0	0	0	0	0	0	0	0	0	0	0	0	0	0	0	0	0
8412	±‰“Ï±¶œ‰ÕØ◊”	0	0	0	0	0	0	0	0	0	0	0	0	0	0	0	0	0	0	0	0	0	0	0	0	0	0	0	0	0	0	0	0	0	0	0	0	0	0	0	0	0	0	0	0	0	0	0	0	68850	0	0	0	0	0	55912	0	0	0	0	0	0	0	0	0	0	0	0	0	0	0	0	0	0	0	20852	0	369043	0	0	0	0	0	0	0	0	0	0	0	0	0	0	0	0	0
8419	±¶œ‰ÕØ◊”±¶±¶	0	0	0	0	0	0	0	0	0	0	0	0	0	0	0	0	0	0	0	0	0	0	0	0	0	0	0	0	0	0	0	0	0	0	0	0	0	0	0	0	0	0	0	0	0	0	0	0	68850	0	0	0	0	0	55912	0	0	0	0	0	0	0	0	0	0	0	0	0	0	0	0	0	0	0	20852	0	369043	0	0	0	0	0	0	0	0	0	0	0	0	0	0	0	0	0
8420	≥…ƒÍ±¶œ‰ÕØ◊”	0	0	0	0	0	0	0	0	0	0	0	0	0	0	0	0	0	0	0	0	0	0	0	0	0	0	0	0	0	0	0	0	0	0	0	0	0	0	0	0	0	0	0	0	0	0	0	0	82549	0	0	0	0	0	68850	0	0	0	0	0	0	0	0	0	0	0	0	0	0	0	0	0	0	0	31981	0	369043	0	0	0	0	0	0	0	0	0	0	0	0	0	0	0	0	0
8421	±‰“Ï±¶œ‰ÕØ◊”	0	0	0	0	0	0	0	0	0	0	0	0	0	0	0	0	0	0	0	0	0	0	0	0	0	0	0	0	0	0	0	0	0	0	0	0	0	0	0	0	0	0	0	0	0	0	0	0	82549	0	0	0	0	0	68850	0	0	0	0	0	0	0	0	0	0	0	0	0	0	0	0	0	0	0	31981	0	369043	0	0	0	0	0	0	0	0	0	0	0	0	0	0	0	0	0
8422	±‰“Ï±¶œ‰ÕØ◊”	0	0	0	0	0	0	0	0	0	0	0	0	0	0	0	0	0	0	0	0	0	0	0	0	0	0	0	0	0	0	0	0	0	0	0	0	0	0	0	0	0	0	0	0	0	0	0	0	82549	0	0	0	0	0	68850	0	0	0	0	0	0	0	0	0	0	0	0	0	0	0	0	0	0	0	31981	0	369043	0	0	0	0	0	0	0	0	0	0	0	0	0	0	0	0	0
8423	±‰“Ï±¶œ‰ÕØ◊”	0	0	0	0	0	0	0	0	0	0	0	0	0	0	0	0	0	0	0	0	0	0	0	0	0	0	0	0	0	0	0	0	0	0	0	0	0	0	0	0	0	0	0	0	0	0	0	0	82549	0	0	0	0	0	68850	0	0	0	0	0	0	0	0	0	0	0	0	0	0	0	0	0	0	0	31981	0	369043	0	0	0	0	0	0	0	0	0	0	0	0	0	0	0	0	0
8429	±¶œ‰ÕØ◊”±¶±¶	0	0	0	0	0	0	0	0	0	0	0	0	0	0	0	0	0	0	0	0	0	0	0	0	0	0	0	0	0	0	0	0	0	0	0	0	0	0	0	0	0	0	0	0	0	0	0	0	82549	0	0	0	0	0	68850	0	0	0	0	0	0	0	0	0	0	0	0	0	0	0	0	0	0	0	31981	0	369043	0	0	0	0	0	0	0	0	0	0	0	0	0	0	0	0	0
8430	≥…ƒÍ±¶œ‰ÕØ◊”	0	0	0	0	0	0	0	0	0	0	0	0	0	0	0	0	0	0	0	0	0	0	0	0	0	0	0	0	0	0	0	0	0	0	0	0	0	0	0	0	0	0	0	0	0	0	0	0	97120	0	0	0	0	0	82549	0	0	0	0	0	0	0	0	0	0	0	0	0	0	0	0	0	0	0	43648	0	369043	0	0	0	0	0	0	0	0	0	0	0	0	0	0	0	0	0
8431	±‰“Ï±¶œ‰ÕØ◊”	0	0	0	0	0	0	0	0	0	0	0	0	0	0	0	0	0	0	0	0	0	0	0	0	0	0	0	0	0	0	0	0	0	0	0	0	0	0	0	0	0	0	0	0	0	0	0	0	97120	0	0	0	0	0	82549	0	0	0	0	0	0	0	0	0	0	0	0	0	0	0	0	0	0	0	43648	0	369043	0	0	0	0	0	0	0	0	0	0	0	0	0	0	0	0	0
8432	±‰“Ï±¶œ‰ÕØ◊”	0	0	0	0	0	0	0	0	0	0	0	0	0	0	0	0	0	0	0	0	0	0	0	0	0	0	0	0	0	0	0	0	0	0	0	0	0	0	0	0	0	0	0	0	0	0	0	0	97120	0	0	0	0	0	82549	0	0	0	0	0	0	0	0	0	0	0	0	0	0	0	0	0	0	0	43648	0	369043	0	0	0	0	0	0	0	0	0	0	0	0	0	0	0	0	0
8433	±‰“Ï±¶œ‰ÕØ◊”	0	0	0	0	0	0	0	0	0	0	0	0	0	0	0	0	0	0	0	0	0	0	0	0	0	0	0	0	0	0	0	0	0	0	0	0	0	0	0	0	0	0	0	0	0	0	0	0	97120	0	0	0	0	0	82549	0	0	0	0	0	0	0	0	0	0	0	0	0	0	0	0	0	0	0	43648	0	369043	0	0	0	0	0	0	0	0	0	0	0	0	0	0	0	0	0
8434	±‰“Ï±¶œ‰ÕØ◊”	0	0	0	0	0	0	0	0	0	0	0	0	0	0	0	0	0	0	0	0	0	0	0	0	0	0	0	0	0	0	0	0	0	0	0	0	0	0	0	0	0	0	0	0	0	0	0	0	97120	0	0	0	0	0	82549	0	0	0	0	0	0	0	0	0	0	0	0	0	0	0	0	0	0	0	43648	0	369043	0	0	0	0	0	0	0	0	0	0	0	0	0	0	0	0	0
8439	±¶œ‰ÕØ◊”±¶±¶	0	0	0	0	0	0	0	0	0	0	0	0	0	0	0	0	0	0	0	0	0	0	0	0	0	0	0	0	0	0	0	0	0	0	0	0	0	0	0	0	0	0	0	0	0	0	0	0	97120	0	0	0	0	0	82549	0	0	0	0	0	0	0	0	0	0	0	0	0	0	0	0	0	0	0	43648	0	369043	0	0	0	0	0	0	0	0	0	0	0	0	0	0	0	0	0
8440	≥…ƒÍ±¶œ‰ÕØ◊”	0	0	0	0	0	0	0	0	0	0	0	0	0	0	0	0	0	0	0	0	0	0	0	0	0	0	0	0	0	0	0	0	0	0	0	0	0	0	0	0	0	0	0	0	0	0	0	0	112696	0	0	0	0	0	97120	0	0	0	0	0	0	0	0	0	0	0	0	0	0	0	0	0	0	0	55912	0	369043	0	0	0	0	0	0	0	0	0	0	0	0	0	0	0	0	0
8441	±‰“Ï±¶œ‰ÕØ◊”	0	0	0	0	0	0	0	0	0	0	0	0	0	0	0	0	0	0	0	0	0	0	0	0	0	0	0	0	0	0	0	0	0	0	0	0	0	0	0	0	0	0	0	0	0	0	0	0	112696	0	0	0	0	0	97120	0	0	0	0	0	0	0	0	0	0	0	0	0	0	0	0	0	0	0	55912	0	369043	0	0	0	0	0	0	0	0	0	0	0	0	0	0	0	0	0
8442	±‰“Ï±¶œ‰ÕØ◊”	0	0	0	0	0	0	0	0	0	0	0	0	0	0	0	0	0	0	0	0	0	0	0	0	0	0	0	0	0	0	0	0	0	0	0	0	0	0	0	0	0	0	0	0	0	0	0	0	112696	0	0	0	0	0	97120	0	0	0	0	0	0	0	0	0	0	0	0	0	0	0	0	0	0	0	55912	0	369043	0	0	0	0	0	0	0	0	0	0	0	0	0	0	0	0	0
8443	±‰“Ï±¶œ‰ÕØ◊”	0	0	0	0	0	0	0	0	0	0	0	0	0	0	0	0	0	0	0	0	0	0	0	0	0	0	0	0	0	0	0	0	0	0	0	0	0	0	0	0	0	0	0	0	0	0	0	0	112696	0	0	0	0	0	97120	0	0	0	0	0	0	0	0	0	0	0	0	0	0	0	0	0	0	0	55912	0	369043	0	0	0	0	0	0	0	0	0	0	0	0	0	0	0	0	0
8444	±‰“Ï±¶œ‰ÕØ◊”	0	0	0	0	0	0	0	0	0	0	0	0	0	0	0	0	0	0	0	0	0	0	0	0	0	0	0	0	0	0	0	0	0	0	0	0	0	0	0	0	0	0	0	0	0	0	0	0	112696	0	0	0	0	0	97120	0	0	0	0	0	0	0	0	0	0	0	0	0	0	0	0	0	0	0	55912	0	369043	0	0	0	0	0	0	0	0	0	0	0	0	0	0	0	0	0
8445	±‰“Ï±¶œ‰ÕØ◊”	0	0	0	0	0	0	0	0	0	0	0	0	0	0	0	0	0	0	0	0	0	0	0	0	0	0	0	0	0	0	0	0	0	0	0	0	0	0	0	0	0	0	0	0	0	0	0	0	112696	0	0	0	0	0	97120	0	0	0	0	0	0	0	0	0	0	0	0	0	0	0	0	0	0	0	55912	0	369043	0	0	0	0	0	0	0	0	0	0	0	0	0	0	0	0	0
8449	±¶œ‰ÕØ◊”±¶±¶	0	0	0	0	0	0	0	0	0	0	0	0	0	0	0	0	0	0	0	0	0	0	0	0	0	0	0	0	0	0	0	0	0	0	0	0	0	0	0	0	0	0	0	0	0	0	0	0	112696	0	0	0	0	0	97120	0	0	0	0	0	0	0	0	0	0	0	0	0	0	0	0	0	0	0	55912	0	369043	0	0	0	0	0	0	0	0	0	0	0	0	0	0	0	0	0
8450	≥…ƒÍ±¶œ‰ÕØ◊”	0	0	0	0	0	0	0	0	0	0	0	0	0	0	0	0	0	0	0	0	0	0	0	0	0	0	0	0	0	0	0	0	0	0	0	0	0	0	0	0	0	0	0	0	0	0	0	0	129449	0	0	0	0	0	112696	0	0	0	0	0	0	0	0	0	0	0	0	0	0	0	0	0	0	0	68850	0	369043	0	0	0	0	0	0	0	0	0	0	0	0	0	0	0	0	0
8451	±‰“Ï±¶œ‰ÕØ◊”	0	0	0	0	0	0	0	0	0	0	0	0	0	0	0	0	0	0	0	0	0	0	0	0	0	0	0	0	0	0	0	0	0	0	0	0	0	0	0	0	0	0	0	0	0	0	0	0	129449	0	0	0	0	0	112696	0	0	0	0	0	0	0	0	0	0	0	0	0	0	0	0	0	0	0	68850	0	369043	0	0	0	0	0	0	0	0	0	0	0	0	0	0	0	0	0
8452	±‰“Ï±¶œ‰ÕØ◊”	0	0	0	0	0	0	0	0	0	0	0	0	0	0	0	0	0	0	0	0	0	0	0	0	0	0	0	0	0	0	0	0	0	0	0	0	0	0	0	0	0	0	0	0	0	0	0	0	129449	0	0	0	0	0	112696	0	0	0	0	0	0	0	0	0	0	0	0	0	0	0	0	0	0	0	68850	0	369043	0	0	0	0	0	0	0	0	0	0	0	0	0	0	0	0	0
8453	±‰“Ï±¶œ‰ÕØ◊”	0	0	0	0	0	0	0	0	0	0	0	0	0	0	0	0	0	0	0	0	0	0	0	0	0	0	0	0	0	0	0	0	0	0	0	0	0	0	0	0	0	0	0	0	0	0	0	0	129449	0	0	0	0	0	112696	0	0	0	0	0	0	0	0	0	0	0	0	0	0	0	0	0	0	0	68850	0	369043	0	0	0	0	0	0	0	0	0	0	0	0	0	0	0	0	0
8454	±‰“Ï±¶œ‰ÕØ◊”	0	0	0	0	0	0	0	0	0	0	0	0	0	0	0	0	0	0	0	0	0	0	0	0	0	0	0	0	0	0	0	0	0	0	0	0	0	0	0	0	0	0	0	0	0	0	0	0	129449	0	0	0	0	0	112696	0	0	0	0	0	0	0	0	0	0	0	0	0	0	0	0	0	0	0	68850	0	369043	0	0	0	0	0	0	0	0	0	0	0	0	0	0	0	0	0
8455	±‰“Ï±¶œ‰ÕØ◊”	0	0	0	0	0	0	0	0	0	0	0	0	0	0	0	0	0	0	0	0	0	0	0	0	0	0	0	0	0	0	0	0	0	0	0	0	0	0	0	0	0	0	0	0	0	0	0	0	129449	0	0	0	0	0	112696	0	0	0	0	0	0	0	0	0	0	0	0	0	0	0	0	0	0	0	68850	0	369043	0	0	0	0	0	0	0	0	0	0	0	0	0	0	0	0	0
8456	±‰“Ï±¶œ‰ÕØ◊”	0	0	0	0	0	0	0	0	0	0	0	0	0	0	0	0	0	0	0	0	0	0	0	0	0	0	0	0	0	0	0	0	0	0	0	0	0	0	0	0	0	0	0	0	0	0	0	0	129449	0	0	0	0	0	112696	0	0	0	0	0	0	0	0	0	0	0	0	0	0	0	0	0	0	0	68850	0	369043	0	0	0	0	0	0	0	0	0	0	0	0	0	0	0	0	0
8459	±¶œ‰ÕØ◊”±¶±¶	0	0	0	0	0	0	0	0	0	0	0	0	0	0	0	0	0	0	0	0	0	0	0	0	0	0	0	0	0	0	0	0	0	0	0	0	0	0	0	0	0	0	0	0	0	0	0	0	129449	0	0	0	0	0	112696	0	0	0	0	0	0	0	0	0	0	0	0	0	0	0	0	0	0	0	68850	0	369043	0	0	0	0	0	0	0	0	0	0	0	0	0	0	0	0	0
8460	≥…ƒÍ±¶œ‰ÕØ◊”	0	0	0	0	0	0	0	0	0	0	0	0	0	0	0	0	0	0	0	0	0	0	0	0	0	0	0	0	0	0	0	0	0	0	0	0	0	0	0	0	0	0	0	0	0	0	0	0	147602	0	0	0	0	0	129449	0	0	0	0	0	0	0	0	0	0	0	0	0	0	0	0	0	0	0	82549	0	369043	0	0	0	0	0	0	0	0	0	0	0	0	0	0	0	0	0
8461	±‰“Ï±¶œ‰ÕØ◊”	0	0	0	0	0	0	0	0	0	0	0	0	0	0	0	0	0	0	0	0	0	0	0	0	0	0	0	0	0	0	0	0	0	0	0	0	0	0	0	0	0	0	0	0	0	0	0	0	147602	0	0	0	0	0	129449	0	0	0	0	0	0	0	0	0	0	0	0	0	0	0	0	0	0	0	82549	0	369043	0	0	0	0	0	0	0	0	0	0	0	0	0	0	0	0	0
8462	±‰“Ï±¶œ‰ÕØ◊”	0	0	0	0	0	0	0	0	0	0	0	0	0	0	0	0	0	0	0	0	0	0	0	0	0	0	0	0	0	0	0	0	0	0	0	0	0	0	0	0	0	0	0	0	0	0	0	0	147602	0	0	0	0	0	129449	0	0	0	0	0	0	0	0	0	0	0	0	0	0	0	0	0	0	0	82549	0	369043	0	0	0	0	0	0	0	0	0	0	0	0	0	0	0	0	0
8463	±‰“Ï±¶œ‰ÕØ◊”	0	0	0	0	0	0	0	0	0	0	0	0	0	0	0	0	0	0	0	0	0	0	0	0	0	0	0	0	0	0	0	0	0	0	0	0	0	0	0	0	0	0	0	0	0	0	0	0	147602	0	0	0	0	0	129449	0	0	0	0	0	0	0	0	0	0	0	0	0	0	0	0	0	0	0	82549	0	369043	0	0	0	0	0	0	0	0	0	0	0	0	0	0	0	0	0
8464	±‰“Ï±¶œ‰ÕØ◊”	0	0	0	0	0	0	0	0	0	0	0	0	0	0	0	0	0	0	0	0	0	0	0	0	0	0	0	0	0	0	0	0	0	0	0	0	0	0	0	0	0	0	0	0	0	0	0	0	147602	0	0	0	0	0	129449	0	0	0	0	0	0	0	0	0	0	0	0	0	0	0	0	0	0	0	82549	0	369043	0	0	0	0	0	0	0	0	0	0	0	0	0	0	0	0	0
8465	±‰“Ï±¶œ‰ÕØ◊”	0	0	0	0	0	0	0	0	0	0	0	0	0	0	0	0	0	0	0	0	0	0	0	0	0	0	0	0	0	0	0	0	0	0	0	0	0	0	0	0	0	0	0	0	0	0	0	0	147602	0	0	0	0	0	129449	0	0	0	0	0	0	0	0	0	0	0	0	0	0	0	0	0	0	0	82549	0	369043	0	0	0	0	0	0	0	0	0	0	0	0	0	0	0	0	0
8466	±‰“Ï±¶œ‰ÕØ◊”	0	0	0	0	0	0	0	0	0	0	0	0	0	0	0	0	0	0	0	0	0	0	0	0	0	0	0	0	0	0	0	0	0	0	0	0	0	0	0	0	0	0	0	0	0	0	0	0	147602	0	0	0	0	0	129449	0	0	0	0	0	0	0	0	0	0	0	0	0	0	0	0	0	0	0	82549	0	369043	0	0	0	0	0	0	0	0	0	0	0	0	0	0	0	0	0
8467	±‰“Ï±¶œ‰ÕØ◊”	0	0	0	0	0	0	0	0	0	0	0	0	0	0	0	0	0	0	0	0	0	0	0	0	0	0	0	0	0	0	0	0	0	0	0	0	0	0	0	0	0	0	0	0	0	0	0	0	147602	0	0	0	0	0	129449	0	0	0	0	0	0	0	0	0	0	0	0	0	0	0	0	0	0	0	82549	0	369043	0	0	0	0	0	0	0	0	0	0	0	0	0	0	0	0	0
8469	±¶œ‰ÕØ◊”±¶±¶	0	0	0	0	0	0	0	0	0	0	0	0	0	0	0	0	0	0	0	0	0	0	0	0	0	0	0	0	0	0	0	0	0	0	0	0	0	0	0	0	0	0	0	0	0	0	0	0	147602	0	0	0	0	0	129449	0	0	0	0	0	0	0	0	0	0	0	0	0	0	0	0	0	0	0	82549	0	369043	0	0	0	0	0	0	0	0	0	0	0	0	0	0	0	0	0
8470	≥…ƒÍ±¶œ‰ÕØ◊”	0	0	0	0	0	0	0	0	0	0	0	0	0	0	0	0	0	0	0	0	0	0	0	0	0	0	0	0	0	0	0	0	0	0	0	0	0	0	0	0	0	0	0	0	0	0	0	0	167447	0	0	0	0	0	147602	0	0	0	0	0	0	0	0	0	0	0	0	0	0	0	0	0	0	0	97120	0	369043	0	0	0	0	0	0	0	0	0	0	0	0	0	0	0	0	0
8471	±‰“Ï±¶œ‰ÕØ◊”	0	0	0	0	0	0	0	0	0	0	0	0	0	0	0	0	0	0	0	0	0	0	0	0	0	0	0	0	0	0	0	0	0	0	0	0	0	0	0	0	0	0	0	0	0	0	0	0	167447	0	0	0	0	0	147602	0	0	0	0	0	0	0	0	0	0	0	0	0	0	0	0	0	0	0	97120	0	369043	0	0	0	0	0	0	0	0	0	0	0	0	0	0	0	0	0
8472	±‰“Ï±¶œ‰ÕØ◊”	0	0	0	0	0	0	0	0	0	0	0	0	0	0	0	0	0	0	0	0	0	0	0	0	0	0	0	0	0	0	0	0	0	0	0	0	0	0	0	0	0	0	0	0	0	0	0	0	167447	0	0	0	0	0	147602	0	0	0	0	0	0	0	0	0	0	0	0	0	0	0	0	0	0	0	97120	0	369043	0	0	0	0	0	0	0	0	0	0	0	0	0	0	0	0	0
8473	±‰“Ï±¶œ‰ÕØ◊”	0	0	0	0	0	0	0	0	0	0	0	0	0	0	0	0	0	0	0	0	0	0	0	0	0	0	0	0	0	0	0	0	0	0	0	0	0	0	0	0	0	0	0	0	0	0	0	0	167447	0	0	0	0	0	147602	0	0	0	0	0	0	0	0	0	0	0	0	0	0	0	0	0	0	0	97120	0	369043	0	0	0	0	0	0	0	0	0	0	0	0	0	0	0	0	0
8474	±‰“Ï±¶œ‰ÕØ◊”	0	0	0	0	0	0	0	0	0	0	0	0	0	0	0	0	0	0	0	0	0	0	0	0	0	0	0	0	0	0	0	0	0	0	0	0	0	0	0	0	0	0	0	0	0	0	0	0	167447	0	0	0	0	0	147602	0	0	0	0	0	0	0	0	0	0	0	0	0	0	0	0	0	0	0	97120	0	369043	0	0	0	0	0	0	0	0	0	0	0	0	0	0	0	0	0
8475	±‰“Ï±¶œ‰ÕØ◊”	0	0	0	0	0	0	0	0	0	0	0	0	0	0	0	0	0	0	0	0	0	0	0	0	0	0	0	0	0	0	0	0	0	0	0	0	0	0	0	0	0	0	0	0	0	0	0	0	167447	0	0	0	0	0	147602	0	0	0	0	0	0	0	0	0	0	0	0	0	0	0	0	0	0	0	97120	0	369043	0	0	0	0	0	0	0	0	0	0	0	0	0	0	0	0	0
8476	±‰“Ï±¶œ‰ÕØ◊”	0	0	0	0	0	0	0	0	0	0	0	0	0	0	0	0	0	0	0	0	0	0	0	0	0	0	0	0	0	0	0	0	0	0	0	0	0	0	0	0	0	0	0	0	0	0	0	0	167447	0	0	0	0	0	147602	0	0	0	0	0	0	0	0	0	0	0	0	0	0	0	0	0	0	0	97120	0	369043	0	0	0	0	0	0	0	0	0	0	0	0	0	0	0	0	0
8477	±‰“Ï±¶œ‰ÕØ◊”	0	0	0	0	0	0	0	0	0	0	0	0	0	0	0	0	0	0	0	0	0	0	0	0	0	0	0	0	0	0	0	0	0	0	0	0	0	0	0	0	0	0	0	0	0	0	0	0	167447	0	0	0	0	0	147602	0	0	0	0	0	0	0	0	0	0	0	0	0	0	0	0	0	0	0	97120	0	369043	0	0	0	0	0	0	0	0	0	0	0	0	0	0	0	0	0
8478	±‰“Ï±¶œ‰ÕØ◊”	0	0	0	0	0	0	0	0	0	0	0	0	0	0	0	0	0	0	0	0	0	0	0	0	0	0	0	0	0	0	0	0	0	0	0	0	0	0	0	0	0	0	0	0	0	0	0	0	167447	0	0	0	0	0	147602	0	0	0	0	0	0	0	0	0	0	0	0	0	0	0	0	0	0	0	97120	0	369043	0	0	0	0	0	0	0	0	0	0	0	0	0	0	0	0	0
8479	±¶œ‰ÕØ◊”±¶±¶	0	0	0	0	0	0	0	0	0	0	0	0	0	0	0	0	0	0	0	0	0	0	0	0	0	0	0	0	0	0	0	0	0	0	0	0	0	0	0	0	0	0	0	0	0	0	0	0	167447	0	0	0	0	0	147602	0	0	0	0	0	0	0	0	0	0	0	0	0	0	0	0	0	0	0	97120	0	369043	0	0	0	0	0	0	0	0	0	0	0	0	0	0	0	0	0
8480	≥…ƒÍ ˜¥¸–‹	0	0	0	0	0	0	0	0	0	0	0	0	0	0	0	0	0	0	0	0	0	0	0	0	0	0	0	0	0	0	0	0	0	0	0	0	0	0	0	0	0	0	0	0	0	0	0	0	0	0	0	0	0	0	0	0	0	0	55912	0	0	0	0	0	0	0	20852	0	0	0	0	0	0	0	0	0	369043	0	0	0	0	0	0	0	0	68850	0	0	0	0	0	0	0	0
8481	±‰“Ï ˜¥¸–‹	0	0	0	0	0	0	0	0	0	0	0	0	0	0	0	0	0	0	0	0	0	0	0	0	0	0	0	0	0	0	0	0	0	0	0	0	0	0	0	0	0	0	0	0	0	0	0	0	0	0	0	0	0	0	0	0	0	0	55912	0	0	0	0	0	0	0	20852	0	0	0	0	0	0	0	0	0	369043	0	0	0	0	0	0	0	0	68850	0	0	0	0	0	0	0	0
8482	±‰“Ï ˜¥¸–‹	0	0	0	0	0	0	0	0	0	0	0	0	0	0	0	0	0	0	0	0	0	0	0	0	0	0	0	0	0	0	0	0	0	0	0	0	0	0	0	0	0	0	0	0	0	0	0	0	0	0	0	0	0	0	0	0	0	0	55912	0	0	0	0	0	0	0	20852	0	0	0	0	0	0	0	0	0	369043	0	0	0	0	0	0	0	0	68850	0	0	0	0	0	0	0	0
8489	 ˜¥¸–‹±¶±¶	0	0	0	0	0	0	0	0	0	0	0	0	0	0	0	0	0	0	0	0	0	0	0	0	0	0	0	0	0	0	0	0	0	0	0	0	0	0	0	0	0	0	0	0	0	0	0	0	0	0	0	0	0	0	0	0	0	0	55912	0	0	0	0	0	0	0	20852	0	0	0	0	0	0	0	0	0	369043	0	0	0	0	0	0	0	0	68850	0	0	0	0	0	0	0	0
8490	≥…ƒÍ ˜¥¸–‹	0	0	0	0	0	0	0	0	0	0	0	0	0	0	0	0	0	0	0	0	0	0	0	0	0	0	0	0	0	0	0	0	0	0	0	0	0	0	0	0	0	0	0	0	0	0	0	0	0	0	0	0	0	0	0	0	0	0	68850	0	0	0	0	0	0	0	31981	0	0	0	0	0	0	0	0	0	369043	0	0	0	0	0	0	0	0	82549	0	0	0	0	0	0	0	0
8491	±‰“Ï ˜¥¸–‹	0	0	0	0	0	0	0	0	0	0	0	0	0	0	0	0	0	0	0	0	0	0	0	0	0	0	0	0	0	0	0	0	0	0	0	0	0	0	0	0	0	0	0	0	0	0	0	0	0	0	0	0	0	0	0	0	0	0	68850	0	0	0	0	0	0	0	31981	0	0	0	0	0	0	0	0	0	369043	0	0	0	0	0	0	0	0	82549	0	0	0	0	0	0	0	0
8492	±‰“Ï ˜¥¸–‹	0	0	0	0	0	0	0	0	0	0	0	0	0	0	0	0	0	0	0	0	0	0	0	0	0	0	0	0	0	0	0	0	0	0	0	0	0	0	0	0	0	0	0	0	0	0	0	0	0	0	0	0	0	0	0	0	0	0	68850	0	0	0	0	0	0	0	31981	0	0	0	0	0	0	0	0	0	369043	0	0	0	0	0	0	0	0	82549	0	0	0	0	0	0	0	0
8493	±‰“Ï ˜¥¸–‹	0	0	0	0	0	0	0	0	0	0	0	0	0	0	0	0	0	0	0	0	0	0	0	0	0	0	0	0	0	0	0	0	0	0	0	0	0	0	0	0	0	0	0	0	0	0	0	0	0	0	0	0	0	0	0	0	0	0	68850	0	0	0	0	0	0	0	31981	0	0	0	0	0	0	0	0	0	369043	0	0	0	0	0	0	0	0	82549	0	0	0	0	0	0	0	0
8499	 ˜¥¸–‹±¶±¶	0	0	0	0	0	0	0	0	0	0	0	0	0	0	0	0	0	0	0	0	0	0	0	0	0	0	0	0	0	0	0	0	0	0	0	0	0	0	0	0	0	0	0	0	0	0	0	0	0	0	0	0	0	0	0	0	0	0	68850	0	0	0	0	0	0	0	31981	0	0	0	0	0	0	0	0	0	369043	0	0	0	0	0	0	0	0	82549	0	0	0	0	0	0	0	0
8500	≥…ƒÍ ˜¥¸–‹	0	0	0	0	0	0	0	0	0	0	0	0	0	0	0	0	0	0	0	0	0	0	0	0	0	0	0	0	0	0	0	0	0	0	0	0	0	0	0	0	0	0	0	0	0	0	0	0	0	0	0	0	0	0	0	0	0	0	82549	0	0	0	0	0	0	0	43648	0	0	0	0	0	0	0	0	0	369043	0	0	0	0	0	0	0	0	97120	0	0	0	0	0	0	0	0
8501	±‰“Ï ˜¥¸–‹	0	0	0	0	0	0	0	0	0	0	0	0	0	0	0	0	0	0	0	0	0	0	0	0	0	0	0	0	0	0	0	0	0	0	0	0	0	0	0	0	0	0	0	0	0	0	0	0	0	0	0	0	0	0	0	0	0	0	82549	0	0	0	0	0	0	0	43648	0	0	0	0	0	0	0	0	0	369043	0	0	0	0	0	0	0	0	97120	0	0	0	0	0	0	0	0
8502	±‰“Ï ˜¥¸–‹	0	0	0	0	0	0	0	0	0	0	0	0	0	0	0	0	0	0	0	0	0	0	0	0	0	0	0	0	0	0	0	0	0	0	0	0	0	0	0	0	0	0	0	0	0	0	0	0	0	0	0	0	0	0	0	0	0	0	82549	0	0	0	0	0	0	0	43648	0	0	0	0	0	0	0	0	0	369043	0	0	0	0	0	0	0	0	97120	0	0	0	0	0	0	0	0
8503	±‰“Ï ˜¥¸–‹	0	0	0	0	0	0	0	0	0	0	0	0	0	0	0	0	0	0	0	0	0	0	0	0	0	0	0	0	0	0	0	0	0	0	0	0	0	0	0	0	0	0	0	0	0	0	0	0	0	0	0	0	0	0	0	0	0	0	82549	0	0	0	0	0	0	0	43648	0	0	0	0	0	0	0	0	0	369043	0	0	0	0	0	0	0	0	97120	0	0	0	0	0	0	0	0
8504	±‰“Ï ˜¥¸–‹	0	0	0	0	0	0	0	0	0	0	0	0	0	0	0	0	0	0	0	0	0	0	0	0	0	0	0	0	0	0	0	0	0	0	0	0	0	0	0	0	0	0	0	0	0	0	0	0	0	0	0	0	0	0	0	0	0	0	82549	0	0	0	0	0	0	0	43648	0	0	0	0	0	0	0	0	0	369043	0	0	0	0	0	0	0	0	97120	0	0	0	0	0	0	0	0
8509	 ˜¥¸–‹±¶±¶	0	0	0	0	0	0	0	0	0	0	0	0	0	0	0	0	0	0	0	0	0	0	0	0	0	0	0	0	0	0	0	0	0	0	0	0	0	0	0	0	0	0	0	0	0	0	0	0	0	0	0	0	0	0	0	0	0	0	82549	0	0	0	0	0	0	0	43648	0	0	0	0	0	0	0	0	0	369043	0	0	0	0	0	0	0	0	97120	0	0	0	0	0	0	0	0
8510	≥…ƒÍ ˜¥¸–‹	0	0	0	0	0	0	0	0	0	0	0	0	0	0	0	0	0	0	0	0	0	0	0	0	0	0	0	0	0	0	0	0	0	0	0	0	0	0	0	0	0	0	0	0	0	0	0	0	0	0	0	0	0	0	0	0	0	0	97120	0	0	0	0	0	0	0	55912	0	0	0	0	0	0	0	0	0	369043	0	0	0	0	0	0	0	0	112696	0	0	0	0	0	0	0	0
8511	±‰“Ï ˜¥¸–‹	0	0	0	0	0	0	0	0	0	0	0	0	0	0	0	0	0	0	0	0	0	0	0	0	0	0	0	0	0	0	0	0	0	0	0	0	0	0	0	0	0	0	0	0	0	0	0	0	0	0	0	0	0	0	0	0	0	0	97120	0	0	0	0	0	0	0	55912	0	0	0	0	0	0	0	0	0	369043	0	0	0	0	0	0	0	0	112696	0	0	0	0	0	0	0	0
8512	±‰“Ï ˜¥¸–‹	0	0	0	0	0	0	0	0	0	0	0	0	0	0	0	0	0	0	0	0	0	0	0	0	0	0	0	0	0	0	0	0	0	0	0	0	0	0	0	0	0	0	0	0	0	0	0	0	0	0	0	0	0	0	0	0	0	0	97120	0	0	0	0	0	0	0	55912	0	0	0	0	0	0	0	0	0	369043	0	0	0	0	0	0	0	0	112696	0	0	0	0	0	0	0	0
8513	±‰“Ï ˜¥¸–‹	0	0	0	0	0	0	0	0	0	0	0	0	0	0	0	0	0	0	0	0	0	0	0	0	0	0	0	0	0	0	0	0	0	0	0	0	0	0	0	0	0	0	0	0	0	0	0	0	0	0	0	0	0	0	0	0	0	0	97120	0	0	0	0	0	0	0	55912	0	0	0	0	0	0	0	0	0	369043	0	0	0	0	0	0	0	0	112696	0	0	0	0	0	0	0	0
8514	±‰“Ï ˜¥¸–‹	0	0	0	0	0	0	0	0	0	0	0	0	0	0	0	0	0	0	0	0	0	0	0	0	0	0	0	0	0	0	0	0	0	0	0	0	0	0	0	0	0	0	0	0	0	0	0	0	0	0	0	0	0	0	0	0	0	0	97120	0	0	0	0	0	0	0	55912	0	0	0	0	0	0	0	0	0	369043	0	0	0	0	0	0	0	0	112696	0	0	0	0	0	0	0	0
8515	±‰“Ï ˜¥¸–‹	0	0	0	0	0	0	0	0	0	0	0	0	0	0	0	0	0	0	0	0	0	0	0	0	0	0	0	0	0	0	0	0	0	0	0	0	0	0	0	0	0	0	0	0	0	0	0	0	0	0	0	0	0	0	0	0	0	0	97120	0	0	0	0	0	0	0	55912	0	0	0	0	0	0	0	0	0	369043	0	0	0	0	0	0	0	0	112696	0	0	0	0	0	0	0	0
8519	 ˜¥¸–‹±¶±¶	0	0	0	0	0	0	0	0	0	0	0	0	0	0	0	0	0	0	0	0	0	0	0	0	0	0	0	0	0	0	0	0	0	0	0	0	0	0	0	0	0	0	0	0	0	0	0	0	0	0	0	0	0	0	0	0	0	0	97120	0	0	0	0	0	0	0	55912	0	0	0	0	0	0	0	0	0	369043	0	0	0	0	0	0	0	0	112696	0	0	0	0	0	0	0	0
8520	≥…ƒÍ ˜¥¸–‹	0	0	0	0	0	0	0	0	0	0	0	0	0	0	0	0	0	0	0	0	0	0	0	0	0	0	0	0	0	0	0	0	0	0	0	0	0	0	0	0	0	0	0	0	0	0	0	0	0	0	0	0	0	0	0	0	0	0	112696	0	0	0	0	0	0	0	68850	0	0	0	0	0	0	0	0	0	369043	0	0	0	0	0	0	0	0	129449	0	0	0	0	0	0	0	0
8521	±‰“Ï ˜¥¸–‹	0	0	0	0	0	0	0	0	0	0	0	0	0	0	0	0	0	0	0	0	0	0	0	0	0	0	0	0	0	0	0	0	0	0	0	0	0	0	0	0	0	0	0	0	0	0	0	0	0	0	0	0	0	0	0	0	0	0	112696	0	0	0	0	0	0	0	68850	0	0	0	0	0	0	0	0	0	369043	0	0	0	0	0	0	0	0	129449	0	0	0	0	0	0	0	0
8522	±‰“Ï ˜¥¸–‹	0	0	0	0	0	0	0	0	0	0	0	0	0	0	0	0	0	0	0	0	0	0	0	0	0	0	0	0	0	0	0	0	0	0	0	0	0	0	0	0	0	0	0	0	0	0	0	0	0	0	0	0	0	0	0	0	0	0	112696	0	0	0	0	0	0	0	68850	0	0	0	0	0	0	0	0	0	369043	0	0	0	0	0	0	0	0	129449	0	0	0	0	0	0	0	0
8523	±‰“Ï ˜¥¸–‹	0	0	0	0	0	0	0	0	0	0	0	0	0	0	0	0	0	0	0	0	0	0	0	0	0	0	0	0	0	0	0	0	0	0	0	0	0	0	0	0	0	0	0	0	0	0	0	0	0	0	0	0	0	0	0	0	0	0	112696	0	0	0	0	0	0	0	68850	0	0	0	0	0	0	0	0	0	369043	0	0	0	0	0	0	0	0	129449	0	0	0	0	0	0	0	0
8524	±‰“Ï ˜¥¸–‹	0	0	0	0	0	0	0	0	0	0	0	0	0	0	0	0	0	0	0	0	0	0	0	0	0	0	0	0	0	0	0	0	0	0	0	0	0	0	0	0	0	0	0	0	0	0	0	0	0	0	0	0	0	0	0	0	0	0	112696	0	0	0	0	0	0	0	68850	0	0	0	0	0	0	0	0	0	369043	0	0	0	0	0	0	0	0	129449	0	0	0	0	0	0	0	0
8525	±‰“Ï ˜¥¸–‹	0	0	0	0	0	0	0	0	0	0	0	0	0	0	0	0	0	0	0	0	0	0	0	0	0	0	0	0	0	0	0	0	0	0	0	0	0	0	0	0	0	0	0	0	0	0	0	0	0	0	0	0	0	0	0	0	0	0	112696	0	0	0	0	0	0	0	68850	0	0	0	0	0	0	0	0	0	369043	0	0	0	0	0	0	0	0	129449	0	0	0	0	0	0	0	0
8526	±‰“Ï ˜¥¸–‹	0	0	0	0	0	0	0	0	0	0	0	0	0	0	0	0	0	0	0	0	0	0	0	0	0	0	0	0	0	0	0	0	0	0	0	0	0	0	0	0	0	0	0	0	0	0	0	0	0	0	0	0	0	0	0	0	0	0	112696	0	0	0	0	0	0	0	68850	0	0	0	0	0	0	0	0	0	369043	0	0	0	0	0	0	0	0	129449	0	0	0	0	0	0	0	0
8529	 ˜¥¸–‹±¶±¶	0	0	0	0	0	0	0	0	0	0	0	0	0	0	0	0	0	0	0	0	0	0	0	0	0	0	0	0	0	0	0	0	0	0	0	0	0	0	0	0	0	0	0	0	0	0	0	0	0	0	0	0	0	0	0	0	0	0	112696	0	0	0	0	0	0	0	68850	0	0	0	0	0	0	0	0	0	369043	0	0	0	0	0	0	0	0	129449	0	0	0	0	0	0	0	0
8530	≥…ƒÍ ˜¥¸–‹	0	0	0	0	0	0	0	0	0	0	0	0	0	0	0	0	0	0	0	0	0	0	0	0	0	0	0	0	0	0	0	0	0	0	0	0	0	0	0	0	0	0	0	0	0	0	0	0	0	0	0	0	0	0	0	0	0	0	129449	0	0	0	0	0	0	0	82549	0	0	0	0	0	0	0	0	0	369043	0	0	0	0	0	0	0	0	147602	0	0	0	0	0	0	0	0
8531	±‰“Ï ˜¥¸–‹	0	0	0	0	0	0	0	0	0	0	0	0	0	0	0	0	0	0	0	0	0	0	0	0	0	0	0	0	0	0	0	0	0	0	0	0	0	0	0	0	0	0	0	0	0	0	0	0	0	0	0	0	0	0	0	0	0	0	129449	0	0	0	0	0	0	0	82549	0	0	0	0	0	0	0	0	0	369043	0	0	0	0	0	0	0	0	147602	0	0	0	0	0	0	0	0
8532	±‰“Ï ˜¥¸–‹	0	0	0	0	0	0	0	0	0	0	0	0	0	0	0	0	0	0	0	0	0	0	0	0	0	0	0	0	0	0	0	0	0	0	0	0	0	0	0	0	0	0	0	0	0	0	0	0	0	0	0	0	0	0	0	0	0	0	129449	0	0	0	0	0	0	0	82549	0	0	0	0	0	0	0	0	0	369043	0	0	0	0	0	0	0	0	147602	0	0	0	0	0	0	0	0
8533	±‰“Ï ˜¥¸–‹	0	0	0	0	0	0	0	0	0	0	0	0	0	0	0	0	0	0	0	0	0	0	0	0	0	0	0	0	0	0	0	0	0	0	0	0	0	0	0	0	0	0	0	0	0	0	0	0	0	0	0	0	0	0	0	0	0	0	129449	0	0	0	0	0	0	0	82549	0	0	0	0	0	0	0	0	0	369043	0	0	0	0	0	0	0	0	147602	0	0	0	0	0	0	0	0
8534	±‰“Ï ˜¥¸–‹	0	0	0	0	0	0	0	0	0	0	0	0	0	0	0	0	0	0	0	0	0	0	0	0	0	0	0	0	0	0	0	0	0	0	0	0	0	0	0	0	0	0	0	0	0	0	0	0	0	0	0	0	0	0	0	0	0	0	129449	0	0	0	0	0	0	0	82549	0	0	0	0	0	0	0	0	0	369043	0	0	0	0	0	0	0	0	147602	0	0	0	0	0	0	0	0
8535	±‰“Ï ˜¥¸–‹	0	0	0	0	0	0	0	0	0	0	0	0	0	0	0	0	0	0	0	0	0	0	0	0	0	0	0	0	0	0	0	0	0	0	0	0	0	0	0	0	0	0	0	0	0	0	0	0	0	0	0	0	0	0	0	0	0	0	129449	0	0	0	0	0	0	0	82549	0	0	0	0	0	0	0	0	0	369043	0	0	0	0	0	0	0	0	147602	0	0	0	0	0	0	0	0
8536	±‰“Ï ˜¥¸–‹	0	0	0	0	0	0	0	0	0	0	0	0	0	0	0	0	0	0	0	0	0	0	0	0	0	0	0	0	0	0	0	0	0	0	0	0	0	0	0	0	0	0	0	0	0	0	0	0	0	0	0	0	0	0	0	0	0	0	129449	0	0	0	0	0	0	0	82549	0	0	0	0	0	0	0	0	0	369043	0	0	0	0	0	0	0	0	147602	0	0	0	0	0	0	0	0
8537	±‰“Ï ˜¥¸–‹	0	0	0	0	0	0	0	0	0	0	0	0	0	0	0	0	0	0	0	0	0	0	0	0	0	0	0	0	0	0	0	0	0	0	0	0	0	0	0	0	0	0	0	0	0	0	0	0	0	0	0	0	0	0	0	0	0	0	129449	0	0	0	0	0	0	0	82549	0	0	0	0	0	0	0	0	0	369043	0	0	0	0	0	0	0	0	147602	0	0	0	0	0	0	0	0
8539	 ˜¥¸–‹±¶±¶	0	0	0	0	0	0	0	0	0	0	0	0	0	0	0	0	0	0	0	0	0	0	0	0	0	0	0	0	0	0	0	0	0	0	0	0	0	0	0	0	0	0	0	0	0	0	0	0	0	0	0	0	0	0	0	0	0	0	129449	0	0	0	0	0	0	0	82549	0	0	0	0	0	0	0	0	0	369043	0	0	0	0	0	0	0	0	147602	0	0	0	0	0	0	0	0
8540	≥…ƒÍ ˜¥¸–‹	0	0	0	0	0	0	0	0	0	0	0	0	0	0	0	0	0	0	0	0	0	0	0	0	0	0	0	0	0	0	0	0	0	0	0	0	0	0	0	0	0	0	0	0	0	0	0	0	0	0	0	0	0	0	0	0	0	0	147602	0	0	0	0	0	0	0	97120	0	0	0	0	0	0	0	0	0	369043	0	0	0	0	0	0	0	0	167447	0	0	0	0	0	0	0	0
8541	±‰“Ï ˜¥¸–‹	0	0	0	0	0	0	0	0	0	0	0	0	0	0	0	0	0	0	0	0	0	0	0	0	0	0	0	0	0	0	0	0	0	0	0	0	0	0	0	0	0	0	0	0	0	0	0	0	0	0	0	0	0	0	0	0	0	0	147602	0	0	0	0	0	0	0	97120	0	0	0	0	0	0	0	0	0	369043	0	0	0	0	0	0	0	0	167447	0	0	0	0	0	0	0	0
8542	±‰“Ï ˜¥¸–‹	0	0	0	0	0	0	0	0	0	0	0	0	0	0	0	0	0	0	0	0	0	0	0	0	0	0	0	0	0	0	0	0	0	0	0	0	0	0	0	0	0	0	0	0	0	0	0	0	0	0	0	0	0	0	0	0	0	0	147602	0	0	0	0	0	0	0	97120	0	0	0	0	0	0	0	0	0	369043	0	0	0	0	0	0	0	0	167447	0	0	0	0	0	0	0	0
8543	±‰“Ï ˜¥¸–‹	0	0	0	0	0	0	0	0	0	0	0	0	0	0	0	0	0	0	0	0	0	0	0	0	0	0	0	0	0	0	0	0	0	0	0	0	0	0	0	0	0	0	0	0	0	0	0	0	0	0	0	0	0	0	0	0	0	0	147602	0	0	0	0	0	0	0	97120	0	0	0	0	0	0	0	0	0	369043	0	0	0	0	0	0	0	0	167447	0	0	0	0	0	0	0	0
8544	±‰“Ï ˜¥¸–‹	0	0	0	0	0	0	0	0	0	0	0	0	0	0	0	0	0	0	0	0	0	0	0	0	0	0	0	0	0	0	0	0	0	0	0	0	0	0	0	0	0	0	0	0	0	0	0	0	0	0	0	0	0	0	0	0	0	0	147602	0	0	0	0	0	0	0	97120	0	0	0	0	0	0	0	0	0	369043	0	0	0	0	0	0	0	0	167447	0	0	0	0	0	0	0	0
8545	±‰“Ï ˜¥¸–‹	0	0	0	0	0	0	0	0	0	0	0	0	0	0	0	0	0	0	0	0	0	0	0	0	0	0	0	0	0	0	0	0	0	0	0	0	0	0	0	0	0	0	0	0	0	0	0	0	0	0	0	0	0	0	0	0	0	0	147602	0	0	0	0	0	0	0	97120	0	0	0	0	0	0	0	0	0	369043	0	0	0	0	0	0	0	0	167447	0	0	0	0	0	0	0	0
8546	±‰“Ï ˜¥¸–‹	0	0	0	0	0	0	0	0	0	0	0	0	0	0	0	0	0	0	0	0	0	0	0	0	0	0	0	0	0	0	0	0	0	0	0	0	0	0	0	0	0	0	0	0	0	0	0	0	0	0	0	0	0	0	0	0	0	0	147602	0	0	0	0	0	0	0	97120	0	0	0	0	0	0	0	0	0	369043	0	0	0	0	0	0	0	0	167447	0	0	0	0	0	0	0	0
8547	±‰“Ï ˜¥¸–‹	0	0	0	0	0	0	0	0	0	0	0	0	0	0	0	0	0	0	0	0	0	0	0	0	0	0	0	0	0	0	0	0	0	0	0	0	0	0	0	0	0	0	0	0	0	0	0	0	0	0	0	0	0	0	0	0	0	0	147602	0	0	0	0	0	0	0	97120	0	0	0	0	0	0	0	0	0	369043	0	0	0	0	0	0	0	0	167447	0	0	0	0	0	0	0	0
8548	±‰“Ï ˜¥¸–‹	0	0	0	0	0	0	0	0	0	0	0	0	0	0	0	0	0	0	0	0	0	0	0	0	0	0	0	0	0	0	0	0	0	0	0	0	0	0	0	0	0	0	0	0	0	0	0	0	0	0	0	0	0	0	0	0	0	0	147602	0	0	0	0	0	0	0	97120	0	0	0	0	0	0	0	0	0	369043	0	0	0	0	0	0	0	0	167447	0	0	0	0	0	0	0	0
8549	 ˜¥¸–‹±¶±¶	0	0	0	0	0	0	0	0	0	0	0	0	0	0	0	0	0	0	0	0	0	0	0	0	0	0	0	0	0	0	0	0	0	0	0	0	0	0	0	0	0	0	0	0	0	0	0	0	0	0	0	0	0	0	0	0	0	0	147602	0	0	0	0	0	0	0	97120	0	0	0	0	0	0	0	0	0	369043	0	0	0	0	0	0	0	0	167447	0	0	0	0	0	0	0	0
