INT	STRING	FLOAT	FLOAT	FLOAT	FLOAT	INT	INT	INT	STRING	STRING	STRING	STRING	STRING	STRING	STRING	STRING	STRING	STRING	STRING	STRING	STRING	STRING	STRING	STRING	STRING	STRING	STRING	STRING	STRING	STRING	STRING	STRING	STRING	STRING	STRING	STRING	STRING	STRING	STRING	STRING	STRING
INT	STRING	FLOAT	FLOAT	FLOAT	FLOAT	INT	INT	INT	STRING	STRING	STRING	STRING	STRING	STRING	STRING	STRING	STRING	STRING	STRING	STRING	STRING	STRING	STRING	STRING	STRING	STRING	STRING	STRING	STRING	STRING	STRING	STRING	STRING	STRING	STRING	STRING	STRING	STRING	STRING	STRING	STRING
0	男主角.obj	1	2	1	0.15	182	183	184	男主角.txt	男主角_虎.txt	男主角_马.txt	男主角_狼.txt	男主角_雕.txt	男主角_鹿.txt	男主角_鹤.txt	男主角_凤.txt	男主角_骆驼.txt	男主角_牦牛.txt	男主角_白虎.txt	男主角_青白骢马.txt	男主角_白狼.txt	男主角_白雕.txt	男主角_白鹿.txt	男主角_金翼鹤.txt	男主角_红白凤.txt	男主角_白骆驼.txt	男主角_白牦牛.txt	男主角_狮子.txt	男主角_白狮.txt		男主角_走雕.txt	男主角_走白雕.txt	男主角_犀牛.txt	男主角_陆吾.txt	男主角_熊.txt	男主角_玄龟.txt	男主角_马车.txt	男主角_天使翅膀.txt		男主角_轿子.txt	男主角_交通工具_鹰.txt
1	女主角.obj	1	2	1	0.15	185	186	187	女主角.txt	女主角_虎.txt	女主角_马.txt	女主角_狼.txt	女主角_雕.txt	女主角_鹿.txt	女主角_鹤.txt	女主角_凤.txt	女主角_骆驼.txt	女主角_牦牛.txt	女主角_白虎.txt	女主角_青白骢马.txt	女主角_白狼.txt	女主角_白雕.txt	女主角_白鹿.txt	女主角_金翼鹤.txt	女主角_红白凤.txt	女主角_白骆驼.txt	女主角_白牦牛.txt	女主角_狮子.txt	女主角_白狮.txt		女主角_走雕.txt	女主角_走白雕.txt	女主角_犀牛.txt	女主角_陆吾.txt	女主角_熊.txt	女主角_玄龟.txt	女主角_马车.txt	女主角_天使翅膀.txt		女主角_轿子.txt	女主角_交通工具_鹰.txt
2	巴天石.obj	1	2	1	0.15	182	183	184	巴天石.txt																																
3	白堤柳鬼.obj	1	2	1	0.15	182	183	184	白堤柳鬼.txt																																
5	毕昇.obj	1	2	1	0.15	182	183	184	毕昇.txt																																
7	蔡京.obj	1	2	1	0.15	182	183	184	蔡京.txt																																
8	残破兵俑.obj	1	2	1	0.15	182	183	184	残破兵俑.txt																																
9	单正.obj	1	2	1	0.15	182	183	184	单正.txt																																
10	稻草人.obj	1	2	1	0.15	182	183	184	稻草人.txt																																
11	丁春秋.obj	1	2	1	0.15	182	183	184	丁春秋.txt																																
12	段誉.obj	1	2	1	0.15	182	183	184	段誉.txt																																
13	断桥花妖.obj	1	2	1	0.15	182	183	184	断桥花妖.txt																																
15	方百花.obj	1	2	1	0.15	182	183	184	方百花.txt																																
16	鬼面人.obj	1	2	1	0.15	182	183	184	鬼面人.txt																																
17	韩印雪.obj	1	2	1	0.15	182	183	184	韩印雪.txt																																
19	黑蜂.obj	1	2	1	0.15	182	183	184	黑蜂.txt																																
20	金左焕.obj	1	2	1	0.15	182	183	184	金左焕.txt																																
21	酒徒.obj	1	2	1	0.15	182	183	184	酒徒.txt																																
22	郎中.obj	1	2	1	0.15	182	183	184	郎中.txt																																
25	李师师.obj	1	2	1	0.15	182	183	184	李师师.txt																																
26	李十二娘.obj	1	2	1	0.15	182	183	184	李十二娘.txt																																
27	辽兵.obj	1	2	1	0.15	182	183	184	战斗NPC.txt																																
32	米芾.obj	1	2	1	0.15	182	183	184	米芾.txt																																
33	白苗卫兵.obj	1	2	1	0.15	182	183	184	战斗NPC.txt																																
34	木人.obj	1	2	1	0.15	182	183	184	木人.txt																																
35	欧阳修.obj	1	2	1	0.15	182	183	184	欧阳修.txt																																
37	秦红棉.obj	1	2	1	0.15	182	183	184	秦红棉.txt																																
38	秦家寨探子.obj	1	2	1	0.15	182	183	184	秦家寨兵.txt																																
39	山鬼.obj	1	2	1	0.15	182	183	184	山鬼.txt																																
40	山蛛.obj	1	2	1	0.15	182	183	184	山蛛.txt																																
42	石人.obj	1	2	1	0.15	182	183	184	石人.txt																																
44	书生.obj	1	2	1	0.15	182	183	184	书生.txt																																
45	蜀道黑猿.obj	1	2	1	0.15	182	183	184	蜀道黑猿.txt																																
50	宋兵.obj	1	2	1	0.15	182	183	184	宋兵.txt																																
51	宋将士.obj	1	2	1	0.15	182	183	184	宋将士.txt																																
52	苏辙.obj	1	2	1	0.15	182	183	184	苏辙.txt																																
53	藤甲贼.obj	1	2	1	0.15	182	183	184	藤甲贼.txt																																
54	藤员佐为.obj	1	2	1	0.15	182	183	184	藤员佐为.txt																																
56	吴长风.obj	1	2	1	0.15	182	183	184	吴长风.txt																																
57	萧峰.obj	1	2	1	0.15	182	183	184	萧峰.txt																																
58	萧奉先.obj	1	2	1	0.15	182	183	184	萧奉先.txt																																
59	萧远山.obj	1	2	1	0.15	182	183	184	萧远山.txt																																
60	邪剑仙.obj	1	2	1	0.15	182	183	184	邪剑仙.txt																																
61	熊.obj	1	2	1	0.15	182	183	184	熊.txt																																
63	薛慕华.obj	1	2	1	0.15	182	183	184	薛慕华.txt																																
64	雪人.obj	1	2	1	0.15	182	183	184	雪人.txt																																
65	丫鬟.obj	1	2	1	0.15	182	183	184	丫鬟.txt																																
67	杨文广.obj	1	2	1	0.15	182	183	184	杨文广.txt																																
68	药篓.obj	1	2	1	0.15	182	183	184	药篓.txt																																
70	叶二娘.obj	1	2	1	0.15	182	183	184	叶二娘.txt																																
71	银川公主.obj	1	2	1	0.15	182	183	184	银川公主.txt																																
72	游坦之.obj	1	2	1	0.15	182	183	184	游坦之.txt																																
73	云中鹤.obj	1	2	1	0.15	182	183	184	云中鹤.txt																																
74	摘星子.obj	1	2	1	0.15	182	183	184	摘星子.txt																																
75	张耒.obj	1	2	1	0.15	182	183	184	张耒.txt																																
76	张玄素.obj	1	2	1	0.15	182	183	184	张玄素.txt																																
78	宗赞王子.obj	1	2	1	0.15	182	183	184	宗赞王子.txt																																
79	商人.obj	1	2	1	0.15	182	183	184	商人.txt																																
80	老道士.obj	1	2	1	0.15	182	183	184	老道士.txt																																
82	刀白凤.obj	1	2	1	0.15	182	183	184	刀白凤.txt																																
83	完颜阿骨达.obj	1	2	1	0.15	182	183	184	完颜阿骨达.txt																																
84	康广陵.obj	1	2	1	0.15	182	183	184	康广灵.txt																																
85	小男孩.obj	1	2	1	0.15	182	183	184	小男孩.txt																																
86	天山中年女弟子.obj	1	2	1	0.15	182	183	184	天山中年女弟子.txt																																
87	高俅.obj	1	2	1	0.15	182	183	184	高俅.txt																																
88	林和靖.obj	1	2	1	0.15	182	183	184	林和靖.txt																																
89	小道士.obj	1	2	1	0.15	182	183	184	小道士.txt																																
90	程景.obj	1	2	1	0.15	182	183	184	程景.txt																																
91	客栈老板.obj	1	2	1	0.15	182	183	184	客栈老板.txt																																
93	沈括.obj	1	2	1	0.15	182	183	184	沈括.txt																																
94	佛印.obj	1	2	1	0.15	182	183	184	佛印.txt																																
95	阿紫.obj	1	2	1	0.15	182	183	184	阿紫.txt																																
96	康敏.obj	1	2	1	0.15	182	183	184	康敏.txt																																
97	钟万仇.obj	1	2	1	0.15	182	183	184	钟万仇.txt																																
98	本因.obj	1	2	1	0.15	182	183	184	本因.txt																																
99	奚长老.obj	1	2	1	0.15	182	183	184	奚长老.txt																																
100	苏星河.obj	1	2	1	0.15	182	183	184	苏星河.txt																																
101	鸠摩智.obj	1	2	1	0.15	182	183	184	鸠摩智.txt																																
102	胖妇.obj	1	2	1	0.15	182	183	184	胖妇.txt																																
104	黄裳.obj	1	2	1	0.15	182	183	184	黄裳.txt																																
105	铁匠.obj	1	2	1	0.15	182	183	184	铁匠.txt																																
106	裁缝.obj	1	2	1	0.15	182	183	184	裁缝.txt																																
107	奸商.obj	1	2	1	0.15	182	183	184	战斗NPC.txt																																
108	酒店老板.obj	1	2	1	0.15	182	183	184	酒店老板.txt																																
109	钱庄老板.obj	1	2	1	0.15	182	183	184	钱庄老板.txt																																
110	玄慈.obj	1	2	1	0.15	182	183	184	玄慈.txt																																
111	慧伦.obj	1	2	1	0.15	182	183	184	慧伦.txt																																
112	小和尚.obj	1	2	1	0.15	182	183	184	小和尚.txt																																
113	镖头.obj	1	2	1	0.15	182	183	184	战斗NPC.txt																																
114	捕快.obj	1	2	1	0.15	182	183	184	捕快.txt																																
115	少妇.obj	1	2	1	0.15	182	183	184	少妇.txt																																
116	王安石.obj	1	2	1	0.15	182	183	184	王安石.txt																																
117	苏轼.obj	1	2	1	0.15	182	183	184	苏轼.txt																																
118	慕容复.obj	1	2	1	0.15	182	183	184	慕容复.txt																																
119	风波恶.obj	1	2	1	0.15	182	183	184	风波恶.txt																																
120	阿碧.obj	1	2	1	0.15	182	183	184	阿碧.txt																																
121	阿珠.obj	1	2	1	0.15	182	183	184	阿珠.txt																																
122	仇道士.obj	1	2	1	0.15	182	183	184	仇道士.txt																																
123	段延庆.obj	1	2	1	0.15	182	183	184	段延庆.txt																																
124	段正淳.obj	1	2	1	0.15	182	183	184	段正淳.txt																																
125	段正明.obj	1	2	1	0.15	182	183	184	段正明.txt																																
126	方腊.obj	1	2	1	0.15	182	183	184	方腊.txt																																
127	方七佛.obj	1	2	1	0.15	182	183	184	方七佛.txt																																
128	方七佛.obj	1	2	1	0.15	182	183	184	方七佛.txt																																
129	玛拉.obj	1	2	1	0.15	182	183	184	玛拉.txt																																
130	冯阿三.obj	1	2	1	0.15	182	183	184	冯阿三.txt																																
131	韩世忠.obj	1	2	1	0.15	182	183	184	韩世忠.txt																																
134	红玉.obj	1	2	1	0.15	182	183	184	红玉.txt																																
135	天山女弟子.obj	1	2	1	0.15	182	183	184	天山女弟子.txt																																
136	朱丹臣.obj	1	2	1	0.15	182	183	184	朱丹臣.txt																																
141	城市飞人.obj	1	2	1	0.15	182	183	184	城市飞人.txt																																
142	鸽子01.obj	1	2	1	0.15	182	183	184	鸽子01.txt																																
143	鸽子02.obj	1	2	1	0.15	182	183	184	鸽子02.txt																																
144	鸽子03.obj	1	2	1	0.15	182	183	184	鸽子03.txt																																
145	怪兽.obj	1	2	1	0.15	182	183	184	怪兽.txt																																
151	狗.obj	1	2	1	0.15	182	183	184	狗.txt																																
152	羊.obj	1	2	1	0.15	182	183	184	羊.txt																																
153	高山白猿.obj	1	2	1	0.15	182	183	184	高山白猿.txt																																
154	黑衣马匪.obj	1	2	1	0.15	182	183	184	黑衣马匪.txt																																
155	东北虎.obj	1	2	1	0.15	182	183	184	东北虎.txt																																
157	巴伦莽盖.obj	1	2	1	0.15	182	183	184	巴伦莽盖.txt																																
158	棕熊.obj	1	2	1	0.15	182	183	184	棕熊.txt																																
159	红枫蜘蛛.obj	1	2	1	0.15	182	183	184	红枫蜘蛛.txt																																
160	轻甲莽盖.obj	1	2	1	0.15	182	183	184	轻甲莽盖.txt																																
161	重甲莽盖.obj	1	2	1	0.15	182	183	184	重甲莽盖.txt																																
162	沼泽鳄鱼.obj	1	2	1	0.15	182	183	184	沼泽鳄鱼.txt																																
163	金钱豹.obj	1	2	1	0.15	182	183	184	金钱豹.txt																																
164	雪山莽盖.obj	1	2	1	0.15	182	183	184	雪山莽盖.txt																																
165	大黄蜂.obj	1	2	1	0.15	182	183	184	大黄蜂.txt																																
166	蒙古黑蜂.obj	1	2	1	0.15	182	183	184	蒙古黑蜂.txt																																
167	丛林蜂.obj	1	2	1	0.15	182	183	184	丛林蜂.txt																																
168	白狼王.obj	1	2	1	0.15	182	183	184	白狼王.txt																																
169	草原狼.obj	1	2	1	0.15	182	183	184	草原狼.txt																																
170	西北狼.obj	1	2	1	0.15	182	183	184	西北狼.txt																																
171	红衣马匪.obj	1	2	1	0.15	182	183	184	红衣马匪.txt																																
172	马匪探子.obj	1	2	1	0.15	182	183	184	马匪探子.txt																																
173	闪电马匪.obj	1	2	1	0.15	182	183	184	闪电马匪.txt																																
174	追风马匪.obj	1	2	1	0.15	182	183	184	追风马匪.txt																																
175	秦家寨兵.obj	1	2	1	0.15	182	183	184	秦家寨兵.txt																																
176	秦家寨教头.obj	1	2	1	0.15	182	183	184	秦家寨兵.txt																																
177	秦家寨喽啰.obj	1	2	1	0.15	182	183	184	秦家寨兵.txt																																
178	弯刀马匪.obj	1	2	1	0.15	182	183	184	弯刀马匪.txt																																
179	秦观.obj	1	2	1	0.15	182	183	184	秦观.txt																																
180	全冠清.obj	1	2	1	0.15	182	183	184	全冠清.txt																																
200	赫连铁树.obj	1	2	1	0.15	182	183	184	赫连铁树.txt																																
201	宋大官员1.obj	1	2	1	0.15	182	183	184	宋大官员1.txt																																
202	宋大官员2.obj	1	2	1	0.15	182	183	184	宋大官员2.txt																																
203	宋大官员3.obj	1	2	1	0.15	182	183	184	宋大官员3.txt																																
204	宋将士1.obj	1	2	1	0.15	182	183	184	战斗NPC.txt																																
205	宋将士2.obj	1	2	1	0.15	182	183	184	战斗NPC.txt																																
206	宋将士3.obj	1	2	1	0.15	182	183	184	战斗NPC.txt																																
207	宋将士4.obj	1	2	1	0.15	182	183	184	战斗NPC.txt																																
208	捕快B.obj	1	2	1	0.15	182	183	184	捕快B.txt																																
209	白苗贵族女.obj	1	2	1	0.15	182	183	184	白苗贵族女.txt																																
210	黑苗卫兵.obj	1	2	1	0.15	182	183	184	战斗NPC.txt																																
211	苏辙A.obj	1	2	1	0.15	182	183	184	苏辙A.txt																																
212	苏辙B.obj	1	2	1	0.15	182	183	184	苏辙B.txt																																
213	峨嵋中年女侠.obj	1	2	1	0.15	182	183	184	峨嵋中年女侠.txt																																
214	小茗.obj	1	2	1	0.15	182	183	184	小茗.txt																																
215	小诗.obj	1	2	1	0.15	182	183	184	小诗.txt																																
216	峨嵋男弟子.obj	1	2	1	0.15	182	183	184	峨嵋男弟子.txt																																
217	孟青青.obj	1	2	1	0.15	182	183	184	孟青青.txt																																
218	符敏仪.obj	1	2	1	0.15	182	183	184	符敏仪.txt																																
219	菊剑.obj	1	2	1	0.15	182	183	184	菊剑.txt																																
220	兰剑.obj	1	2	1	0.15	182	183	184	兰剑.txt																																
221	梅剑.obj	1	2	1	0.15	182	183	184	梅剑.txt																																
222	竹剑.obj	1	2	1	0.15	182	183	184	竹剑.txt																																
223	余婆.obj	1	2	1	0.15	182	183	184	余婆.txt																																
224	天山男弟子.obj	1	2	1	0.15	182	183	184	天山男弟子.txt																																
225	天山童姥.obj	1	2	1	0.15	182	183	184	天山童姥.txt																																
226	虚竹.obj	1	2	1	0.15	182	183	184	虚竹.txt																																
227	蒙古牧民1.obj	1	2	1	0.15	182	183	184	蒙古牧民1.txt																																
228	蒙古牧民2.obj	1	2	1	0.15	182	183	184	蒙古牧民2.txt																																
229	蒙古男1.obj	1	2	1	0.15	182	183	184	战斗NPC.txt																																
230	蒙古男2.obj	1	2	1	0.15	182	183	184	战斗NPC.txt																																
231	西夏步兵.obj	1	2	1	0.15	182	183	184	战斗NPC.txt																																
232	西夏将军1.obj	1	2	1	0.15	182	183	184	战斗NPC.txt																																
233	西夏将军2.obj	1	2	1	0.15	182	183	184	战斗NPC.txt																																
234	小男孩.obj	1	2	1	0.15	182	183	184	小男孩.txt																																
235	小男孩2.obj	1	2	1	0.15	182	183	184	小男孩2.txt																																
236	小男孩3.obj	1	2	1	0.15	182	183	184	小男孩3.txt																																
237	小女孩.obj	1	2	1	0.15	182	183	184	小女孩.txt																																
238	小女孩2.obj	1	2	1	0.15	182	183	184	小女孩2.txt																																
239	小女孩3.obj	1	2	1	0.15	182	183	184	小女孩3.txt																																
240	杨文广A.obj	1	2	1	0.15	182	183	184	杨文广A.txt																																
241	杨文广B.obj	1	2	1	0.15	182	183	184	杨文广B.txt																																
242	杨文广C.obj	1	2	1	0.15	182	183	184	杨文广C.txt																																
244	阿拉伯人B.obj	1	2	1	0.15	182	183	184	阿拉伯人B.txt																																
245	阿拉伯人C.obj	1	2	1	0.15	182	183	184	阿拉伯人C.txt																																
246	白苗族小男孩.obj	1	2	1	0.15	182	183	184	白苗族小男孩.txt																																
247	北方贵族.obj	1	2	1	0.15	182	183	184	北方贵族.txt																																
248	北方老年男性.obj	1	2	1	0.15	182	183	184	北方老年男性.txt																																
249	北方猎户.obj	1	2	1	0.15	182	183	184	北方猎户.txt																																
250	北方青年女性.obj	1	2	1	0.15	182	183	184	北方青年女性.txt																																
251	唱戏的.obj	1	2	1	0.15	182	183	184	唱戏的.txt																																
252	大理士兵.obj	1	2	1	0.15	182	183	184	大理士兵.txt																																
253	德国人.obj	1	2	1	0.15	182	183	184	德国人.txt																																
254	犯人.obj	1	2	1	0.15	182	183	184	犯人.txt																																
255	富书生A.obj	1	2	1	0.15	182	183	184	富书生A.txt																																
256	富书生B.obj	1	2	1	0.15	182	183	184	富书生B.txt																																
257	黑苗贵族女.obj	1	2	1	0.15	182	183	184	黑苗贵族女.txt																																
258	黑苗男.obj	1	2	1	0.15	182	183	184	黑苗男.txt																																
259	黑苗女.obj	1	2	1	0.15	182	183	184	黑苗女.txt																																
260	黑苗族小男孩.obj	1	2	1	0.15	182	183	184	黑苗族小男孩.txt																																
261	轿夫.obj	1	2	1	0.15	182	183	184	轿夫.txt																																
262	酒店老板1.obj	1	2	1	0.15	182	183	184	酒店老板1.txt																																
263	酒店老板2.obj	1	2	1	0.15	182	183	184	酒店老板2.txt																																
264	酒店老板3.obj	1	2	1	0.15	182	183	184	酒店老板3.txt																																
265	郎中1.obj	1	2	1	0.15	182	183	184	郎中1.txt																																
266	郎中2.obj	1	2	1	0.15	182	183	184	郎中2.txt																																
267	老道士1.obj	1	2	1	0.15	182	183	184	老道士1.txt																																
268	老年员外.obj	1	2	1	0.15	182	183	184	老年员外.txt																																
269	辽国老年武官2.obj	1	2	1	0.15	182	183	184	辽国老年武官2.txt																																
270	辽国老年武官.obj	1	2	1	0.15	182	183	184	辽国老年武官.txt																																
271	辽国骑兵1.obj	1	2	1	0.15	182	183	184	辽国骑兵1.txt																																
272	辽国骑兵2.obj	1	2	1	0.15	182	183	184	辽国骑兵2.txt																																
273	辽国骑兵3.obj	1	2	1	0.15	182	183	184	辽国骑兵3.txt																																
274	辽国中年武官2.obj	1	2	1	0.15	182	183	184	辽国中年武官2.txt																																
275	辽国中年武官.obj	1	2	1	0.15	182	183	184	辽国中年武官.txt																																
276	辽文官.obj	1	2	1	0.15	182	183	184	辽文官.txt																																
277	蒙古女1.obj	1	2	1	0.15	182	183	184	蒙古女1.txt																																
278	蒙古女2.obj	1	2	1	0.15	182	183	184	蒙古女2.txt																																
279	名医1.obj	1	2	1	0.15	182	183	184	名医1.txt																																
280	名医2.obj	1	2	1	0.15	182	183	184	名医2.txt																																
281	农妇1.obj	1	2	1	0.15	182	183	184	农妇1.txt																																
282	农妇2.obj	1	2	1	0.15	182	183	184	农妇2.txt																																
283	女真武士.obj	1	2	1	0.15	182	183	184	战斗NPC.txt																																
284	欧阳修B.obj	1	2	1	0.15	182	183	184	欧阳修B.txt																																
285	欧阳修C.obj	1	2	1	0.15	182	183	184	欧阳修C.txt																																
286	胖大商人.obj	1	2	1	0.15	182	183	184	胖大商人.txt																																
287	普通侠士1.obj	1	2	1	0.15	182	183	184	战斗NPC.txt																																
288	普通侠士2.obj	1	2	1	0.15	182	183	184	战斗NPC.txt																																
289	普通侠士3.obj	1	2	1	0.15	182	183	184	战斗NPC.txt																																
290	乞丐.obj	1	2	1	0.15	182	183	184	乞丐.txt																																
291	青年道姑.obj	1	2	1	0.15	182	183	184	青年道姑.txt																																
292	穷书生A.obj	1	2	1	0.15	182	183	184	穷书生A.txt																																
293	穷书生B.obj	1	2	1	0.15	182	183	184	穷书生B.txt																																
294	少妇2.obj	1	2	1	0.15	182	183	184	少妇2.txt																																
295	少妇3.obj	1	2	1	0.15	182	183	184	少妇3.txt																																
296	少妇4.obj	1	2	1	0.15	182	183	184	少妇4.txt																																
297	少妇4.obj	1	2	1	0.15	182	183	184	少妇4.txt																																
298	宋朝小官吏.obj	1	2	1	0.15	182	183	184	宋朝小官吏.txt																																
299	西藏喇嘛.obj	1	2	1	0.15	182	183	184	西藏喇嘛.txt																																
300	小贩.obj	1	2	1	0.15	182	183	184	小贩.txt																																
301	小贩B.obj	1	2	1	0.15	182	183	184	小贩B.txt																																
302	小贩C.obj	1	2	1	0.15	182	183	184	小贩C.txt																																
303	新手指导男.obj	1	2	1	0.15	182	183	184	新手指导男.txt																																
304	新手指导女.obj	1	2	1	0.15	182	183	184	新手指导女.txt																																
305	丫鬟B.obj	1	2	1	0.15	182	183	184	丫鬟B.txt																																
306	渔夫.obj	1	2	1	0.15	182	183	184	渔夫.txt																																
307	月老.obj	1	2	1	0.15	182	183	184	月老.txt																																
308	中年贵妇.obj	1	2	1	0.15	182	183	184	中年贵妇.txt																																
309	中年贵妇B.obj	1	2	1	0.15	182	183	184	中年贵妇B.txt																																
310	钟灵.obj	1	2	1	0.15	182	183	184	钟灵.txt																																
312	王语嫣.obj	1	2	1	0.15	182	183	184	王语嫣.txt																																
313	大理俗家女弟子.obj	1	2	1	0.15	182	183	184	大理俗家女弟子.txt																																
314	大理小沙弥.obj	1	2	1	0.15	182	183	184	大理小沙弥.txt																																
316	本参.obj	1	2	1	0.15	182	183	184	破嗔.txt																																
317	本观.obj	1	2	1	0.15	182	183	184	破嗔.txt																																
319	破痴.obj	1	2	1	0.15	182	183	184	破嗔.txt																																
330	白世镜.obj	1	2	1	0.15	182	183	184	白世镜.txt																																
331	吕师襄.obj	1	2	1	0.15	182	183	184	吕师襄.txt																																
332	余道安.obj	1	2	1	0.15	182	183	184	余道安.txt																																
333	慕容博.obj	1	2	1	0.15	182	183	184	慕容博.txt																																
334	少林女弟子.obj	1	2	1	0.15	182	183	184	少林女弟子.txt																																
335	俗家弟子.obj	1	2	1	0.15	182	183	184	俗家弟子.txt																																
336	程若清.obj	1	2	1	0.15	182	183	184	程若清.txt																																
337	鹤云道人.obj	1	2	1	0.15	182	183	184	鹤云道人.txt																																
338	林灵素.obj	1	2	1	0.15	182	183	184	林灵素.txt																																
339	宁虚散人.obj	1	2	1	0.15	182	183	184	宁虚散人.txt																																
340	李傀儡.obj	1	2	1	0.15	182	183	184	李傀儡.txt																																
341	吴领军.obj	1	2	1	0.15	182	183	184	吴领军.txt																																
342	出尘子.obj	1	2	1	0.15	182	183	184	出尘子.txt																																
343	狮吼子.obj	1	2	1	0.15	182	183	184	狮吼子.txt																																
344	天狼子.obj	1	2	1	0.15	182	183	184	天狼子.txt																																
345	赵天师.obj	1	2	1	0.15	182	183	184	破嗔.txt																																
346	破痴.obj	1	2	1	0.15	182	183	184	破嗔.txt																																
347	张函芝.obj	1	2	1	0.15	182	183	184	破嗔.txt																																
348	南海鳄神.obj	1	2	1	0.15	182	183	184	南海鳄神.txt																																
349	黑苗老头.obj	1	2	1	0.15	182	183	184	破嗔.txt																																
350	扫地老僧.obj	1	2	1	0.15	182	183	184	破嗔.txt																																
351	阿拉伯男人1.obj	1	2	1	0.15	182	183	184	破嗔.txt																																
352	阿拉伯男人2.obj	1	2	1	0.15	182	183	184	破嗔.txt																																
353	李秋水.obj	1	2	1	0.15	182	183	184	破嗔.txt																																
354	陈孤雁.obj	1	2	1	0.15	182	183	184	破嗔.txt																																
355	刘竹庄.obj	1	2	1	0.15	182	183	184	破嗔.txt																																
356	徐长老.obj	1	2	1	0.15	182	183	184	破嗔.txt																																
357	张全祥.obj	1	2	1	0.15	182	183	184	破嗔.txt																																
358	左慈.obj	1	2	1	0.15	182	183	184	破嗔.txt																																
359	范百龄.obj	1	2	1	0.15	182	183	184	破嗔.txt																																
360	苟渎.obj	1	2	1	0.15	182	183	184	破嗔.txt																																
361	石清露.obj	1	2	1	0.15	182	183	184	破嗔.txt																																
362	石嫂.obj	1	2	1	0.15	182	183	184	破嗔.txt																																
363	林世长.obj	1	2	1	0.15	182	183	184	破嗔.txt																																
364	玄寂.obj	1	2	1	0.15	182	183	184	破嗔.txt																																
365	玄难.obj	1	2	1	0.15	182	183	184	破嗔.txt																																
366	赵天师新.obj	1	2	1	0.15	182	183	184	赵天师新.txt																																
367	北院辽兵.obj	1	2	1	0.15	182	183	184	北院辽兵.txt																																
368	楚王.obj	1	2	1	0.15	182	183	184	楚王.txt																																
369	楚王精英卫士.obj	1	2	1	0.15	182	183	184	楚王精英卫士.txt																																
370	僵尸.obj	1	2	1	0.15	182	183	184	僵尸.txt																																
371	精英西夏黑黄纹衣武士.obj	1	2	1	0.15	182	183	184	精英西夏黑黄纹衣武士.txt																																
372	精英西夏红衣武士.obj	1	2	1	0.15	182	183	184	精英西夏红衣武士.txt																																
373	精英西夏黄衣武士.obj	1	2	1	0.15	182	183	184	精英西夏黄衣武士.txt																																
374	精英西夏灰衣武士.obj	1	2	1	0.15	182	183	184	精英西夏灰衣武士.txt																																
375	精英西夏魁梧武士.obj	1	2	1	0.15	182	183	184	精英西夏魁梧武士.txt																																
376	聚贤庄家丁.obj	1	2	1	0.15	182	183	184	聚贤庄家丁.txt																																
377	魁梧青年侠客.obj	1	2	1	0.15	182	183	184	魁梧青年侠客.txt																																
378	魁梧中年侠士.obj	1	2	1	0.15	182	183	184	魁梧中年侠士.txt																																
379	老乞丐.obj	1	2	1	0.15	182	183	184	老乞丐.txt																																
380	李延宗.obj	1	2	1	0.15	182	183	184	李延宗.txt																																
381	辽国皇帝.obj	1	2	1	0.15	182	183	184	辽国皇帝.txt																																
382	辽国皇太叔A.obj	1	2	1	0.15	182	183	184	辽国皇太叔A.txt																																
383	辽国皇太叔B.obj	1	2	1	0.15	182	183	184	辽国皇太叔B.txt																																
384	辽国皇太叔C.obj	1	2	1	0.15	182	183	184	辽国皇太叔C.txt																																
385	南院辽兵.obj	1	2	1	0.15	182	183	184	南院辽兵.txt																																
386	普通西夏武士.obj	1	2	1	0.15	182	183	184	普通西夏武士.txt																																
387	青年女侠.obj	1	2	1	0.15	182	183	184	青年女侠.txt																																
388	青年书生.obj	1	2	1	0.15	182	183	184	青年书生.txt																																
389	少林老僧.obj	1	2	1	0.15	182	183	184	少林老僧.txt																																
390	瘦削青年侠客.obj	1	2	1	0.15	182	183	184	瘦削青年侠客.txt																																
391	瘦削中年侠士.obj	1	2	1	0.15	182	183	184	瘦削中年侠士.txt																																
392	万劫谷卫兵.obj	1	2	1	0.15	182	183	184	万劫谷卫兵.txt																																
393	中年女侠.obj	1	2	1	0.15	182	183	184	中年女侠.txt																																
394	中年乞丐.obj	1	2	1	0.15	182	183	184	中年乞丐.txt																																
395	中年书生.obj	1	2	1	0.15	182	183	184	中年书生.txt																																
396	背包袱路人.obj	1	2	1	0.15	182	183	184	背包袱路人.txt																																
397	打伞女.obj	1	2	1	0.15	182	183	184	打伞女.txt																																
398	俩人抬箱子.obj	1	2	1	0.15	182	183	184	俩人抬箱子.txt																																
399	骑驴老头.obj	1	2	1	0.15	182	183	184	骑驴老头.txt																																
400	骑马的路人.obj	1	2	1	0.15	182	183	184	骑马的路人.txt																																
401	耍猴人.obj	1	2	1	0.15	182	183	184	耍猴人.txt																																
402	挑扁担小贩.obj	1	2	1	0.15	182	183	184	挑扁担小贩.txt																																
403	推车小贩.obj	1	2	1	0.15	182	183	184	推车小贩.txt																																
404	甲虫.obj	1	2	1	0.15	182	183	184	德国人.txt																																
405	老鼠.obj	1	2	1	0.15	182	183	184	德国人.txt																																
406	小蝙蝠.obj	1	2	1	0.15	182	183	184	德国人.txt																																
407	小青蛙.obj	1	2	1	0.15	182	183	184	德国人.txt																																
408	小蜥蜴.obj	1	2	1	0.15	182	183	184	德国人.txt																																
409	蝎子.obj	1	2	1	0.15	182	183	184	德国人.txt																																
410	红色帽子圣诞老人.obj	1	2	1	0.15	182	183	184	圣诞老人.txt																																
411	蓝色帽子圣诞老人.obj	1	2	1	0.15	182	183	184	圣诞老人.txt																																
412	李秋水1.obj	1	2	1	0.15	182	183	184	李秋水_1.txt																																
413	天山童姥.obj	1	2	1	0.15	182	183	184	天山童姥_1.txt																																
414	天山童姥.obj	1	2	1	0.15	182	183	184	天山童姥_2.txt																																
415	胖一般商人.obj	1	2	1	0.15	182	183	184	胖大商人.txt																																
416	大理俗家弟子.obj	1	2	1	0.15	182	183	184	胖大商人.txt																																
417	洛阳兵1.obj	1	2	1	0.15	182	183	184	德国人.txt																																
418	洛阳兵2.obj	1	2	1	0.15	182	183	184	德国人.txt																																
419	大理骑乘弟子.obj	1	2	1	0.15	182	183	184	破嗔.txt																																
420	峨嵋骑乘弟子.obj	1	2	1	0.15	182	183	184	破嗔.txt																																
421	丐帮骑乘弟子.obj	1	2	1	0.15	182	183	184	破嗔.txt																																
422	明教骑乘弟子.obj	1	2	1	0.15	182	183	184	破嗔.txt																																
423	少林骑乘弟子.obj	1	2	1	0.15	182	183	184	破嗔.txt																																
424	天山骑乘弟子.obj	1	2	1	0.15	182	183	184	破嗔.txt																																
425	武当骑乘弟子.obj	1	2	1	0.15	182	183	184	破嗔.txt																																
426	逍遥骑乘弟子.obj	1	2	1	0.15	182	183	184	破嗔.txt																																
427	星宿骑乘弟子.obj	1	2	1	0.15	182	183	184	破嗔.txt																																
428	骑象人.obj	1	2	1	0.15	182	183	184	破嗔.txt																																
429	李十二娘2.obj	1	2	1	0.15	182	183	184	李十二娘.txt																																
430	苏星河2.obj	1	2	1	0.15	182	183	184	苏星河.txt																																
431	小茗2.obj	1	2	1	0.15	182	183	184	小茗.txt																																
432	阮星竹.obj	1	2	1	0.15	182	183	184	小茗.txt																																
433	草药矿石/灵药药鼎.obj	1	2	1	0.15	182	183	184	灵药药鼎.txt																																
434	峨嵋高级骑乘弟子.obj	1	2	1	0.15	182	183	184	高级骑乘弟子.txt																																
435	丐帮高级骑乘弟子.obj	1	2	1	0.15	182	183	184	高级骑乘弟子.txt																																
436	明教高级骑乘弟子.obj	1	2	1	0.15	182	183	184	高级骑乘弟子.txt																																
437	少林高级骑乘弟子.obj	1	2	1	0.15	182	183	184	高级骑乘弟子.txt																																
438	天龙高级骑乘弟子.obj	1	2	1	0.15	182	183	184	高级骑乘弟子.txt																																
439	天山高级骑乘弟子.obj	1	2	1	0.15	182	183	184	高级骑乘弟子.txt																																
440	武当高级骑乘弟子.obj	1	2	1	0.15	182	183	184	高级骑乘弟子.txt																																
441	逍遥高级骑乘弟子.obj	1	2	1	0.15	182	183	184	高级骑乘弟子.txt																																
442	星宿高级骑乘弟子.obj	1	2	1	0.15	182	183	184	高级骑乘弟子.txt																																
443	漂亮女.obj	1	2	1	0.15	182	183	184	漂亮女.txt																																
444	变身冰人.obj	1	2	1	0.15	182	183	184	变身冰人.txt																																
445	变身雪人.obj	1	2	1	0.15	182	183	184	变身雪人.txt																																
446	变身月饼.obj	1	2	1	0.15	182	183	184	变身月饼.txt																																
500	赤脚野人.obj	1	2	1	0.15	182	183	184	赤脚野人.txt																																
501	丛林野人.obj	1	2	1	0.15	182	183	184	丛林野人.txt																																
502	毒狼蛛.obj	1	2	1	0.15	182	183	184	毒狼蛛.txt																																
503	大黑熊.obj	1	2	1	0.15	182	183	184	大黑熊.txt																																
504	恶猿.obj	1	2	1	0.15	182	183	184	恶猿.txt																																
505	黑熊.obj	1	2	1	0.15	182	183	184	黑熊.txt																																
506	黑沼豹.obj	1	2	1	0.15	182	183	184	黑沼豹.txt																																
507	花斑豹.obj	1	2	1	0.15	182	183	184	花斑豹.txt																																
508	荒原豹.obj	1	2	1	0.15	182	183	184	荒原豹.txt																																
509	沙坡狼.obj	1	2	1	0.15	182	183	184	沙坡狼.txt																																
510	狼蛛.obj	1	2	1	0.15	182	183	184	狼蛛.txt																																
511	红袍蜘蛛.obj	1	2	1	0.15	182	183	184	红袍蜘蛛.txt																																
512	白花蜘蛛.obj	1	2	1	0.15	182	183	184	白花蜘蛛.txt																																
513	花岗石人.obj	1	2	1	0.15	182	183	184	花岗石人.txt																																
514	镜湖水鬼.obj	1	2	1	0.15	182	183	184	镜湖水鬼.txt																																
515	拦路水鬼.obj	1	2	1	0.15	182	183	184	拦路水鬼.txt																																
516	纵火水鬼.obj	1	2	1	0.15	182	183	184	纵火水鬼.txt																																
517	太湖水鬼.obj	1	2	1	0.15	182	183	184	太湖水鬼.txt																																
518	灰熊.obj	1	2	1	0.15	182	183	184	灰熊.txt																																
519	镜湖鳄鱼.obj	1	2	1	0.15	182	183	184	镜湖鳄鱼.txt																																
520	白棋子1.obj	1	2	1	0.15	182	183	184	白棋子1.txt																																
521	白棋子2.obj	1	2	1	0.15	182	183	184	白棋子2.txt																																
522	黑棋子1.obj	1	2	1	0.15	182	183	184	黑棋子1.txt																																
523	黑棋子2.obj	1	2	1	0.15	182	183	184	黑棋子2.txt																																
524	白茅草人.obj	1	2	1	0.15	182	183	184	白茅草人.txt																																
525	鳄鱼帮打手.obj	1	2	1	0.15	182	183	184	鳄鱼帮打手.txt																																
526	鳄鱼帮混混.obj	1	2	1	0.15	182	183	184	鳄鱼帮混混.txt																																
527	鳄鱼帮堂主.obj	1	2	1	0.15	182	183	184	鳄鱼帮堂主.txt																																
528	狼人神汉.obj	1	2	1	0.15	182	183	184	狼人神汉.txt																																
529	狼族荆棘使.obj	1	2	1	0.15	182	183	184	狼族荆棘使.txt																																
530	山越刀客.obj	1	2	1	0.15	182	183	184	山越刀客.txt																																
531	山越盗匪.obj	1	2	1	0.15	182	183	184	山越盗匪.txt																																
532	山越护法.obj	1	2	1	0.15	182	183	184	山越护法.txt																																
533	山越祭司.obj	1	2	1	0.15	182	183	184	山越祭司.txt																																
534	山越战士.obj	1	2	1	0.15	182	183	184	山越战士.txt																																
535	闪电豹.obj	1	2	1	0.15	182	183	184	闪电豹.txt																																
536	深谷白猿.obj	1	2	1	0.15	182	183	184	深谷白猿.txt																																
537	石人偃师.obj	1	2	1	0.15	182	183	184	石人偃师.txt																																
538	蜀道白猿.obj	1	2	1	0.15	182	183	184	蜀道白猿.txt																																
539	水鬼刺客.obj	1	2	1	0.15	182	183	184	水鬼刺客.txt																																
540	水鬼探子.obj	1	2	1	0.15	182	183	184	水鬼探子.txt																																
541	蓑衣野人.obj	1	2	1	0.15	182	183	184	蓑衣野人.txt																																
542	太湖鳄鱼.obj	1	2	1	0.15	182	183	184	太湖鳄鱼.txt																																
543	叶岩石人.obj	1	2	1	0.15	182	183	184	叶岩石人.txt																																
544	遗弃木人.obj	1	2	1	0.15	182	183	184	遗弃木人.txt																																
545	遗弃铜人.obj	1	2	1	0.15	182	183	184	遗弃铜人.txt																																
546	凿船水鬼.obj	1	2	1	0.15	182	183	184	凿船水鬼.txt																																
547	南海鳄鱼.obj	1	2	1	0.15	182	183	184	南海鳄鱼.txt																																
548	嗜血鳄鱼.obj	1	2	1	0.15	182	183	184	嗜血鳄鱼.txt																																
549	树甲哨兵.obj	1	2	1	0.15	182	183	184	树甲哨兵.txt																																
550	狼人探子.obj	1	2	1	0.15	182	183	184	狼人探子.txt																																
551	狼人土司.obj	1	2	1	0.15	182	183	184	狼人土司.txt																																
552	狼人勇士.obj	1	2	1	0.15	182	183	184	狼人勇士.txt																																
553	狼人战士.obj	1	2	1	0.15	182	183	184	狼人战士.txt																																
554	云母石人.obj	1	2	1	0.15	182	183	184	云母石人.txt																																
555	醉人蜂.obj	1	2	1	0.15	182	183	184	醉人蜂.txt																																
556	南海海盗.obj	1	2	1	0.15	182	183	184	南海海盗.txt																																
557	镜湖花妖.obj	1	2	1	0.15	182	183	184	镜湖花妖.txt																																
558	獠牙雪人.obj	1	2	1	0.15	182	183	184	獠牙雪人.txt																																
559	藤甲勇士.obj	1	2	1	0.15	182	183	184	藤甲勇士.txt																																
560	雪山猎人.obj	1	2	1	0.15	182	183	184	雪山猎人.txt																																
561	花岗石狮.obj	1	2	1	0.15	182	183	184	石狮子.txt																																
562	阿鼻修罗.obj	1	2	1	0.15	182	183	184	修罗.txt																																
563	万劫修罗.obj	1	2	1	0.15	182	183	184	修罗.txt																																
564	修罗探子.obj	1	2	1	0.15	182	183	184	修罗.txt																																
565	永夜修罗.obj	1	2	1	0.15	182	183	184	修罗.txt																																
566	白额虎.obj	1	2	1	0.15	182	183	184	东北虎.txt																																
567	大偃师.obj	1	2	1	0.15	182	183	184	石人偃师.txt																																
568	木人巷首领.obj	1	2	1	0.15	182	183	184	木人巷首领.txt																																
569	棋局首领.obj	1	2	1	0.15	182	183	184	棋局首领.txt																																
570	金刚.obj	1	2	1	0.15	182	183	184	金刚.txt																																
571	红熊王.obj	1	2	1	0.15	182	183	184	红熊王.txt																																
572	火柱战斗01.obj	1	2	1	0.15	182	183	184	战斗NPC.txt																																
573	火柱战斗02.obj	1	2	1	0.15	182	183	184	战斗NPC.txt																																
574	虚竹小和尚.obj	1	2	1	0.15	182	183	184	虚竹.txt																																
600	风狼.obj	1	2	1	0.15	182	183	184	白狼王.txt																																
601	雪狼.obj	1	2	1	0.15	182	183	184	白狼王.txt																																
602	雪山狼.obj	1	2	1	0.15	182	183	184	白狼王.txt																																
603	颖水狼.obj	1	2	1	0.15	182	183	184	白狼王.txt																																
604	红枫熊.obj	1	2	1	0.15	182	183	184	灰熊.txt																																
605	花港毒蜂.obj	1	2	1	0.15	182	183	184	丛林蜂.txt																																
606	柳鬼.obj	1	2	1	0.15	182	183	184	白堤柳鬼.txt																																
607	龙井水贼.obj	1	2	1	0.15	182	183	184	拦路水鬼.txt																																
608	龙泉豹.obj	1	2	1	0.15	182	183	184	花斑豹.txt																																
609	龙血石人.obj	1	2	1	0.15	182	183	184	花岗石人.txt																																
610	女娲石人.obj	1	2	1	0.15	182	183	184	花岗石人.txt																																
611	石老人.obj	1	2	1	0.15	182	183	184	花岗石人.txt																																
612	卢崖铜人.obj	1	2	1	0.15	182	183	184	遗弃铜人.txt																																
613	南海盗神.obj	1	2	1	0.15	182	183	184	南海海盗.txt																																
614	秦家寨护卫.obj	1	2	1	0.15	182	183	184	秦家寨兵.txt																																
615	秦家寨劫匪.obj	1	2	1	0.15	182	183	184	秦家寨兵.txt																																
616	偃师护法.obj	1	2	1	0.15	182	183	184	石人偃师.txt																																
617	棚民.obj	1	2	1	0.15	182	183	184	拦路水鬼.txt																																
618	鳄鱼帮杀手.obj	1	2	1	0.15	182	183	184	鳄鱼帮打手.txt																																
619	芦苇草人.obj	1	2	1	0.15	182	183	184	稻草人.txt																																
620	榆木傀儡.obj	1	2	1	0.15	182	183	184	遗弃木人.txt																																
621	枯木明王.obj	1	2	1	0.15	182	183	184	棋局首领.txt																																
622	梵火明王.obj	1	2	1	0.15	182	183	184	棋局首领.txt																																
623	裂金明王.obj	1	2	1	0.15	182	183	184	棋局首领.txt																																
624	腐水明王.obj	1	2	1	0.15	182	183	184	棋局首领.txt																																
625	红色怪兽.obj	1	2	1	0.15	182	183	184	怪兽.txt																																
626	绿色怪兽.obj	1	2	1	0.15	182	183	184	怪兽.txt																																
627	紫色怪兽.obj	1	2	1	0.15	182	183	184	怪兽.txt																																
628	遗弃木人1.obj	1	2	1	0.15	182	183	184	遗弃木人.txt																																
629	遗弃木人2.obj	1	2	1	0.15	182	183	184	遗弃木人.txt																																
630	遗弃木人3.obj	1	2	1	0.15	182	183	184	遗弃木人.txt																																
631	遗弃木人4.obj	1	2	1	0.15	182	183	184	遗弃木人.txt																																
632	秦家寨探子1.obj	1	2	1	0.15	182	183	184	秦家寨兵.txt																																
633	秦家寨探子2.obj	1	2	1	0.15	182	183	184	秦家寨兵.txt																																
634	秦家寨探子3.obj	1	2	1	0.15	182	183	184	秦家寨兵.txt																																
635	秦家寨探子4.obj	1	2	1	0.15	182	183	184	秦家寨兵.txt																																
636	高山白猿1.obj	1	2	1	0.15	182	183	184	高山白猿.txt																																
637	高山白猿2.obj	1	2	1	0.15	182	183	184	高山白猿.txt																																
638	高山白猿3.obj	1	2	1	0.15	182	183	184	高山白猿.txt																																
639	高山白猿4.obj	1	2	1	0.15	182	183	184	高山白猿.txt																																
640	镜湖花妖1.obj	1	2	1	0.15	182	183	184	镜湖花妖.txt																																
641	镜湖花妖2.obj	1	2	1	0.15	182	183	184	镜湖花妖.txt																																
642	镜湖花妖3.obj	1	2	1	0.15	182	183	184	镜湖花妖.txt																																
643	镜湖花妖4.obj	1	2	1	0.15	182	183	184	镜湖花妖.txt																																
644	高山白猿5.obj	1	2	1	0.15	182	183	184	高山白猿.txt																																
645	高山白猿6.obj	1	2	1	0.15	182	183	184	高山白猿.txt																																
646	高山白猿7.obj	1	2	1	0.15	182	183	184	高山白猿.txt																																
647	高山白猿8.obj	1	2	1	0.15	182	183	184	高山白猿.txt																																
648	山蛛1.obj	1	2	1	0.15	182	183	184	红枫蜘蛛.txt																																
649	山蛛2.obj	1	2	1	0.15	182	183	184	红枫蜘蛛.txt																																
650	山蛛3.obj	1	2	1	0.15	182	183	184	红枫蜘蛛.txt																																
651	山蛛4.obj	1	2	1	0.15	182	183	184	红枫蜘蛛.txt																																
652	遗弃木人1.obj	1	2	1	0.15	182	183	184	遗弃木人.txt																																
653	遗弃木人2.obj	1	2	1	0.15	182	183	184	遗弃木人.txt																																
654	遗弃木人3.obj	1	2	1	0.15	182	183	184	遗弃木人.txt																																
655	遗弃木人4.obj	1	2	1	0.15	182	183	184	遗弃木人.txt																																
656	雪人1.obj	1	2	1	0.15	182	183	184	獠牙雪人.txt																																
657	雪人2.obj	1	2	1	0.15	182	183	184	獠牙雪人.txt																																
658	雪人3.obj	1	2	1	0.15	182	183	184	獠牙雪人.txt																																
659	雪人4.obj	1	2	1	0.15	182	183	184	白堤柳鬼.txt																																
660	花岗石人1.obj	1	2	1	0.15	182	183	184	花岗石人.txt																																
661	花岗石人2.obj	1	2	1	0.15	182	183	184	花岗石人.txt																																
662	花岗石人3.obj	1	2	1	0.15	182	183	184	花岗石人.txt																																
663	花岗石人4.obj	1	2	1	0.15	182	183	184	花岗石人.txt																																
664	蛤蟆首领.obj	1	2	1	0.15	182	183	184	蛤蟆首领.txt																																
665	木人巷小首领.obj	1	2	1	0.15	182	183	184	木人巷小首领.txt																																
666	人类首领2.obj	1	2	1	0.15	182	183	184	人类首领2.txt																																
667	人类首领.obj	1	2	1	0.15	182	183	184	人类首领.txt																																
668	野外首领.obj	1	2	1	0.15	182	183	184	野外首领.txt																																
669	野外小首领.obj	1	2	1	0.15	182	183	184	野外小首领.txt																																
670	野猪首领.obj	1	2	1	0.15	182	183	184	野猪首领.txt																																
671	矮花妖.obj	1	2	1	0.15	182	183	184	矮花妖.txt																																
672	白帝.obj	1	2	1	0.15	182	183	184	白帝.txt																																
673	赤帝.obj	1	2	1	0.15	182	183	184	赤帝.txt																																
674	毒丝蜘蛛王.obj	1	2	1	0.15	182	183	184	毒丝蜘蛛王.txt																																
675	驳马.obj	1	2	1	0.15	182	183	184	驳马.txt																																
676	副本9层蝙蝠.obj	1	2	1	0.15	182	183	184	副本9层蝙蝠.txt																																
677	副本9层鬼魂.obj	1	2	1	0.15	182	183	184	副本9层鬼魂.txt																																
678	火狻猊.obj	1	2	1	0.15	182	183	184	火狻猊.txt																																
679	泥浆武士.obj	1	2	1	0.15	182	183	184	泥浆武士.txt																																
680	死亡嫔妃.obj	1	2	1	0.15	182	183	184	死亡嫔妃.txt																																
681	幽灵.obj	1	2	1.6	0.15	182	183	184	幽灵.txt																																
682	缩小白帝.obj	1	2	0.6	0.15	182	183	184	白帝.txt																																
683	缩小赤帝.obj	1	2	0.6	0.15	182	183	184	赤帝.txt																																
684	缩小毒丝蜘蛛王.obj	1	2	0.6	0.15	182	183	184	毒丝蜘蛛王.txt																																
685	冰boos.obj	1	2	1	0.15	182	183	184	冰boos.txt																																
686	冰boos猛将.obj	1	2	1	0.15	182	183	184	冰boos猛将.txt																																
687	火boos.obj	1	2	1	0.15	182	183	184	火boos.txt																																
688	火boos四足.obj	1	2	1	0.15	182	183	184	火boos四足.txt																																
689	玄boos六臂.obj	1	2	1	0.15	182	183	184	玄boos六臂.txt																																
690	玄boss猛将.obj	1	2	1	0.15	182	183	184	玄boss猛将.txt																																
691	玄boos.obj	1	2	1	0.15	182	183	184	玄boos.txt																																
692	boos六爪.obj	1	2	1	0.15	182	183	184	boos六爪.txt																																
693	毒boos.obj	1	2	1	0.15	182	183	184	毒boos.txt																																
694	毒boos四足.obj	1	2	1	0.15	182	183	184	毒boos四足.txt																																
695	企鹅王.obj	1	2	1	0.15	182	183	184	企鹅王.txt																																
701	青色霸王龙.obj	1	2	1	0.15	182	183	184	白鹅.txt																																
702	白色北极熊.obj	1	2	1	0.15	182	183	184	白鹅.txt																																
703	绿色大螳螂.obj	1	2	1	0.15	182	183	184	白鹅.txt																																
704	黑色大猩猩.obj	1	2	1	0.15	182	183	184	白鹅.txt																																
705	棕黄色袋鼠.obj	1	2	1	0.15	182	183	184	白鹅.txt																																
706	黄色剑齿虎.obj	1	2	1	0.15	182	183	184	白鹅.txt																																
707	红色剑龙.obj	1	2	1	0.15	182	183	184	白鹅.txt																																
708	黑白企鹅.obj	1	2	1	0.15	182	183	184	白鹅.txt																																
709	棕身白颈鸵鸟.obj	1	2	1	0.15	182	183	184	白鹅.txt																																
710	青色鸭嘴兽.obj	1	2	1	0.15	182	183	184	白鹅.txt																																
711	粉白企鹅.obj	1	2	1	0.15	182	183	184	白鹅.txt																																
712	蓝白企鹅.obj	1	2	1	0.15	182	183	184	白鹅.txt																																
713	粉色北极熊.obj	1	2	1	0.15	182	183	184	白鹅.txt																																
714	蓝色北极熊.obj	1	2	1	0.15	182	183	184	白鹅.txt																																
715	粉色大螳螂.obj	1	2	1	0.15	182	183	184	白鹅.txt																																
716	蓝色大螳螂.obj	1	2	1	0.15	182	183	184	白鹅.txt																																
717	粉色袋鼠.obj	1	2	1	0.15	182	183	184	白鹅.txt																																
718	蓝色袋鼠.obj	1	2	1	0.15	182	183	184	白鹅.txt																																
719	粉色剑齿虎.obj	1	2	1	0.15	182	183	184	白鹅.txt																																
720	蓝色剑齿虎.obj	1	2	1	0.15	182	183	184	白鹅.txt																																
721	粉身白颈鸵鸟.obj	1	2	1	0.15	182	183	184	白鹅.txt																																
722	蓝身白颈鸵鸟.obj	1	2	1	0.15	182	183	184	白鹅.txt																																
723	褐色鸭嘴兽.obj	1	2	1	0.15	182	183	184	白鹅.txt																																
724	蓝色鸭嘴兽.obj	1	2	1	0.15	182	183	184	白鹅.txt																																
725	红色霸王龙.obj	1	2	1	0.15	182	183	184	白鹅.txt																																
726	黄色霸王龙.obj	1	2	1	0.15	182	183	184	白鹅.txt																																
727	黄色大猩猩.obj	1	2	1	0.15	182	183	184	白鹅.txt																																
728	蓝色大猩猩.obj	1	2	1	0.15	182	183	184	白鹅.txt																																
729	黄色剑龙.obj	1	2	1	0.15	182	183	184	白鹅.txt																																
730	蓝色剑龙.obj	1	2	1	0.15	182	183	184	白鹅.txt																																
731	橙色宠物豹.obj	1	2	1	0.15	182	183	184	白鹅.txt																																
732	绿色宠物鳄鱼.obj	1	2	1	0.15	182	183	184	白鹅.txt																																
733	橙色宠物虎.obj	1	2	1	0.15	182	183	184	白鹅.txt																																
734	灰色宠物狼.obj	1	2	1	0.15	182	183	184	白鹅.txt																																
735	紫色山羊.obj	1	2	1	0.15	182	183	184	白鹅.txt																																
736	蓝色雪貂.obj	1	2	1	0.15	182	183	184	白鹅.txt																																
737	钛白色北极熊.obj	1	2	1	0.15	182	183	184	白鹅.txt																																
738	瑰紫色北极熊.obj	1	2	1	0.15	182	183	184	白鹅.txt																																
739	黑紫色北极熊.obj	1	2	1	0.15	182	183	184	白鹅.txt																																
740	棕皮红角宠物鳄鱼.obj	1	2	1	0.15	182	183	184	白鹅.txt																																
741	褐色宠物鳄鱼.obj	1	2	1	0.15	182	183	184	白鹅.txt																																
742	青色宠物鳄鱼.obj	1	2	1	0.15	182	183	184	白鹅.txt																																
743	紫色黄吻宠物鳄鱼.obj	1	2	1	0.15	182	183	184	白鹅.txt																																
744	褐色宠物虎.obj	1	2	1	0.15	182	183	184	白鹅.txt																																
745	黑色宠物虎.obj	1	2	1	0.15	182	183	184	白鹅.txt																																
746	蓝色宠物虎.obj	1	2	1	0.15	182	183	184	白鹅.txt																																
747	紫灰色宠物虎.obj	1	2	1	0.15	182	183	184	白鹅.txt																																
748	白色宠物虎.obj	1	2	1	0.15	182	183	184	白鹅.txt																																
749	白色黑斑色宠物狼.obj	1	2	1	0.15	182	183	184	白鹅.txt																																
750	黄色宠物狼.obj	1	2	1	0.15	182	183	184	白鹅.txt																																
751	紫色宠物狼.obj	1	2	1	0.15	182	183	184	白鹅.txt																																
752	棕色宠物狼.obj	1	2	1	0.15	182	183	184	白鹅.txt																																
753	粉色柴猫.obj	1	2	1	0.15	182	183	184	白鹅.txt																																
754	蓝灰鸭.obj	1	2	1	0.15	182	183	184	白鹅.txt																																
755	粉羽黑翎公鸡.obj	1	2	1	0.15	182	183	184	白鹅.txt																																
756	灰色剑齿虎.obj	1	2	1	0.15	182	183	184	白鹅.txt																																
757	白色剑齿虎.obj	1	2	1	0.15	182	183	184	白鹅.txt																																
758	黑色剑齿虎.obj	1	2	1	0.15	182	183	184	白鹅.txt																																
759	绿身白颈鸵鸟.obj	1	2	1	0.15	182	183	184	白鹅.txt																																
760	黑身白颈鸵鸟.obj	1	2	1	0.15	182	183	184	白鹅.txt																																
761	白色宠物豹.obj	1	2	1	0.15	182	183	184	白鹅.txt																																
762	黑色宠物豹.obj	1	2	1	0.15	182	183	184	白鹅.txt																																
763	红色宠物豹.obj	1	2	1	0.15	182	183	184	白鹅.txt																																
764	紫色宠物豹.obj	1	2	1	0.15	182	183	184	白鹅.txt																																
765	紫色大猩猩.obj	1	2	1	0.15	182	183	184	白鹅.txt																																
766	红毛大猩猩.obj	1	2	1	0.15	182	183	184	白鹅.txt																																
767	黄毛白冠大猩猩.obj	1	2	1	0.15	182	183	184	白鹅.txt																																
768	黑色棕毛駮马.obj	1	2	1	0.15	182	183	184	白鹅.txt																																
769	红色黄斑剑龙.obj	1	2	1	0.15	182	183	184	白鹅.txt																																
770	红色紫斑剑龙.obj	1	2	1	0.15	182	183	184	白鹅.txt																																
771	蓝色桔斑剑龙.obj	1	2	1	0.15	182	183	184	白鹅.txt																																
772	紫色绿斑剑龙.obj	1	2	1	0.15	182	183	184	白鹅.txt																																
801	白鹅.obj	1	2	1	0.15	182	183	184	白鹅.txt																																
802	白猫.obj	1	2	1	0.15	182	183	184	白鹅.txt																																
803	白色冰蚕.obj	1	2	1	0.15	182	183	184	白鹅.txt																																
804	白色山羊.obj	1	2	1	0.15	182	183	184	白鹅.txt																																
805	白色雪貂.obj	1	2	1	0.15	182	183	184	白鹅.txt																																
806	白兔.obj	1	2	1	0.15	182	183	184	白鹅.txt																																
807	淡褐浣熊.obj	1	2	1	0.15	182	183	184	白鹅.txt																																
808	淡黄猴子.obj	1	2	1	0.15	182	183	184	淡黄猴子.txt																																
809	淡黄色駮马.obj	1	2	1	0.15	182	183	184	白鹅.txt																																
810	淡黄野猪.obj	1	2	1	0.15	182	183	184	白鹅.txt																																
811	粉红色猪.obj	1	2	1	0.15	182	183	184	白鹅.txt																																
812	褐色白头猫头鹰.obj	1	2	1	0.15	182	183	184	白鹅.txt																																
813	褐色白头鹰.obj	1	2	1	0.15	182	183	184	白鹅.txt																																
814	褐色刺猬.obj	1	2	1	0.15	182	183	184	白鹅.txt																																
815	黑色蝙蝠.obj	1	2	1	0.15	182	183	184	白鹅.txt																																
816	黑燕子.obj	1	2	1	0.15	182	183	184	白鹅.txt																																
817	黄鸭.obj	1	2	1	0.15	182	183	184	白鹅.txt																																
818	黄羽黑翎公鸡.obj	1	2	1	0.15	182	183	184	白鹅.txt																																
819	灰毛驴.obj	1	2	1	0.15	182	183	184	白鹅.txt																																
820	灰色狗.obj	1	2	1	0.15	182	183	184	白鹅.txt																																
821	灰色松鼠.obj	1	2	1	0.15	182	183	184	白鹅.txt																																
822	蓝色鹦鹉.obj	1	2	1	0.15	182	183	184	白鹅.txt																																
823	绿褐龟.obj	1	2	1	0.15	182	183	184	白鹅.txt																																
824	绿色青蛙.obj	1	2	1	0.15	182	183	184	白鹅.txt																																
825	青色蜥蜴.obj	1	2	1	0.15	182	183	184	白鹅.txt																																
826	金羽鹅.obj	1	2	1	0.15	182	183	184	白鹅.txt																																
827	黄色柴猫.obj	1	2	1	0.15	182	183	184	白鹅.txt																																
828	白色红斑冰蚕.obj	1	2	1	0.15	182	183	184	白鹅.txt																																
829	黑色山羊.obj	1	2	1	0.15	182	183	184	白鹅.txt																																
830	金色雪貂.obj	1	2	1	0.15	182	183	184	白鹅.txt																																
831	粉红兔.obj	1	2	1	0.15	182	183	184	白鹅.txt																																
832	淡青浣熊.obj	1	2	1	0.15	182	183	184	白鹅.txt																																
833	白黄猴子.obj	1	2	1	0.15	182	183	184	淡黄猴子.txt																																
834	纯白駮马.obj	1	2	1	0.15	182	183	184	白鹅.txt																																
835	白色赤足野猪.obj	1	2	1	0.15	182	183	184	白鹅.txt																																
836	黑色猪.obj	1	2	1	0.15	182	183	184	白鹅.txt																																
837	蓝色紫头猫头鹰.obj	1	2	1	0.15	182	183	184	白鹅.txt																																
838	粉色青头鹰.obj	1	2	1	0.15	182	183	184	白鹅.txt																																
839	青色刺猬.obj	1	2	1	0.15	182	183	184	白鹅.txt																																
840	白色蝙蝠.obj	1	2	1	0.15	182	183	184	白鹅.txt																																
841	紫色燕子.obj	1	2	1	0.15	182	183	184	白鹅.txt																																
842	灰鸭.obj	1	2	1	0.15	182	183	184	白鹅.txt																																
843	火红羽毛公鸡.obj	1	2	1	0.15	182	183	184	白鹅.txt																																
844	黑毛驴.obj	1	2	1	0.15	182	183	184	白鹅.txt																																
845	土黄狗.obj	1	2	1	0.15	182	183	184	白鹅.txt																																
846	淡蓝色松鼠.obj	1	2	1	0.15	182	183	184	白鹅.txt																																
847	杂色鹦鹉.obj	1	2	1	0.15	182	183	184	白鹅.txt																																
848	褐色龟.obj	1	2	1	0.15	182	183	184	白鹅.txt																																
849	蓝色青蛙.obj	1	2	1	0.15	182	183	184	白鹅.txt																																
850	白色斑点蜥蜴.obj	1	2	1	0.15	182	183	184	白鹅.txt																																
851	白色白狐.obj	1	2	1	0.15	182	183	184	白鹅.txt																																
852	淡青条纹尾白狐.obj	1	2	1	0.15	182	183	184	白鹅.txt																																
853	淡褐黄鸟.obj	1	2	1	0.15	182	183	184	白鹅.txt																																
854	淡青黄鸟.obj	1	2	1	0.15	182	183	184	白鹅.txt																																
855	青色孔雀.obj	1	2	1	0.15	182	183	184	白鹅.txt																																
856	绿色孔雀.obj	1	2	1	0.15	182	183	184	白鹅.txt																																
857	土黄色年兽.obj	1	2	1	0.15	182	183	184	白鹅.txt																																
858	淡蓝年兽.obj	1	2	1	0.15	182	183	184	白鹅.txt																																
859	黑色麒麟.obj	1	2	1	0.15	182	183	184	白鹅.txt																																
860	红麒麟.obj	1	2	1	0.15	182	183	184	白鹅.txt																																
861	灰色犀牛.obj	1	2	1	0.15	182	183	184	白鹅.txt																																
862	白犀牛.obj	1	2	1	0.15	182	183	184	白鹅.txt																																
863	灰色小象.obj	1	2	1	0.15	182	183	184	白鹅.txt																																
864	灰色黑斑象.obj	1	2	1	0.15	182	183	184	白鹅.txt																																
865	白英招.obj	1	2	1	0.15	182	183	184	白鹅.txt																																
866	淡黄色英招.obj	1	2	1	0.15	182	183	184	白鹅.txt																																
867	褐色壳淡黄色龙龟.obj	1	2	1	0.15	182	183	184	白鹅.txt																																
868	紫壳淡桔黄龙龟.obj	1	2	1	0.15	182	183	184	白鹅.txt																																
869	青龙.obj	1	2	1	0.15	182	183	184	白鹅.txt																																
870	赤龙.obj	1	2	1	0.15	182	183	184	白鹅.txt																																
871	白色黄斑冰蚕.obj	1	2	1	0.15	182	183	184	白鹅.txt																																
872	银色冰蚕.obj	1	2	1	0.15	182	183	184	白鹅.txt																																
873	银色紫斑冰蚕.obj	1	2	1	0.15	182	183	184	白鹅.txt																																
874	银色金斑冰蚕.obj	1	2	1	0.15	182	183	184	白鹅.txt																																
875	纯红尾巴白狐.obj	1	2	1	0.15	182	183	184	白鹅.txt																																
876	淡黑条纹尾白狐.obj	1	2	1	0.15	182	183	184	白鹅.txt																																
877	淡红条纹尾白狐.obj	1	2	1	0.15	182	183	184	白鹅.txt																																
878	淡黄条纹尾白狐.obj	1	2	1	0.15	182	183	184	白鹅.txt																																
879	火尾白狐.obj	1	2	1	0.15	182	183	184	白鹅.txt																																
880	粉红雪貂.obj	1	2	1	0.15	182	183	184	白鹅.txt																																
881	白黑条纹雪貂.obj	1	2	1	0.15	182	183	184	白鹅.txt																																
882	白色黑斑雪貂.obj	1	2	1	0.15	182	183	184	白鹅.txt																																
883	淡紫色雪貂.obj	1	2	1	0.15	182	183	184	白鹅.txt																																
884	白色金斑英招.obj	1	2	1	0.15	182	183	184	白鹅.txt																																
885	金色冰蹄英招.obj	1	2	1	0.15	182	183	184	白鹅.txt																																
886	青色黑斑英招.obj	1	2	1	0.15	182	183	184	白鹅.txt																																
887	青色英招.obj	1	2	1	0.15	182	183	184	白鹅.txt																																
888	银色火蹄英招.obj	1	2	1	0.15	182	183	184	白鹅.txt																																
889	棕黄英招.obj	1	2	1	0.15	182	183	184	白鹅.txt																																
890	淡银浣熊.obj	1	2	1	0.15	182	183	184	白鹅.txt																																
891	淡紫浣熊.obj	1	2	1	0.15	182	183	184	白鹅.txt																																
892	淡黄浣熊.obj	1	2	1	0.15	182	183	184	白鹅.txt																																
893	白黄鸟.obj	1	2	1	0.15	182	183	184	白鹅.txt																																
894	淡黄黄鸟.obj	1	2	1	0.15	182	183	184	白鹅.txt																																
895	粉红黄鸟.obj	1	2	1	0.15	182	183	184	白鹅.txt																																
896	黑白相间黄鸟.obj	1	2	1	0.15	182	183	184	白鹅.txt																																
897	火爪白黄鸟.obj	1	2	1	0.15	182	183	184	白鹅.txt																																
898	火爪火眼黄鸟.obj	1	2	1	0.15	182	183	184	白鹅.txt																																
899	黑色红蹄红角駮马.obj	1	2	1	0.15	182	183	184	白鹅.txt																																
900	纯白黑蹄黑角駮马.obj	1	2	1	0.15	182	183	184	白鹅.txt																																
901	淡黄黑蹄黑角駮马.obj	1	2	1	0.15	182	183	184	白鹅.txt																																
902	黑色駮马.obj	1	2	1	0.15	182	183	184	白鹅.txt																																
903	金色野猪.obj	1	2	1	0.15	182	183	184	白鹅.txt																																
904	淡红野猪.obj	1	2	1	0.15	182	183	184	白鹅.txt																																
905	黄毛青斑野猪.obj	1	2	1	0.15	182	183	184	白鹅.txt																																
906	淡黄色年兽.obj	1	2	1	0.15	182	183	184	白鹅.txt																																
907	淡蓝紫斑年兽.obj	1	2	1	0.15	182	183	184	白鹅.txt																																
908	红色年兽.obj	1	2	1	0.15	182	183	184	白鹅.txt																																
909	土黄红斑年兽.obj	1	2	1	0.15	182	183	184	白鹅.txt																																
910	紫色金爪年兽.obj	1	2	1	0.15	182	183	184	白鹅.txt																																
911	紫色年兽.obj	1	2	1	0.15	182	183	184	白鹅.txt																																
912	白羽黑翎鹅.obj	1	2	1	0.15	182	183	184	白鹅.txt																																
913	黑色白斑猪.obj	1	2	1	0.15	182	183	184	白鹅.txt																																
914	粉色青头猫头鹰.obj	1	2	1	0.15	182	183	184	白鹅.txt																																
915	黄纹黑点斑点白头猫头鹰.obj	1	2	1	0.15	182	183	184	白鹅.txt																																
916	金色银头猫头鹰.obj	1	2	1	0.15	182	183	184	白鹅.txt																																
917	黄纹黑点斑点白鹰.obj	1	2	1	0.15	182	183	184	白鹅.txt																																
918	全身金色的鹰.obj	1	2	1	0.15	182	183	184	白鹅.txt																																
919	全身银色的鹰.obj	1	2	1	0.15	182	183	184	白鹅.txt																																
920	银纹金头鹰.obj	1	2	1	0.15	182	183	184	白鹅.txt																																
921	黑色刺猬.obj	1	2	1	0.15	182	183	184	白鹅.txt																																
922	金色刺猬.obj	1	2	1	0.15	182	183	184	白鹅.txt																																
923	黄金龟.obj	1	2	1	0.15	182	183	184	白鹅.txt																																
924	白龙龟.obj	1	2	1	0.15	182	183	184	白鹅.txt																																
925	金壳白龙龟.obj	1	2	1	0.15	182	183	184	白鹅.txt																																
926	金壳冰角白龙龟.obj	1	2	1	0.15	182	183	184	白鹅.txt																																
927	金壳火角白龙龟.obj	1	2	1	0.15	182	183	184	白鹅.txt																																
928	青壳黑龙龟.obj	1	2	1	0.15	182	183	184	白鹅.txt																																
929	深褐色壳棕黄龙龟.obj	1	2	1	0.15	182	183	184	白鹅.txt																																
930	赤红蝙蝠.obj	1	2	1	0.15	182	183	184	白鹅.txt																																
931	白麒麟.obj	1	2	1	0.15	182	183	184	白鹅.txt																																
932	冰麒麟.obj	1	2	1	0.15	182	183	184	白鹅.txt																																
933	黄色麒麟.obj	1	2	1	0.15	182	183	184	白鹅.txt																																
934	金额金角白麒麟.obj	1	2	1	0.15	182	183	184	白鹅.txt																																
935	金额金角冰爪冰眼白麒麟.obj	1	2	1	0.15	182	183	184	白鹅.txt																																
936	金额金角火爪白麒麟.obj	1	2	1	0.15	182	183	184	白鹅.txt																																
937	玉色麒麟.obj	1	2	1	0.15	182	183	184	白鹅.txt																																
938	粉红燕子.obj	1	2	1	0.15	182	183	184	白鹅.txt																																
939	金色燕子.obj	1	2	1	0.15	182	183	184	白鹅.txt																																
940	黑皮白肚皮毛驴.obj	1	2	1	0.15	182	183	184	白鹅.txt																																
941	白色黑尾松鼠.obj	1	2	1	0.15	182	183	184	白鹅.txt																																
942	淡紫色松鼠.obj	1	2	1	0.15	182	183	184	白鹅.txt																																
943	淡桔紫斑犀牛.obj	1	2	1	0.15	182	183	184	白鹅.txt																																
944	金额火角黑犀牛.obj	1	2	1	0.15	182	183	184	白鹅.txt																																
945	金额金角白犀牛.obj	1	2	1	0.15	182	183	184	白鹅.txt																																
946	青色杂黑犀牛.obj	1	2	1	0.15	182	183	184	白鹅.txt																																
947	棕黄犀牛.obj	1	2	1	0.15	182	183	184	白鹅.txt																																
948	白色金斑象.obj	1	2	1	0.15	182	183	184	白鹅.txt																																
949	白色小象.obj	1	2	1	0.15	182	183	184	白鹅.txt																																
950	粉红小象.obj	1	2	1	0.15	182	183	184	白鹅.txt																																
951	黑色火牙金斑象.obj	1	2	1	0.15	182	183	184	白鹅.txt																																
952	青色小象.obj	1	2	1	0.15	182	183	184	白鹅.txt																																
953	红色鹦鹉.obj	1	2	1	0.15	182	183	184	白鹅.txt																																
954	黄色鹦鹉.obj	1	2	1	0.15	182	183	184	白鹅.txt																																
955	金色鹦鹉.obj	1	2	1	0.15	182	183	184	白鹅.txt																																
956	白色红纹孔雀.obj	1	2	1	0.15	182	183	184	白鹅.txt																																
957	白色孔雀.obj	1	2	1	0.15	182	183	184	白鹅.txt																																
958	白色绿纹火尾孔雀.obj	1	2	1	0.15	182	183	184	白鹅.txt																																
959	白色绿纹孔雀.obj	1	2	1	0.15	182	183	184	白鹅.txt																																
960	粉色孔雀.obj	1	2	1	0.15	182	183	184	白鹅.txt																																
961	粉色青蛙.obj	1	2	1	0.15	182	183	184	白鹅.txt																																
962	白龙.obj	1	2	1	0.15	182	183	184	白鹅.txt																																
963	黑龙.obj	1	2	1	0.15	182	183	184	白鹅.txt																																
964	黄龙.obj	1	2	1	0.15	182	183	184	白鹅.txt																																
965	火龙.obj	1	2	1	0.15	182	183	184	白鹅.txt																																
966	金额金角白龙.obj	1	2	1	0.15	182	183	184	白鹅.txt																																
967	金额金角火爪白龙.obj	1	2	1	0.15	182	183	184	白鹅.txt																																
968	金额金角火爪火眼白龙.obj	1	2	1	0.15	182	183	184	白鹅.txt																																
969	金色蜥蜴.obj	1	2	1	0.15	182	183	184	白鹅.txt																																
970	褐色蜥蜴.obj	1	2	1	0.15	182	183	184	白鹅.txt																																
971	淡青猴子.obj	1	2	1	0.15	182	183	184	淡黄猴子.txt																																
972	黑獾.obj	1	2	1	0.15	182	183	184	白鹅.txt																																
973	白獾.obj	1	2	1	0.15	182	183	184	白鹅.txt																																
974	淡红獾.obj	1	2	1	0.15	182	183	184	白鹅.txt																																
975	火獾.obj	1	2	1	0.15	182	183	184	白鹅.txt																																
976	紫獾.obj	1	2	1	0.15	182	183	184	白鹅.txt																																
977	青獾.obj	1	2	1	0.15	182	183	184	白鹅.txt																																
978	棕獾.obj	1	2	1	0.15	182	183	184	白鹅.txt																																
979	白色墨镜猫.obj	1	2	1	0.15	182	183	184	白鹅.txt																																
980	黑色墨镜猫.obj	1	2	1	0.15	182	183	184	白鹅.txt																																
981	蓝白熊猫.obj	1	2	1	0.15	182	183	184	白鹅.txt																																
982	红白熊猫.obj	1	2	1	0.15	182	183	184	白鹅.txt																																
983	黄色宠物蝴蝶.obj	1	2	1	0.15	182	183	184	白鹅.txt																																
984	蓝色宠物蝴蝶.obj	1	2	1	0.15	182	183	184	白鹅.txt																																
985	绿宠物螃蟹.obj	1	2	1	0.15	182	183	184	白鹅.txt																																
986	红宠物螃蟹.obj	1	2	1	0.15	182	183	184	白鹅.txt																																
987	黄宠物蜗牛.obj	1	2	1	0.15	182	183	184	白鹅.txt																																
988	蓝宠物蜗牛.obj	1	2	1	0.15	182	183	184	白鹅.txt																																
989	黄色宠物蝎子.obj	1	2	1	0.15	182	183	184	白鹅.txt																																
990	紫色宠物蝎子.obj	1	2	1	0.15	182	183	184	白鹅.txt																																
991	灰色龙猫.obj	1	2	1	0.15	182	183	184	白鹅.txt																																
992	蓝色龙猫.obj	1	2	1	0.15	182	183	184	白鹅.txt																																
993	黑色犀鸟.obj	1	2	1	0.15	182	183	184	白鹅.txt																																
994	绿色犀鸟.obj	1	2	1	0.15	182	183	184	白鹅.txt																																
995	褐色宠物穿山甲.obj	1	2	1	0.15	182	183	184	白鹅.txt																																
996	紫色宠物穿山甲.obj	1	2	1	0.15	182	183	184	白鹅.txt																																
997	绿色宠物大甲虫.obj	1	2	1	0.15	182	183	184	白鹅.txt																																
998	金色宠物大甲虫.obj	1	2	1	0.15	182	183	184	白鹅.txt																																
999	蓝色宠物当扈.obj	1	2	1	0.15	182	183	184	白鹅.txt																																
1000	红色宠物当扈.obj	1	2	1	0.15	182	183	184	白鹅.txt																																
1001	白雕.obj	1	2	1	0.15	405	405	405	白雕.txt																																
1002	白虎.obj	1	2	1	0.15	188	189	190	白虎.txt																																
1003	白狼.obj	1	2	1	0.15	200	201	202	白狼.txt																																
1004	白鹿.obj	1	2	1	0.15	206	207	208	白鹿.txt																																
1005	白骆驼.obj	1	2	1	0.15	2039	2039	2039	白骆驼.txt																																
1006	白牦牛.obj	1	2	1	0.15	194	195	196	白牦牛.txt																																
1007	雕.obj	1	2	1	0.15	405	405	405	雕.txt																																
1008	鹤.obj	1	2	1	0.15	404	404	404	鹤.txt																																
1009	红白凤.obj	1	2	1	0.15	405	405	405	红白凤.txt																																
1010	虎.obj	1	2	1	0.15	188	189	190	虎.txt																																
1011	黄骠马.obj	1	2	1	0.15	191	192	193	黄骠马.txt																																
1012	灰狼.obj	1	2	1	0.15	182	183	184	灰狼.txt																																
1013	金翼鹤.obj	1	2	1	0.15	404	404	404	金翼鹤.txt																																
1014	鹿.obj	1	2	1	0.15	206	207	208	鹿.txt																																
1015	骆驼.obj	1	2	1	0.15	203	204	205	骆驼.txt																																
1016	牦牛.obj	1	2	1	0.15	194	195	196	牦牛.txt																																
1017	青白骢马.obj	1	2	1	0.15	191	192	193	青白骢马.txt																																
1018	青凤.obj	1	2	1	0.15	405	405	405	青凤.txt																																
1019	狮子.obj	1	2	1	0.15	188	189	190	狮子.txt																																
1020	白狮.obj	1	2	1	0.15	188	189	190	白狮.txt																																
1021	交通工具_鹰.obj	1	2	1	0.15	182	183	184	交通工具_鹰.txt																																
1022	花轿1.obj	1	2	1	0.15	182	183	184	花轿.txt																																
1023	花轿2.obj	1	2	1	0.15	182	183	184	花轿.txt																																
1024	花轿3.obj	1	2	1	0.15	182	183	184	花轿.txt																																
1025	走雕.obj	1	2	1	0.15	197	198	199	走雕.txt																																
1026	走白雕.obj	1	2	1	0.15	197	198	199	走白雕.txt																																
1027	象.obj	1	2	1	0.15	462	462	463	象.txt																																
1028	白象.obj	1	2	1	0.15	462	462	463	白象.txt																																
1029	骑乘陆吾.obj	1	2	1	0.15	203	204	205	骑乘陆吾.txt																																
1030	骑乘木牛流马.obj	1	2	1	0.15	459	461	460	骑乘木牛流马.txt																																
1031	骑乘鸵鸟.obj	1	2	1	0.15	470	471	472	骑乘鸵鸟.txt																																
1032	骑乘犀牛.obj	1	2	1	0.15	203	204	205	骑乘犀牛.txt																																
1033	骑乘熊.obj	1	2	1	0.15	194	195	196	骑乘熊.txt																																
1034	骑乘玄龟.obj	1	2	1	0.15	194	195	196	骑乘玄龟.txt																																
1035	骑乘蜘蛛.obj	1	2	1	0.15	464	466	465	骑乘蜘蛛.txt																																
1036	骑乘河马.obj	1	2	1	0.15	462	462	463	骑乘河马.txt																																
1037	骑乘马车.obj	1	2	1	0.15	477	478	479	骑乘马车.txt																																
1038	骑乘天马.obj	1	2	1	0.15	480	481	482	骑乘天马.txt																																
1039	骑乘兔子.obj	1	2	1	0.15	483	484	485	骑乘兔子.txt																																
1040	骑乘舞狮.obj	1	2	1	0.15	489	490	491	骑乘舞狮.txt																																
1041	骑乘驯鹿.obj	1	2	1	0.15	486	487	488	骑乘驯鹿.txt																																
1042	天使翅膀.obj	1	2	1	0.15	404	404	404	天使翅膀.txt																																
1043	骑乘巨人.obj	1	2	1	0.15	462	462	463	骑乘巨人.txt																																
1044	双人骑乘大绿龙.obj	1	2	1	0.15	495	495	495	骑乘大绿龙.txt																																
1045	骑乘麋鹿雪橇.obj	1	2	1	0.15	477	478	479	骑乘麋鹿雪橇.txt																																
1046	潘神骑乘.obj	1	2	1	0.15	194	195	196	潘神骑乘.txt																																
1047	npc朴素雪人.obj	1	2	1	0.15	182	183	184	破嗔.txt																																
1048	npc朴素雪人.obj	1	2	1.05	0.15	182	183	184	破嗔.txt																																
1049	npc朴素雪人.obj	1	2	1.1	0.15	182	183	184	破嗔.txt																																
1050	npc朴素雪人.obj	1	2	1.15	0.15	182	183	184	破嗔.txt																																
1051	npc朴素雪人.obj	1	2	1.2	0.15	182	183	184	破嗔.txt																																
1052	npc朴素雪人.obj	1	2	1.25	0.15	182	183	184	破嗔.txt																																
1053	npc华丽雪人.obj	1	2	1.25	0.15	182	183	184	破嗔.txt																																
1054	npc华丽雪人.obj	1	2	1.3	0.15	182	183	184	破嗔.txt																																
1055	npc华丽雪人.obj	1	2	1.35	0.15	182	183	184	破嗔.txt																																
1056	npc华丽雪人.obj	1	2	1.4	0.15	182	183	184	破嗔.txt																																
1057	npc华丽雪人.obj	1	2	1.45	0.15	182	183	184	破嗔.txt																																
1058	npc华丽雪人.obj	1	2	1.5	0.15	182	183	184	破嗔.txt																																
1059	npc圣诞老人雪人.obj	1	2	1.55	0.15	182	183	184	破嗔.txt																																
1060	洛阳客栈老板.obj	1	2	1	0.15	182	183	184	客栈老板.txt																																
1061	恶魔翅膀.obj	1	2	1	0.15	404	404	404	恶魔翅膀.txt																																
1401	灰白偏红蜘蛛.obj	1	2	1	0.15	182	183	184	白花蜘蛛.txt																																
1402	灰白色蜘蛛.obj	1	2	1	0.15	182	183	184	白花蜘蛛.txt																																
1403	灰白色蜂.obj	1	2	1	0.15	182	183	184	醉人蜂.txt																																
1404	活铠甲.obj	1	2	1	0.15	182	183	184	活铠甲.txt																																
1405	骷髅兵.obj	1	2	1	0.15	182	183	184	骷髅兵.txt																																
1406	猎人.obj	1	2	1	0.15	182	183	184	雪山猎人.txt																																
1407	石头人.obj	1	2	1	0.15	182	183	184	花岗石人.txt																																
1408	树人.obj	1	2	1	0.15	182	183	184	树甲哨兵.txt																																
1409	偃师.obj	1	2	1	0.15	182	183	184	石人偃师.txt																																
1501	任务蟾蜍.obj	1	2	1	0.15	182	183	184	任务.txt																																
1502	任务猴子1.obj	1	2	1	0.15	182	183	184	任务.txt																																
1503	任务猴子2.obj	1	2	1	0.15	182	183	184	任务.txt																																
1504	任务猴子3.obj	1	2	1	0.15	182	183	184	任务.txt																																
1505	任务花妖1.obj	1	2	1	0.15	182	183	184	任务.txt																																
1506	任务花妖2.obj	1	2	1	0.15	182	183	184	任务.txt																																
1507	任务花妖3.obj	1	2	1	0.15	182	183	184	任务.txt																																
1508	任务花妖4.obj	1	2	1	0.15	182	183	184	任务.txt																																
1509	任务鹿1.obj	1	2	1	0.15	182	183	184	任务.txt																																
1510	任务鹿2.obj	1	2	1	0.15	182	183	184	任务.txt																																
1511	任务鹿3.obj	1	2	1	0.15	182	183	184	任务.txt																																
1512	任务鹿4.obj	1	2	1	0.15	182	183	184	任务.txt																																
1513	任务蛇1.obj	1	2	1	0.15	182	183	184	任务.txt																																
1514	任务蛇2.obj	1	2	1	0.15	182	183	184	任务.txt																																
1515	任务蛇3.obj	1	2	1	0.15	182	183	184	任务.txt																																
1516	任务蜈蚣.obj	1	2	1	0.15	182	183	184	任务.txt																																
1517	任务蜘蛛.obj	1	2	1	0.15	182	183	184	任务.txt																																
1518	黑尾鹤.obj	1	2	1	0.15	182	183	184	任务.txt																																
1519	红嘴鹤.obj	1	2	1	0.15	182	183	184	任务.txt																																
1520	丹顶黑鹤.obj	1	2	1	0.15	182	183	184	任务.txt																																
1521	丹顶白鹤.obj	1	2	1	0.15	182	183	184	任务.txt																																
1522	家禽兔子2.obj	1	2	1	0.15	182	183	184	小动物.txt																																
1523	家禽兔子3.obj	1	2	1	0.15	182	183	184	小动物.txt																																
1524	马.obj	1	2	1	0.15	182	183	184	小动物.txt																																
1525	鸭子.obj	1	2	1	0.15	182	183	184	小动物.txt																																
1601	战斗捕快1.obj	1	2	1	0.15	182	183	184	战斗NPC.txt																																
1602	战斗捕快2.obj	1	2	1	0.15	182	183	184	战斗NPC.txt																																
1603	战斗大理弟子.obj	1	2	1	0.15	182	183	184	战斗NPC.txt																																
1604	战斗峨嵋弟子.obj	1	2	1	0.15	182	183	184	战斗女NPC.txt																																
1605	战斗丐帮弟子.obj	1	2	1	0.15	182	183	184	战斗NPC.txt																																
1606	战斗明教弟子.obj	1	2	1	0.15	182	183	184	战斗NPC.txt																																
1607	战斗少林武僧.obj	1	2	1	0.15	182	183	184	战斗NPC.txt																																
1608	战斗天山弟子.obj	1	2	1	0.15	182	183	184	战斗女NPC.txt																																
1609	战斗武当弟子.obj	1	2	1	0.15	182	183	184	战斗NPC.txt																																
1610	战斗逍遥弟子.obj	1	2	1	0.15	182	183	184	战斗NPC.txt																																
1611	战斗星宿弟子.obj	1	2	1	0.15	182	183	184	战斗NPC.txt																																
1612	战斗辽兵.obj	1	2	1	0.15	182	183	184	战斗NPC.txt																																
1613	战斗宋兵1.obj	1	2	1	0.15	182	183	184	战斗NPC.txt																																
1614	战斗宋兵2.obj	1	2	1	0.15	182	183	184	战斗NPC.txt																																
1615	女真将.obj	1	2	1	0.15	182	183	184	战斗NPC.txt																																
1616	段延庆.obj	1	2	1.3	0.15	182	183	184	段延庆.txt																																
1617	叶二娘.obj	1	2	1.3	0.15	182	183	184	叶二娘.txt																																
1618	南海鳄神.obj	1	2	1.3	0.15	182	183	184	南海鳄神.txt																																
1619	云中鹤.obj	1	2	1.3	0.15	182	183	184	云中鹤.txt																																
1620	鸠摩智.obj	1	2	1.3	0.15	182	183	184	鸠摩智.txt																																
1621	慕容复.obj	1	2	1.3	0.15	182	183	184	慕容复.txt																																
1622	打草谷宋兵头目.obj	1	2	1	0.15	182	183	184	战斗NPC.txt																																
1701	白堤柳鬼头目.obj	1	2	1.2	0.15	182	183	184	白堤柳鬼.txt																																
1702	树甲哨兵头目.obj	1	2	1.2	0.15	182	183	184	树甲哨兵.txt																																
1703	白额虎头目.obj	1	2	1.2	0.15	182	183	184	东北虎.txt																																
1704	东北虎头目.obj	1	2	1.2	0.15	182	183	184	东北虎.txt																																
1705	黑沼豹头目.obj	1	2	1.2	0.15	182	183	184	花斑豹.txt																																
1706	花斑豹头目.obj	1	2	1.2	0.15	182	183	184	花斑豹.txt																																
1707	荒原豹头目.obj	1	2	1.2	0.15	182	183	184	花斑豹.txt																																
1708	金钱豹头目.obj	1	2	1.2	0.15	182	183	184	花斑豹.txt																																
1709	龙泉豹头目.obj	1	2	1.2	0.15	182	183	184	花斑豹.txt																																
1710	闪电豹头目.obj	1	2	1.2	0.15	182	183	184	花斑豹.txt																																
1711	残破兵俑头目.obj	1	2	1.2	0.15	182	183	184	残破兵俑.txt																																
1712	白茅草人头目.obj	1	2	1.2	0.15	182	183	184	稻草人.txt																																
1713	稻草人头目.obj	1	2	1.2	0.15	182	183	184	稻草人.txt																																
1714	芦苇草人头目.obj	1	2	1.2	0.15	182	183	184	稻草人.txt																																
1715	断桥花妖头目.obj	1	2	1.2	0.15	182	183	184	断桥花妖.txt																																
1716	镜湖花妖头目.obj	1	2	1.2	0.15	182	183	184	断桥花妖.txt																																
1717	鳄鱼帮堂主头目.obj	1	2	1.2	0.15	182	183	184	鳄鱼帮堂主.txt																																
1718	鳄鱼帮打手头目.obj	1	2	1.2	0.15	182	183	184	鳄鱼帮打手.txt																																
1719	鳄鱼帮混混头目.obj	1	2	1.2	0.15	182	183	184	鳄鱼帮混混.txt																																
1720	鳄鱼帮杀手头目.obj	1	2	1.2	0.15	182	183	184	鳄鱼帮打手.txt																																
1721	鬼面人头目.obj	1	2	1.2	0.15	182	183	184	鬼面人.txt																																
1722	南海盗神头目.obj	1	2	1.2	0.15	182	183	184	南海海盗.txt																																
1723	南海海盗头目.obj	1	2	1.2	0.15	182	183	184	南海海盗.txt																																
1724	棚民头目.obj	1	2	1.2	0.15	182	183	184	拦路水鬼.txt																																
1725	大黄蜂头目.obj	1	2	1.2	0.15	182	183	184	丛林蜂.txt																																
1726	黑蜂头目.obj	1	2	1.2	0.15	182	183	184	丛林蜂.txt																																
1727	丛林蜂头目.obj	1	2	1.2	0.15	182	183	184	丛林蜂.txt																																
1728	花港毒蜂头目.obj	1	2	1.2	0.15	182	183	184	丛林蜂.txt																																
1729	蒙古黑蜂头目.obj	1	2	1.2	0.15	182	183	184	丛林蜂.txt																																
1730	醉人蜂头目.obj	1	2	1.2	0.15	182	183	184	丛林蜂.txt																																
1731	白狼王头目.obj	1	2	1.2	0.15	182	183	184	草原狼.txt																																
1732	草原狼头目.obj	1	2	1.2	0.15	182	183	184	草原狼.txt																																
1733	风狼头目.obj	1	2	1.2	0.15	182	183	184	草原狼.txt																																
1734	沙坡狼头目.obj	1	2	1.2	0.15	182	183	184	草原狼.txt																																
1735	西北狼头目.obj	1	2	1.2	0.15	182	183	184	草原狼.txt																																
1736	雪狼头目.obj	1	2	1.2	0.15	182	183	184	草原狼.txt																																
1737	雪山狼头目.obj	1	2	1.2	0.15	182	183	184	草原狼.txt																																
1738	颖水狼头目.obj	1	2	1.2	0.15	182	183	184	草原狼.txt																																
1739	狼人神汉头目.obj	1	2	1.2	0.15	182	183	184	狼人勇士.txt																																
1740	狼人探子头目.obj	1	2	1.2	0.15	182	183	184	狼人勇士.txt																																
1741	狼人土司头目.obj	1	2	1.2	0.15	182	183	184	狼人勇士.txt																																
1742	狼人勇士头目.obj	1	2	1.2	0.15	182	183	184	狼人勇士.txt																																
1743	狼人战士头目.obj	1	2	1.2	0.15	182	183	184	狼人勇士.txt																																
1744	万劫修罗头目.obj	1	2	1.2	0.15	182	183	184	修罗.txt																																
1745	丛林野人头目.obj	1	2	1.2	0.15	182	183	184	赤脚野人.txt																																
1746	云母石人头目.obj	1	2	1.2	0.15	182	183	184	花岗石人.txt																																
1747	修罗探子头目.obj	1	2	1.2	0.15	182	183	184	修罗.txt																																
1748	偃师护法头目.obj	1	2	1.2	0.15	182	183	184	石人偃师.txt																																
1749	凿船水鬼头目.obj	1	2	1.2	0.15	182	183	184	凿船水鬼.txt																																
1750	南海鳄鱼头目.obj	1	2	1.2	0.15	182	183	184	南海鳄鱼.txt																																
1751	卢崖铜人头目.obj	1	2	1.2	0.15	182	183	184	遗弃铜人.txt																																
1752	厄修罗头目.obj	1	2	1.2	0.15	182	183	184	修罗.txt																																
1753	叶岩石人头目.obj	1	2	1.2	0.15	182	183	184	花岗石人.txt																																
1754	嗜血鳄鱼头目.obj	1	2	1.2	0.15	182	183	184	嗜血鳄鱼.txt																																
1755	大偃师头目.obj	1	2	1.2	0.15	182	183	184	石人偃师.txt																																
1756	大黑熊头目.obj	1	2	1.2	0.15	182	183	184	大黑熊.txt																																
1757	太湖水鬼头目.obj	1	2	1.2	0.15	182	183	184	太湖水鬼.txt																																
1758	太湖鳄鱼头目.obj	1	2	1.2	0.15	182	183	184	太湖鳄鱼.txt																																
1759	女娲石人头目.obj	1	2	1.2	0.15	182	183	184	花岗石人.txt																																
1760	山蛛头目.obj	1	2	1.2	0.15	182	183	184	红枫蜘蛛.txt																																
1761	山蜘蛛头目.obj	1	2	1.2	0.15	182	183	184	红枫蜘蛛.txt																																
1762	山越刀客头目.obj	1	2	1.2	0.15	182	183	184	山越刀客.txt																																
1763	山越战士头目.obj	1	2	1.2	0.15	182	183	184	山越刀客.txt																																
1764	山越护法头目.obj	1	2	1.2	0.15	182	183	184	山越护法.txt																																
1765	山越盗匪头目.obj	1	2	1.2	0.15	182	183	184	山越刀客.txt																																
1766	山越祭司头目.obj	1	2	1.2	0.15	182	183	184	山越祭司.txt																																
1767	巴伦莽盖头目.obj	1	2	1.2	0.15	182	183	184	巴伦莽盖.txt																																
1768	弯刀马匪头目.obj	1	2	1.2	0.15	182	183	184	白堤柳鬼.txt																																
1769	归云庄剑师头目.obj	1	2	1.2	0.15	182	183	184	战斗NPC.txt																																
1770	归云庄庄客头目.obj	1	2	1.2	0.15	182	183	184	战斗NPC.txt																																
1771	打草谷宋兵头目.obj	1	2	1.2	0.15	182	183	184	战斗NPC.txt																																
1772	打草谷辽兵头目.obj	1	2	1.2	0.15	182	183	184	战斗NPC.txt																																
1774	拦路水鬼头目.obj	1	2	1.2	0.15	182	183	184	拦路水鬼.txt																																
1775	散兵头目.obj	1	2	1.2	0.15	182	183	184	战斗NPC.txt																																
1777	棕熊头目.obj	1	2	1.2	0.15	182	183	184	棕熊.txt																																
1778	榆木傀儡头目.obj	1	2	1.2	0.15	182	183	184	遗弃木人.txt																																
1779	毒狼蛛头目.obj	1	2	1.2	0.15	182	183	184	红枫蜘蛛.txt																																
1780	水鬼刺客头目.obj	1	2	1.2	0.15	182	183	184	水鬼刺客.txt																																
1781	水鬼探子头目.obj	1	2	1.2	0.15	182	183	184	水鬼探子.txt																																
1782	永夜修罗头目.obj	1	2	1.2	0.15	182	183	184	修罗.txt																																
1783	沼泽鳄鱼头目.obj	1	2	1.2	0.15	182	183	184	沼泽鳄鱼.txt																																
1784	流寇一品堂头目.obj	1	2	1.2	0.15	182	183	184	战斗NPC.txt																																
1785	深谷白猿头目.obj	1	2	1.2	0.15	182	183	184	高山白猿.txt																																
1786	灰熊头目.obj	1	2	1.2	0.15	182	183	184	灰熊.txt																																
1787	狼族荆棘使头目.obj	1	2	1.2	0.15	182	183	184	狼族荆棘使.txt																																
1788	狼蛛头目.obj	1	2	1.2	0.15	182	183	184	红枫蜘蛛.txt																																
1789	獠牙雪人头目.obj	1	2	1.2	0.15	182	183	184	獠牙雪人.txt																																
1790	白花蜘蛛头目.obj	1	2	1.2	0.15	182	183	184	红枫蜘蛛.txt																																
1791	石人偃师头目.obj	1	2	1.2	0.15	182	183	184	石人偃师.txt																																
1793	石老人头目.obj	1	2	1.2	0.15	182	183	184	花岗石人.txt																																
1794	秦家寨兵头目.obj	1	2	1.2	0.15	182	183	184	秦家寨兵.txt																																
1795	秦家寨劫匪头目.obj	1	2	1.2	0.15	182	183	184	秦家寨兵.txt																																
1796	秦家寨喽啰头目.obj	1	2	1.2	0.15	182	183	184	秦家寨兵.txt																																
1797	秦家寨护卫头目.obj	1	2	1.2	0.15	182	183	184	秦家寨兵.txt																																
1798	秦家寨探子头目.obj	1	2	1.2	0.15	182	183	184	秦家寨兵.txt																																
1799	秦家寨教头头目.obj	1	2	1.2	0.15	182	183	184	秦家寨兵.txt																																
1800	红枫熊头目.obj	1	2	1.2	0.15	182	183	184	灰熊.txt																																
1801	红枫蜘蛛头目.obj	1	2	1.2	0.15	182	183	184	红枫蜘蛛.txt																																
1802	红衣马匪头目.obj	1	2	1.2	0.15	182	183	184	白堤柳鬼.txt																																
1803	红袍蜘蛛头目.obj	1	2	1.2	0.15	182	183	184	红枫蜘蛛.txt																																
1804	纵火水鬼头目.obj	1	2	1.2	0.15	182	183	184	纵火水鬼.txt																																
1805	花岗石人头目.obj	1	2	1.2	0.15	182	183	184	花岗石人.txt																																
1806	花岗石狮头目.obj	1	2	1.2	0.15	182	183	184	石狮子.txt																																
1808	蓑衣野人头目.obj	1	2	1.2	0.15	182	183	184	赤脚野人.txt																																
1809	藤甲勇士头目.obj	1	2	1.2	0.15	182	183	184	藤甲勇士.txt																																
1810	藤甲贼头目.obj	1	2	1.2	0.15	182	183	184	藤甲贼.txt																																
1811	蜀道白猿头目.obj	1	2	1.2	0.15	182	183	184	高山白猿.txt																																
1812	蜀道黑猿头目.obj	1	2	1.2	0.15	182	183	184	高山白猿.txt																																
1813	赤脚野人头目.obj	1	2	1.2	0.15	182	183	184	赤脚野人.txt																																
1814	轻甲莽盖头目.obj	1	2	1.2	0.15	182	183	184	巴伦莽盖.txt																																
1815	追风马匪头目.obj	1	2	1.2	0.15	182	183	184	白堤柳鬼.txt																																
1816	遗弃木人头目.obj	1	2	1.2	0.15	182	183	184	遗弃木人.txt																																
1817	遗弃铜人头目.obj	1	2	1.2	0.15	182	183	184	遗弃铜人.txt																																
1818	重甲莽盖头目.obj	1	2	1.2	0.15	182	183	184	巴伦莽盖.txt																																
1819	镜湖水鬼头目.obj	1	2	1.2	0.15	182	183	184	镜湖水鬼.txt																																
1820	镜湖鳄鱼头目.obj	1	2	1.2	0.15	182	183	184	镜湖鳄鱼.txt																																
1821	闪电马匪头目.obj	1	2	1.2	0.15	182	183	184	白堤柳鬼.txt																																
1822	阿鼻修罗头目.obj	1	2	1.2	0.15	182	183	184	修罗.txt																																
1823	雪人头目.obj	1	2	1.2	0.15	182	183	184	獠牙雪人.txt																																
1824	雪山猎人头目.obj	1	2	1.2	0.15	182	183	184	白堤柳鬼.txt																																
1825	雪山莽盖头目.obj	1	2	1.2	0.15	182	183	184	巴伦莽盖.txt																																
1826	马匪探子头目.obj	1	2	1.2	0.15	182	183	184	白堤柳鬼.txt																																
1827	高山白猿头目.obj	1	2	1.2	0.15	182	183	184	高山白猿.txt																																
1828	黑熊头目.obj	1	2	1.2	0.15	182	183	184	黑熊.txt																																
1829	黑衣马匪头目.obj	1	2	1.2	0.15	182	183	184	白堤柳鬼.txt																																
1830	龙井水贼头目.obj	1	2	1.2	0.15	182	183	184	拦路水鬼.txt																																
1831	龙血石人头目.obj	1	2	1.2	0.15	182	183	184	花岗石人.txt																																
1832	水鬼大boss.obj	1	2	1	0.15	182	183	184	混江龙.txt																																
1833	水鬼小boss.obj	1	2	1	0.15	182	183	184	出洞蛟.txt																																
1834	东巴boss.obj	1	2	1.3	0.15	182	183	184	东巴boss.txt																																
1835	海盗鼠.obj	1	2	1	0.15	182	183	184	白鹅.txt																																
1836	企鹅王黑.obj	1	2	0.4	0.15	182	183	184	企鹅王.txt																																
1837	企鹅王白.obj	1	2	0.4	0.15	182	183	184	企鹅王.txt																																
1838	企鹅王粉.obj	1	2	0.4	0.15	182	183	184	企鹅王.txt																																
1839	企鹅王红.obj	1	2	0.4	0.15	182	183	184	企鹅王.txt																																
1840	企鹅王金.obj	1	2	0.4	0.15	182	183	184	企鹅王.txt																																
1841	企鹅王蓝.obj	1	2	0.4	0.15	182	183	184	企鹅王.txt																																
1842	企鹅王绿.obj	1	2	0.4	0.15	182	183	184	企鹅王.txt																																
1843	企鹅王紫.obj	1	2	0.4	0.15	182	183	184	企鹅王.txt																																
1844	海盗鼠深红.obj	1	2	1	0.15	182	183	184	白鹅.txt																																
1845	海盗鼠钴蓝.obj	1	2	1	0.15	182	183	184	白鹅.txt																																
1846	海盗鼠湖蓝.obj	1	2	1	0.15	182	183	184	白鹅.txt																																
1847	海盗鼠炭黑.obj	1	2	1	0.15	182	183	184	白鹅.txt																																
1848	海盗鼠大红.obj	1	2	1	0.15	182	183	184	白鹅.txt																																
1849	海盗鼠紫.obj	1	2	1	0.15	182	183	184	白鹅.txt																																
1850	海盗鼠绿.obj	1	2	1	0.15	182	183	184	白鹅.txt																																
1851	大角狼兽.obj	1	2	0.55	0.15	182	183	184	白鹅.txt																																
1852	大角狼兽身1.obj	1	2	0.55	0.15	182	183	184	白鹅.txt																																
1853	大角狼兽身2.obj	1	2	0.55	0.15	182	183	184	白鹅.txt																																
1854	大角狼兽身3.obj	1	2	0.55	0.15	182	183	184	白鹅.txt																																
1855	大角狼兽身4.obj	1	2	0.55	0.15	182	183	184	白鹅.txt																																
1856	大角狼兽身5.obj	1	2	0.55	0.15	182	183	184	白鹅.txt																																
1857	大角狼兽身6.obj	1	2	0.55	0.15	182	183	184	白鹅.txt																																
1858	大角狼兽身7.obj	1	2	0.55	0.15	182	183	184	白鹅.txt																																
1859	鸟人.obj	1	2	0.5	0.15	182	183	184	白鹅.txt																																
1860	鸟人1.obj	1	2	0.5	0.15	182	183	184	白鹅.txt																																
1861	鸟人2.obj	1	2	0.5	0.15	182	183	184	白鹅.txt																																
1862	鸟人3.obj	1	2	0.5	0.15	182	183	184	白鹅.txt																																
1863	鸟人4.obj	1	2	0.5	0.15	182	183	184	白鹅.txt																																
1864	鸟人5.obj	1	2	0.5	0.15	182	183	184	白鹅.txt																																
1865	鸟人6.obj	1	2	0.5	0.15	182	183	184	白鹅.txt																																
1866	鸟人7.obj	1	2	0.5	0.15	182	183	184	白鹅.txt																																
1867	玉兔.obj	1	2	1	0.15	182	183	184	白鹅.txt																																
1868	玉兔1.obj	1	2	1	0.15	182	183	184	白鹅.txt																																
1869	玉兔2.obj	1	2	1	0.15	182	183	184	白鹅.txt																																
1870	玉兔3.obj	1	2	1	0.15	182	183	184	白鹅.txt																																
1871	玉兔4.obj	1	2	1	0.15	182	183	184	白鹅.txt																																
1872	玉兔5.obj	1	2	1	0.15	182	183	184	白鹅.txt																																
1873	玉兔6.obj	1	2	1	0.15	182	183	184	白鹅.txt																																
1874	玉兔7.obj	1	2	1	0.15	182	183	184	白鹅.txt																																
1875	淘气玉兔.obj	1	2	2	0.15	182	183	184	淘气玉兔.txt																																
1876	盐湖熊.obj	1	2	1	0.15	182	183	184	大黑熊.txt																																
1877	盐湖守卫.obj	1	2	1	0.15	182	183	184	石人偃师.txt																																
1878	盐湖苦工.obj	1	2	1	0.15	182	183	184	盐湖苦工.txt																																
1879	盐湖监工.obj	1	2	1	0.15	182	183	184	石人偃师.txt																																
1880	盐湖鳄鱼.obj	1	2	1	0.15	182	183	184	沼泽鳄鱼.txt																																
1881	盐湖熊.obj	1	2	1.2	0.15	182	183	184	大黑熊.txt																																
1882	盐湖守卫.obj	1	2	1.2	0.15	182	183	184	石人偃师.txt																																
1883	盐湖苦工.obj	1	2	1.2	0.15	182	183	184	盐湖苦工.txt																																
1884	盐湖监工.obj	1	2	1.2	0.15	182	183	184	石人偃师.txt																																
1885	盐湖鳄鱼.obj	1	2	1.2	0.15	182	183	184	沼泽鳄鱼.txt																																
1886	宝箱童子.obj	1	2	1	0.15	182	183	184	白鹅.txt																																
1887	宝箱童子1.obj	1	2	1	0.15	182	183	184	白鹅.txt																																
1888	宝箱童子2.obj	1	2	1	0.15	182	183	184	白鹅.txt																																
1889	宝箱童子3.obj	1	2	1	0.15	182	183	184	白鹅.txt																																
1890	宝箱童子4.obj	1	2	1	0.15	182	183	184	白鹅.txt																																
1891	宝箱童子5.obj	1	2	1	0.15	182	183	184	白鹅.txt																																
1892	宝箱童子6.obj	1	2	1	0.15	182	183	184	白鹅.txt																																
1893	宝箱童子7.obj	1	2	1	0.15	182	183	184	白鹅.txt																																
1894	树袋熊.obj	1	2	1	0.15	182	183	184	白鹅.txt																																
1895	树袋熊1.obj	1	2	1	0.15	182	183	184	白鹅.txt																																
1896	树袋熊2.obj	1	2	1	0.15	182	183	184	白鹅.txt																																
1897	树袋熊3.obj	1	2	1	0.15	182	183	184	白鹅.txt																																
1898	树袋熊4.obj	1	2	1	0.15	182	183	184	白鹅.txt																																
1899	树袋熊5.obj	1	2	1	0.15	182	183	184	白鹅.txt																																
1900	树袋熊6.obj	1	2	1	0.15	182	183	184	白鹅.txt																																
1901	树袋熊7.obj	1	2	1	0.15	182	183	184	白鹅.txt																																
1902	黑色斑点霸王龙.obj	1	2	1	0.15	182	183	184	白鹅.txt																																
1903	蓝色斑点霸王龙.obj	1	2	1	0.15	182	183	184	白鹅.txt																																
1904	墨绿色斑点霸王龙.obj	1	2	1	0.15	182	183	184	白鹅.txt																																
1905	紫红色霸王龙.obj	1	2	1	0.15	182	183	184	白鹅.txt																																
1906	紫色斑点霸王龙.obj	1	2	1	0.15	182	183	184	白鹅.txt																																
1907	黑色斑点霸王龙.obj	1	2	2	0.15	182	183	184	白鹅.txt																																
1908	野猪首领.obj	1	2	0.7	0.15	182	183	184	野猪首领.txt																																
1909	白色宝箱.obj	1	2	1	0.15	182	183	184	宝箱.txt																																
1910	白色秘笈.obj	1	2	1	0.15	182	183	184	秘笈.txt																																
1911	黑色秘笈.obj	1	2	1	0.15	182	183	184	秘笈.txt																																
1912	红色秘笈.obj	1	2	1	0.15	182	183	184	秘笈.txt																																
1913	黄色秘笈.obj	1	2	1	0.15	182	183	184	秘笈.txt																																
1914	蓝色秘笈.obj	1	2	1	0.15	182	183	184	秘笈.txt																																
1915	绿色秘笈.obj	1	2	1	0.15	182	183	184	秘笈.txt																																
1916	紫色秘笈.obj	1	2	1	0.15	182	183	184	秘笈.txt																																
1917	蹴鞠红球.obj	1	2	2	0.15	182	183	184	蹴鞠红球.txt																																
1918	蹴鞠花球.obj	1	2	2	0.15	182	183	184	蹴鞠花球.txt																																
1919	蹴鞠黄球.obj	1	2	2	0.15	182	183	184	蹴鞠黄球.txt																																
1920	蹴鞠蓝球.obj	1	2	2	0.15	182	183	184	蹴鞠篮球.txt																																
1921	蹴鞠boss.obj	1	2	1.3	0.15	182	183	184	蹴鞠Boss.txt																																
1922	黄色宝箱.obj	1	2	1	0.15	182	183	184	宝箱.txt																																
1923	连弩塔.obj	1	2	0.8	0.15	182	183	184	连弩塔.txt																																
1924	守御塔.obj	1	2	0.8	0.15	182	183	184	守御塔.txt																																
1925	治疗塔.obj	1	2	0.8	0.15	182	183	184	治疗塔.txt																																
1926	黑色墨镜猫.obj	1	2	2	0.15	182	183	184	白鹅.txt																																
1927	粉红色猪.obj	1	2	1.2	0.15	182	183	184	白鹅.txt																																
1928	土黄狗.obj	1	2	1.2	0.15	182	183	184	白鹅.txt																																
1929	银纹金头鹰.obj	1	2	1.2	0.15	182	183	184	白鹅.txt																																
1930	黑色宠物虎.obj	1	2	1.2	0.15	182	183	184	白鹅.txt																																
1931	淡褐黄鸟.obj	1	2	1.5	0.15	182	183	184	白鹅.txt																																
1932	土黄色年兽.obj	1	2	1.5	0.15	182	183	184	白鹅.txt																																
1933	褐色壳淡黄色龙龟.obj	1	2	1.5	0.15	182	183	184	白鹅.txt																																
1934	白色金斑英招.obj	1	2	1.5	0.15	182	183	184	白鹅.txt																																
1935	冰麒麟.obj	1	2	1.5	0.15	182	183	184	白鹅.txt																																
1936	盐湖守卫.obj	1	2	1.4	0.15	182	183	184	石人偃师.txt																																
1937	大角狼兽.obj	1	2	1	0.15	182	183	184	白鹅.txt																																
1938	鸟人.obj	1	2	1	0.15	182	183	184	白鹅.txt																																
1939	宋将士3.obj	1	2	1.2	0.15	182	183	184	战斗NPC.txt																																
1940	宋将士4.obj	1	2	1.2	0.15	182	183	184	战斗NPC.txt																																
1941	蹴鞠红球.obj	1	2	3	0.15	182	183	184	蹴鞠红球.txt																																
1942	蹴鞠花球.obj	1	2	3	0.15	182	183	184	蹴鞠花球.txt																																
1943	蹴鞠黄球.obj	1	2	3	0.15	182	183	184	蹴鞠黄球.txt																																
1944	蹴鞠蓝球.obj	1	2	3	0.15	182	183	184	蹴鞠篮球.txt																																
1945	夏青青.obj	1	2	1	0.15	182	183	184	夏青青.txt																																
1946	宠物蝴蝶.obj	1	2	1	0.15	182	183	184	白鹅.txt																																
1947	宠物蝴蝶1.obj	1	2	1	0.15	182	183	184	白鹅.txt																																
1948	宠物蝴蝶2.obj	1	2	1	0.15	182	183	184	白鹅.txt																																
1949	宠物蝴蝶3.obj	1	2	1	0.15	182	183	184	白鹅.txt																																
1950	宠物蝴蝶4.obj	1	2	1	0.15	182	183	184	白鹅.txt																																
1951	宠物蝴蝶5.obj	1	2	1	0.15	182	183	184	白鹅.txt																																
1952	宠物蝴蝶6.obj	1	2	1	0.15	182	183	184	白鹅.txt																																
1953	宠物蝴蝶7.obj	1	2	1	0.15	182	183	184	白鹅.txt																																
1954	白色赤足野猪.obj	1	2	1.2	0.15	182	183	184	白鹅.txt																																
1955	黑色猪.obj	1	2	1.3	0.15	182	183	184	白鹅.txt																																
1956	淡红野猪.obj	1	2	1.2	0.15	182	183	184	白鹅.txt																																
1957	宠物大甲虫.obj	1	2	0.55	0.15	182	183	184	大甲虫.txt																																
1958	宠物大甲虫1.obj	1	2	0.55	0.15	182	183	184	大甲虫.txt																																
1959	宠物大甲虫2.obj	1	2	0.55	0.15	182	183	184	大甲虫.txt																																
1960	宠物大甲虫3.obj	1	2	0.55	0.15	182	183	184	大甲虫.txt																																
1961	宠物大甲虫4.obj	1	2	0.55	0.15	182	183	184	大甲虫.txt																																
1962	宠物大甲虫5.obj	1	2	0.55	0.15	182	183	184	大甲虫.txt																																
1963	宠物大甲虫6.obj	1	2	0.55	0.15	182	183	184	大甲虫.txt																																
1964	宠物大甲虫7.obj	1	2	0.55	0.15	182	183	184	大甲虫.txt																																
1965	龙猫.obj	1	2	1.05	0.15	182	183	184	白鹅.txt																																
1966	龙猫1.obj	1	2	1.05	0.15	182	183	184	白鹅.txt																																
1967	龙猫2.obj	1	2	1.05	0.15	182	183	184	白鹅.txt																																
1968	龙猫3.obj	1	2	1.05	0.15	182	183	184	白鹅.txt																																
1969	龙猫4.obj	1	2	1.05	0.15	182	183	184	白鹅.txt																																
1970	龙猫5.obj	1	2	1.05	0.15	182	183	184	白鹅.txt																																
1971	龙猫6.obj	1	2	1.05	0.15	182	183	184	白鹅.txt																																
1972	龙猫7.obj	1	2	1.05	0.15	182	183	184	白鹅.txt																																
1973	熊猫.obj	1	2	0.6	0.15	182	183	184	白鹅.txt																																
1974	熊猫1.obj	1	2	0.6	0.15	182	183	184	白鹅.txt																																
1975	熊猫2.obj	1	2	0.6	0.15	182	183	184	白鹅.txt																																
1976	熊猫3.obj	1	2	0.6	0.15	182	183	184	白鹅.txt																																
1977	熊猫4.obj	1	2	0.6	0.15	182	183	184	白鹅.txt																																
1978	熊猫5.obj	1	2	0.6	0.15	182	183	184	白鹅.txt																																
1979	熊猫6.obj	1	2	0.6	0.15	182	183	184	白鹅.txt																																
1980	熊猫7.obj	1	2	0.6	0.15	182	183	184	白鹅.txt																																
1981	宠物螃蟹.obj	1	2	1.1	0.15	182	183	184	宠物螃蟹.txt																																
1982	宠物螃蟹1.obj	1	2	1.1	0.15	182	183	184	宠物螃蟹1.txt																																
1983	宠物螃蟹2.obj	1	2	1.1	0.15	182	183	184	宠物螃蟹2.txt																																
1984	宠物螃蟹3.obj	1	2	1.1	0.15	182	183	184	宠物螃蟹3.txt																																
1985	宠物螃蟹4.obj	1	2	1.1	0.15	182	183	184	宠物螃蟹4.txt																																
1986	宠物螃蟹5.obj	1	2	1.1	0.15	182	183	184	宠物螃蟹5.txt																																
1987	宠物螃蟹6.obj	1	2	1.1	0.15	182	183	184	宠物螃蟹6.txt																																
1988	宠物螃蟹7.obj	1	2	1.1	0.15	182	183	184	宠物螃蟹7.txt																																
1989	于九莲.obj	1	2	1	0.15	182	183	184	赵天师新.txt																																
1990	珍兽欢乐猪.obj	1	2	1	0.15	182	183	184	白鹅.txt																																
1991	珍兽欢乐猪1.obj	1	2	1	0.15	182	183	184	白鹅.txt																																
1992	珍兽欢乐猪2.obj	1	2	1	0.15	182	183	184	白鹅.txt																																
1993	珍兽欢乐猪3.obj	1	2	1	0.15	182	183	184	白鹅.txt																																
1994	珍兽欢乐猪4.obj	1	2	1	0.15	182	183	184	白鹅.txt																																
1995	珍兽欢乐猪5.obj	1	2	1	0.15	182	183	184	白鹅.txt																																
1996	珍兽欢乐猪6.obj	1	2	1	0.15	182	183	184	白鹅.txt																																
1997	珍兽欢乐猪7.obj	1	2	1	0.15	182	183	184	白鹅.txt																																
1998	变身圣诞树.obj	1	2	1	0.15	182	183	184	变身冰人.txt																																
1999	变身大铃铛.obj	1	2	1	0.15	182	183	184	变身冰人.txt																																
2000	变身糖果盒.obj	1	2	1	0.15	182	183	184	变身冰人.txt																																
2001	粉色北极熊.obj	1	2	1.5	0.15	182	183	184	粉色北极熊.txt																																
2002	玉兔4.obj	1	2	1.5	0.15	182	183	184	粉色北极熊.txt																																
2003	黄鸭.obj	1	2	1.8	0.15	182	183	184	粉色北极熊.txt																																
2004	翼牛.obj	1	2	0.8	0.15	182	183	184	翼牛.txt																																
2005	铁翼牛.obj	1	2	0.8	0.15	182	183	184	铁翼牛.txt																																
2006	西域萨满.obj	1	2	1	0.15	182	183	184	西域撒满.txt																																
2007	西域巫医.obj	1	2	1	0.15	182	183	184	西域巫医.txt																																
2008	西域马匪.obj	1	2	1	0.15	182	183	184	西域马匪.txt																																
2009	西域劫匪.obj	1	2	1	0.15	182	183	184	西域劫匪.txt																																
2010	西域窃贼.obj	1	2	1	0.15	182	183	184	西域窃贼.txt																																
2011	废墟恐蝎.obj	1	2	1	0.15	182	183	184	废墟恐蝎.txt																																
2012	荒原蝎.obj	1	2	1	0.15	182	183	184	荒原蝎.txt																																
2013	北方盗贼.obj	1	2	1	0.15	182	183	184	北方盗贼.txt																																
2014	北方强盗.obj	1	2	1	0.15	182	183	184	北方强盗.txt																																
2015	翼牛.obj	1	2	1	0.15	182	183	184	翼牛.txt																																
2016	铁翼牛.obj	1	2	1	0.15	182	183	184	铁翼牛.txt																																
2017	西域萨满.obj	1	2	1.2	0.15	182	183	184	西域撒满.txt																																
2018	西域巫医.obj	1	2	1.2	0.15	182	183	184	西域巫医.txt																																
2019	西域马匪.obj	1	2	1.2	0.15	182	183	184	西域马匪.txt																																
2020	西域劫匪.obj	1	2	1.2	0.15	182	183	184	西域劫匪.txt																																
2021	西域窃贼.obj	1	2	1.2	0.15	182	183	184	西域窃贼.txt																																
2022	废墟恐蝎.obj	1	2	1.2	0.15	182	183	184	废墟恐蝎.txt																																
2023	荒原蝎.obj	1	2	1.2	0.15	182	183	184	荒原蝎.txt																																
2024	北方盗贼.obj	1	2	1.2	0.15	182	183	184	北方盗贼.txt																																
2025	北方强盗.obj	1	2	1.2	0.15	182	183	184	北方强盗.txt																																
2026	金壳冰角白龙龟.obj	1	2	2	0.15	182	183	184	白鹅.txt																																
2027	企鹅王1.obj	1	2	1	0.15	182	183	184	企鹅王1.txt																																
2028	变身灯笼1.obj	1	2	1	0.15	182	183	184	变身冰人.txt																																
2029	变身灯笼2.obj	1	2	1	0.15	182	183	184	变身冰人.txt																																
2030	变身灯笼3.obj	1	2	1	0.15	182	183	184	变身冰人.txt																																
2031	变身灯笼1.obj	1	2	1	0.15	182	183	184	变身灯笼1.txt																																
2032	变身灯笼2.obj	1	2	1	0.15	182	183	184	变身灯笼2.txt																																
2033	变身灯笼3.obj	1	2	1	0.15	182	183	184	变身灯笼3.txt																																
2034	珍兽唐装鼠1.obj	1	2	1	0.15	182	183	184	白鹅.txt																																
2035	珍兽唐装鼠.obj	1	2	1	0.15	182	183	184	白鹅.txt																																
2036	珍兽唐装鼠2.obj	1	2	1	0.15	182	183	184	白鹅.txt																																
2037	珍兽唐装鼠3.obj	1	2	1	0.15	182	183	184	白鹅.txt																																
2038	珍兽唐装鼠4.obj	1	2	1	0.15	182	183	184	白鹅.txt																																
2039	珍兽唐装鼠5.obj	1	2	1	0.15	182	183	184	白鹅.txt																																
2040	珍兽唐装鼠6.obj	1	2	1	0.15	182	183	184	白鹅.txt																																
2041	珍兽唐装鼠7.obj	1	2	1	0.15	182	183	184	白鹅.txt																																
2042	珍兽年兽1.obj	1	2	0.85	0.15	182	183	184	白鹅.txt																																
2043	珍兽年兽2.obj	1	2	0.85	0.15	182	183	184	白鹅.txt																																
2044	珍兽年兽3.obj	1	2	0.85	0.15	182	183	184	白鹅.txt																																
2045	珍兽年兽4.obj	1	2	0.85	0.15	182	183	184	白鹅.txt																																
2046	珍兽年兽5.obj	1	2	0.85	0.15	182	183	184	白鹅.txt																																
2047	珍兽年兽6.obj	1	2	0.85	0.15	182	183	184	白鹅.txt																																
2048	珍兽年兽7.obj	1	2	0.85	0.15	182	183	184	白鹅.txt																																
2049	珍兽年兽8.obj	1	2	0.85	0.15	182	183	184	白鹅.txt																																
2050	珍兽年兽boss.obj	1	2	1	0.15	182	183	184	珍兽年兽boss.txt																																
2051	骑乘春节白熊.obj	1	2	1	0.15	194	195	196	骑乘熊.txt																																
2052	鸳鸯.obj	1	2	1	0.15	182	183	184	鸳鸯.txt																																
2053	鸳鸯1.obj	1	2	1	0.15	182	183	184	鸳鸯.txt																																
2054	鸳鸯2.obj	1	2	1	0.15	182	183	184	鸳鸯.txt																																
2055	鸳鸯3.obj	1	2	1	0.15	182	183	184	鸳鸯.txt																																
2056	鸳鸯4.obj	1	2	1	0.15	182	183	184	鸳鸯.txt																																
2057	鸳鸯5.obj	1	2	1	0.15	182	183	184	鸳鸯.txt																																
2058	鸳鸯6.obj	1	2	1	0.15	182	183	184	鸳鸯.txt																																
2059	鸳鸯7.obj	1	2	1	0.15	182	183	184	鸳鸯.txt																																
2060	变身二踢脚.obj	1	2	1	0.15	182	183	184	变身冰人.txt																																
2061	变身门神.obj	1	2	1	0.15	182	183	184	变身冰人.txt																																
2062	npc怪西域三头蛮1A.obj	1	2	1	0.15	182	183	184	西域三头蛮.txt																																
2063	npc怪西域沙尘.obj	1	2	1	0.15	182	183	184	西域沙尘.txt																																
2064	沙漠野人巫师.obj	1	2	1	0.15	182	183	184	山越祭司.txt																																
2065	沙漠野人战士.obj	1	2	1	0.15	182	183	184	山越刀客.txt																																
2066	沙漠野人.obj	1	2	1	0.15	182	183	184	赤脚野人.txt																																
2067	食腐鸟.obj	1	2	1	0.15	182	183	184	食腐鸟.txt																																
2068	npc怪西域三头蛮1A.obj	1	2	1.2	0.15	182	183	184	西域三头蛮.txt																																
2069	npc怪西域沙尘.obj	1	2	1.2	0.15	182	183	184	西域沙尘.txt																																
2070	沙漠野人巫师.obj	1	2	1.2	0.15	182	183	184	山越祭司.txt																																
2071	沙漠野人战士.obj	1	2	1.2	0.15	182	183	184	山越刀客.txt																																
2072	沙漠野人.obj	1	2	1.2	0.15	182	183	184	赤脚野人.txt																																
2073	食腐鸟.obj	1	2	1.2	0.15	182	183	184	食腐鸟.txt																																
2074	鸭嘴兽.obj	1	2	1	0.15	182	183	184	粉色北极熊.txt																																
2075	鸭嘴兽1.obj	1	2	1	0.15	182	183	184	粉色北极熊.txt																																
2076	鸭嘴兽2.obj	1	2	1	0.15	182	183	184	粉色北极熊.txt																																
2077	鸭嘴兽3.obj	1	2	1	0.15	182	183	184	粉色北极熊.txt																																
2078	鸭嘴兽4.obj	1	2	1	0.15	182	183	184	粉色北极熊.txt																																
2079	鸭嘴兽5.obj	1	2	1	0.15	182	183	184	粉色北极熊.txt																																
2080	鸭嘴兽6.obj	1	2	1	0.15	182	183	184	粉色北极熊.txt																																
2081	鸭嘴兽7.obj	1	2	1	0.15	182	183	184	粉色北极熊.txt																																
2082	npc立繁.obj	1	2	1	0.15	182	183	184	王语嫣.txt																																
2083	墨镜猫1.obj	1	2	1	0.15	182	183	184	粉色北极熊.txt																																
2084	墨镜猫2.obj	1	2	1	0.15	182	183	184	粉色北极熊.txt																																
2085	墨镜猫3.obj	1	2	1	0.15	182	183	184	粉色北极熊.txt																																
2086	墨镜猫4.obj	1	2	1	0.15	182	183	184	粉色北极熊.txt																																
2087	墨镜猫5.obj	1	2	1	0.15	182	183	184	粉色北极熊.txt																																
2088	墨镜猫6.obj	1	2	1	0.15	182	183	184	粉色北极熊.txt																																
2089	墨镜猫7.obj	1	2	1	0.15	182	183	184	粉色北极熊.txt																																
2090	墨镜猫8.obj	1	2	1	0.15	182	183	184	粉色北极熊.txt																																
2094	变异翼牛.obj	1	2	1	0.15	182	183	184	翼牛.txt																																
2095	变异铁翼牛.obj	1	2	1	0.15	182	183	184	铁翼牛.txt																																
2096	npc西域年轻女子1.obj	1	2	1	0.15	182	183	184	银川公主.txt																																
2097	npc西域年轻女子2.obj	1	2	1	0.15	182	183	184	王语嫣.txt																																
2098	npc西域年轻男子1.obj	1	2	1	0.15	182	183	184	西域年轻男子1.txt																																
2099	npc西域年轻男子2.obj	1	2	1	0.15	182	183	184	西域年轻男子2.txt																																
2100	npc西域年轻男子3.obj	1	2	1	0.15	182	183	184	西域年轻男子3.txt																																
2101	npc西域杂耍艺人.obj	1	2	1	0.15	182	183	184	西域杂耍艺人.txt																																
2102	npc西域老年女子1.obj	1	2	1	0.15	182	183	184	西域老年女子1.txt																																
2103	npc西域老年男子1.obj	1	2	1	0.15	182	183	184	西域老年男子1.txt																																
2104	npc西域老年男子2.obj	1	2	1	0.15	182	183	184	西域老年男子2.txt																																
2105	npc西域耍蛇人.obj	1	2	0.9	0.15	182	183	184	西域耍蛇人.txt																																
2106	npc西域耍蛇人蛇.obj	1	2	1	0.15	182	183	184	西域耍蛇人蛇.txt																																
2107	npc西域跳舞女子.obj	1	2	1	0.15	182	183	184	西域跳舞女子.txt																																
2108	npc西域驼队商人.obj	1	2	1	0.15	182	183	184	西域驼队商人.txt																																
2109	npc西域驼队骆驼.obj	1	2	1	0.15	182	183	184	西域驼队骆驼.txt																																
2110	npc西域老年男子1a.obj	1	2	1	0.15	182	183	184	西域老年男子1.txt																																
2111	npc西域老年男子2a.obj	1	2	1	0.15	182	183	184	西域老年男子2.txt																																
2112	npc西域老年男子2b.obj	1	2	1	0.15	182	183	184	西域老年男子2.txt																																
2113	npc西域年轻男子1a.obj	1	2	1	0.15	182	183	184	西域年轻男子1.txt																																
2114	npc西域年轻男子1b.obj	1	2	1	0.15	182	183	184	西域年轻男子1.txt																																
2115	npc西域年轻男子2a.obj	1	2	1	0.15	182	183	184	西域年轻男子2.txt																																
2116	npc西域年轻男子3a.obj	1	2	1	0.15	182	183	184	西域年轻男子2.txt																																
2117	npc西域年轻女子1a.obj	1	2	1	0.15	182	183	184	银川公主.txt																																
2118	npc西域年轻女子1b.obj	1	2	1	0.15	182	183	184	银川公主.txt																																
2119	npc西域年轻女子1c.obj	1	2	1	0.15	182	183	184	银川公主.txt																																
2120	npc西域年轻女子2a.obj	1	2	1	0.15	182	183	184	王语嫣.txt																																
2121	npc西域年轻女子2b.obj	1	2	1	0.15	182	183	184	王语嫣.txt																																
2122	npc西域年轻女子2c.obj	1	2	1	0.15	182	183	184	王语嫣.txt																																
2123	npc西域跳舞女子a.obj	1	2	1	0.15	182	183	184	西域跳舞女子.txt																																
2124	npc西域跳舞女子b.obj	1	2	1	0.15	182	183	184	西域跳舞女子.txt																																
2125	蹴鞠bossa.obj	1	2	1.3	0.15	182	183	184	蹴鞠Bossa.txt																																
2126	蹴鞠bossb.obj	1	2	1.3	0.15	182	183	184	蹴鞠Bossb.txt																																
2127	蹴鞠bossc.obj	1	2	1.3	0.15	182	183	184	蹴鞠Bossc.txt																																
2128	篮球boss.obj	1	2	1	0.15	182	183	184	蹴鞠蓝球.txt																																
2129	排球boss.obj	1	2	1	0.15	182	183	184	蹴鞠排球.txt																																
2130	足球boss.obj	1	2	1	0.15	182	183	184	蹴鞠足球.txt																																
2131	圣火台.obj	1	2	1	0.15	182	183	184	圣火台.txt																																
2132	变身圣火传递女.obj	1	2	1	0.15	182	183	184	变身冰人.txt																																
2133	变身圣火传递男.obj	1	2	1	0.15	185	186	187	变身冰人.txt																																
2134	云母石人.obj	1	2	1.3	0.15	182	183	184	云母石人.txt																																
2135	龙血石人.obj	1	2	1.8	0.15	182	183	184	花岗石人.txt																																
2136	npc怪西域马场守卫.obj	1	2	1	0.15	182	183	184	西域马场守卫.txt																																
2137	npc怪西域马场守卫.obj	1	2	1.2	0.15	182	183	184	西域马场守卫.txt																																
2138	npc怪西域食腐鸟1.obj	1	2	1	0.15	182	183	184	食腐鸟.txt																																
2139	npc怪西域食腐鸟1.obj	1	2	1.2	0.15	182	183	184	食腐鸟.txt																																
2140	npc怪西域驯马师.obj	1	2	1	0.15	182	183	184	西域驯马师.txt																																
2141	npc怪西域驯马师.obj	1	2	1.2	0.15	182	183	184	西域驯马师.txt																																
2142	npc怪西域野马.obj	1	2	1.7	0.15	182	183	184	西域野马.txt																																
2143	npc怪西域野马.obj	1	2	2	0.15	182	183	184	西域野马.txt																																
2144	npc怪西域匈奴战士2.obj	1	2	1	0.15	182	183	184	npc怪西域匈奴战士2.txt																																
2145	npc怪西域匈奴战士2.obj	1	2	1.2	0.15	182	183	184	npc怪西域匈奴战士2.txt																																
2146	npc怪西域匈奴萨满2.obj	1	2	1	0.15	182	183	184	npc怪西域匈奴萨满2.txt																																
2147	npc怪西域匈奴萨满2.obj	1	2	1.2	0.15	182	183	184	npc怪西域匈奴萨满2.txt																																
2148	白骆驼.obj	1	2	1	0.15	203	204	205	白骆驼.txt																																
2149	赤龙.obj	1	2	1.3	0.15	182	183	184	白鹅.txt																																
2150	boss飘渺峰哈大霸.obj	1	2	1	0.15	182	183	184	boss飘渺峰哈大霸.txt																																
2151	boss飘渺峰桑土公.obj	1	2	1	0.15	182	183	184	boss飘渺峰桑土公.txt																																
2152	boss飘渺峰乌老大.obj	1	2	1	0.15	182	183	184	boss飘渺峰乌老大.txt																																
2153	boss飘渺峰卓不凡.obj	1	2	1	0.15	182	183	184	boss飘渺峰卓不凡.txt																																
2154	boss飘渺峰不平道人.obj	1	2	1	0.15	182	183	184	boss飘渺峰不平道人.txt																																
2155	boss飘渺峰李秋水.obj	1	2	1.3	0.15	182	183	184	boss飘渺峰李秋水.txt																																
2156	珍兽穷奇.obj	1	2	1.5	0.15	182	183	184	白鹅.txt																																
2157	珍兽穷奇2.obj	1	2	1.5	0.15	182	183	184	白鹅.txt																																
2158	珍兽穷奇3.obj	1	2	1.5	0.15	182	183	184	白鹅.txt																																
2159	珍兽穷奇4.obj	1	2	1.5	0.15	182	183	184	白鹅.txt																																
2160	珍兽穷奇5.obj	1	2	1.5	0.15	182	183	184	白鹅.txt																																
2161	珍兽穷奇6.obj	1	2	1.5	0.15	182	183	184	白鹅.txt																																
2162	珍兽穷奇7.obj	1	2	1.5	0.15	182	183	184	白鹅.txt																																
2163	珍兽穷奇8.obj	1	2	1.5	0.15	182	183	184	白鹅.txt																																
2164	珍兽白狐1.obj	1	2	1	0.15	182	183	184	珍兽白狐.txt																																
2165	珍兽白狐2.obj	1	2	1	0.15	182	183	184	珍兽白狐.txt																																
2166	珍兽白狐3.obj	1	2	1	0.15	182	183	184	珍兽白狐.txt																																
2167	珍兽白狐4.obj	1	2	1	0.15	182	183	184	珍兽白狐.txt																																
2168	珍兽白狐5.obj	1	2	1	0.15	182	183	184	珍兽白狐.txt																																
2169	珍兽白狐6.obj	1	2	1	0.15	182	183	184	珍兽白狐.txt																																
2170	珍兽白狐7.obj	1	2	1	0.15	182	183	184	珍兽白狐.txt																																
2171	珍兽白狐.obj	1	2	1	0.15	182	183	184	珍兽白狐.txt																																
2172	骑乘碧水金睛兽.obj	1	2	1.5	0.15	182	183	184	骑乘碧水金睛兽.txt																																
2173	npc束河古镇沧澜.obj	1	2	1	0.15	182	183	184	npc束河古镇沧澜.txt																																
2174	npc束河古镇哈巴.obj	1	2	1	0.15	182	183	184	npc束河古镇哈巴.txt																																
2175	npc束河古镇金沙.obj	1	2	1	0.15	182	183	184	npc束河古镇金沙.txt																																
2176	npc束河古镇徐霞客.obj	1	2	1	0.15	182	183	184	npc束河古镇徐霞客.txt																																
2177	npc束河古镇玉龙.obj	1	2	1	0.15	182	183	184	npc束河古镇玉龙.txt																																
2178	boss缥缈峰普通侠士.obj	1	2	1	0.15	182	183	184	boss缥缈峰普通侠士.txt																																
2179	npc束河古镇跳舞者01.obj	1	2	1	0.15	182	183	184	npc束河古镇跳舞者01.txt																																
2180	npc束河古镇跳舞者02.obj	1	2	1	0.15	182	183	184	npc束河古镇跳舞者02.txt																																
2181	npc束河古镇跳舞者03.obj	1	2	1	0.15	182	183	184	npc束河古镇跳舞者03.txt																																
2182	npc束河古镇跳舞者04.obj	1	2	1	0.15	182	183	184	npc束河古镇跳舞者04.txt																																
2183	npc束河古镇跳舞者05.obj	1	2	1	0.15	182	183	184	npc束河古镇跳舞者05.txt																																
2184	npc束河古镇跳舞者06.obj	1	2	1	0.15	182	183	184	npc束河古镇跳舞者06.txt																																
2185	npc束河古镇跳舞者07.obj	1	2	1	0.15	182	183	184	npc束河古镇跳舞者07.txt																																
2186	npc束河古镇跳舞者08.obj	1	2	1	0.15	182	183	184	npc束河古镇跳舞者08.txt																																
2187	npc束河古镇跳舞者09.obj	1	2	1	0.15	182	183	184	npc束河古镇跳舞者09.txt																																
2188	npc束河古镇跳舞者10.obj	1	2	1	0.15	182	183	184	npc束河古镇跳舞者10.txt																																
2189	珍兽上古神猿1.obj	1	2	1	0.15	182	183	184	珍兽上古神猿.txt																																
2190	珍兽上古神猿2.obj	1	2	1	0.15	182	183	184	珍兽上古神猿.txt																																
2191	珍兽上古神猿3.obj	1	2	1	0.15	182	183	184	珍兽上古神猿.txt																																
2192	珍兽上古神猿4.obj	1	2	1	0.15	182	183	184	珍兽上古神猿.txt																																
2193	珍兽上古神猿5.obj	1	2	1	0.15	182	183	184	珍兽上古神猿.txt																																
2194	珍兽上古神猿6.obj	1	2	1	0.15	182	183	184	珍兽上古神猿.txt																																
2195	地宫boss古墓幽禁守卫.obj	1	2	1	0.15	182	183	184	地宫boss古墓幽禁守卫.txt																																
2196	地宫BOSS秦王.obj	1	2	1	0.15	182	183	184	地宫BOSS秦王.txt																																
2197	地宫盗墓者.obj	1	2	1	0.15	182	183	184	地宫盗墓者.txt																																
2198	地宫秦将护卫.obj	1	2	0.75	0.15	182	183	184	地宫秦将护卫.txt																																
2199	古墓残破雕塑.obj	1	2	1	0.15	182	183	184	古墓残破雕塑.txt																																
2200	古墓虫子.obj	1	2	1	0.15	182	183	184	古墓虫子.txt																																
2201	古墓幽灵.obj	1	2	0.75	0.15	182	183	184	古墓幽灵.txt																																
2202	古墓幽灵法师.obj	1	2	1	0.15	182	183	184	古墓幽灵法师.txt																																
2203	npc怪地宫护卫.obj	1	2	0.75	0.15	182	183	184	npc怪地宫护卫.txt																																
2204	npc怪古墓残破雕塑.obj	1	2	1	0.15	182	183	184	npc怪古墓残破雕塑.txt																																
2205	古墓工匠.obj	1	2	1	0.15	182	183	184	古墓工匠.txt																																
2206	古墓石人.obj	1	2	1	0.15	182	183	184	古墓石人.txt																																
2207	古墓幽灵护卫.obj	1	2	1	0.15	182	183	184	古墓幽灵护卫.txt																																
2208	宠物穿山甲.obj	1	2	1.6	0.15	182	183	184	白鹅.txt																																
2209	宠物穿山甲1.obj	1	2	1.6	0.15	182	183	184	白鹅.txt																																
2210	宠物穿山甲2.obj	1	2	1.6	0.15	182	183	184	白鹅.txt																																
2211	宠物穿山甲3.obj	1	2	1.6	0.15	182	183	184	白鹅.txt																																
2212	宠物穿山甲4.obj	1	2	1.6	0.15	182	183	184	白鹅.txt																																
2213	宠物穿山甲5.obj	1	2	1.6	0.15	182	183	184	白鹅.txt																																
2214	宠物穿山甲6.obj	1	2	1.6	0.15	182	183	184	白鹅.txt																																
2215	宠物穿山甲7.obj	1	2	1.6	0.15	182	183	184	白鹅.txt																																
2216	npc怪宝箱棋子1.obj	1	2	1.3	0.15	182	183	184	npc怪宝箱棋子1.txt																																
2217	npc怪宝箱棋子2.obj	1	2	1.3	0.15	182	183	184	npc怪宝箱棋子2.txt																																
2218	npc宝箱童子5.obj	1	2	1.2	0.15	182	183	184	npc宝箱童子.txt																																
2219	npc宝箱童子6.obj	1	2	1.2	0.15	182	183	184	npc宝箱童子.txt																																
2220	boss裂金明王.obj	1	2	1	0.15	182	183	184	boss裂金明王.txt																																
2221	boss玄镰刀怪.obj	1	2	1	0.15	182	183	184	boss玄镰刀怪.txt																																
2222	宠物穿山甲.obj	1	2	1.5	0.15	182	183	184	白鹅.txt																																
2223	淡褐黄鸟.obj	1	2	1.3	0.15	182	183	184	白鹅.txt																																
2224	珍珑之光.obj	1	2	1	0.15	182	183	184	秘笈.txt																																
2225	变身礼盒.obj	1	2	1	0.15	182	183	184	变身冰人.txt																																
2226	变身玫瑰花.obj	1	2	1	0.15	182	183	184	变身冰人.txt																																
2227	变身兔爷.obj	1	2	1	0.15	182	183	184	变身冰人.txt																																
2228	珍兽比翼鸟.obj	1	2	1	0.15	182	183	184	珍兽比翼鸟.txt																																
2229	珍兽比翼鸟1.obj	1	2	1	0.15	182	183	184	珍兽比翼鸟.txt																																
2230	珍兽比翼鸟2.obj	1	2	1	0.15	182	183	184	珍兽比翼鸟.txt																																
2231	珍兽比翼鸟3.obj	1	2	1	0.15	182	183	184	珍兽比翼鸟.txt																																
2232	珍兽比翼鸟4.obj	1	2	1	0.15	182	183	184	珍兽比翼鸟.txt																																
2233	珍兽比翼鸟5.obj	1	2	1	0.15	182	183	184	珍兽比翼鸟.txt																																
2234	珍兽比翼鸟6.obj	1	2	1	0.15	182	183	184	珍兽比翼鸟.txt																																
2235	珍兽比翼鸟7.obj	1	2	1	0.15	182	183	184	珍兽比翼鸟7.txt																																
2236	珍兽春节牛1.obj	1	2	1.2	0.15	182	183	184	珍兽春节牛.txt																																
2237	珍兽春节牛2.obj	1	2	1.2	0.15	182	183	184	珍兽春节牛.txt																																
2238	珍兽春节牛3.obj	1	2	1.2	0.15	182	183	184	珍兽春节牛.txt																																
2239	珍兽春节牛4.obj	1	2	1.2	0.15	182	183	184	珍兽春节牛.txt																																
2240	珍兽春节牛5.obj	1	2	1.2	0.15	182	183	184	珍兽春节牛.txt																																
2241	珍兽春节牛6.obj	1	2	1.2	0.15	182	183	184	珍兽春节牛.txt																																
2242	珍兽春节牛7.obj	1	2	1.2	0.15	182	183	184	珍兽春节牛.txt																																
2243	珍兽春节牛8.obj	1	2	1.2	0.15	182	183	184	珍兽春节牛.txt																																
2244	圣诞节骑乘.obj	1	2	1.3	0.15	182	183	184	圣诞节骑乘.txt																																
2245	当扈.obj	1	2	1	0.15	182	183	184	粉色北极熊.txt																																
2246	当扈1.obj	1	2	1	0.15	182	183	184	粉色北极熊.txt																																
2247	当扈2.obj	1	2	1	0.15	182	183	184	粉色北极熊.txt																																
2248	当扈3.obj	1	2	1	0.15	182	183	184	粉色北极熊.txt																																
2249	当扈4.obj	1	2	1	0.15	182	183	184	粉色北极熊.txt																																
2250	当扈5.obj	1	2	1	0.15	182	183	184	粉色北极熊.txt																																
2251	当扈6.obj	1	2	1	0.15	182	183	184	粉色北极熊.txt																																
2252	当扈7.obj	1	2	1	0.15	182	183	184	粉色北极熊.txt																																
2253	骑乘春节年兽.obj	1	2	1	0.15	182	183	184	骑乘春节年兽.txt																																
2254	骑乘情人节花车1.obj	1	2	1.2	0.15	-1	-1	-1	骑乘情人节花车1.txt																																
2255	蚩尤台.obj	1	2	0.75	0.15	182	183	184	KVK台.txt																																
2256	蚩尤焚香塔.obj	1	2	0.5	0.15	182	183	184	KVK塔.txt																																
2257	蚩尤落星塔.obj	1	2	0.5	0.15	182	183	184	KVK塔.txt																																
2258	蚩尤战车白色.obj	1	2	0.5	0.15	182	183	184	KVK白车.txt																																
2259	蚩尤战车红色.obj	1	2	0.5	0.15	182	183	184	KVK红车.txt																																
2260	蚩尤战车紫色.obj	1	2	0.5	0.15	182	183	184	KVK紫车.txt																																
2261	蚩尤战车蓝色.obj	1	2	0.5	0.15	182	183	184	KVK蓝车.txt																																
2262	蚩尤战车黄色.obj	1	2	0.5	0.15	182	183	184	KVK黄车.txt																																
2263	蚩尤旗.obj	1	2	1	0.15	182	183	184	KVK旗.txt																																
2264	炎黄台.obj	1	2	0.75	0.15	182	183	184	KVK台.txt																																
2265	炎黄焚香塔.obj	1	2	0.5	0.15	182	183	184	KVK塔.txt																																
2266	炎黄落星塔.obj	1	2	0.5	0.15	182	183	184	KVK塔.txt																																
2267	炎黄战车白色.obj	1	2	0.5	0.15	182	183	184	KVK白车.txt																																
2268	炎黄战车红色.obj	1	2	0.5	0.15	182	183	184	KVK红车.txt																																
2269	炎黄战车紫色.obj	1	2	0.5	0.15	182	183	184	KVK紫车.txt																																
2270	炎黄战车蓝色.obj	1	2	0.5	0.15	182	183	184	KVK蓝车.txt																																
2271	炎黄战车黄色.obj	1	2	0.5	0.15	182	183	184	KVK黄车.txt																																
2272	炎黄战旗.obj	1	2	1	0.15	182	183	184	KVK旗.txt																																
2273	涿鹿大旗操作台.obj	1	2	1	0.15	182	183	184	KVK台.txt																																
2274	珍兽春节牛1a.obj	1	2	1.2	0.15	182	183	184	珍兽春节牛1.txt																																
2275	珍兽春节牛2a.obj	1	2	1.2	0.15	182	183	184	珍兽春节牛1.txt																																
2276	珍兽春节牛3a.obj	1	2	1.2	0.15	182	183	184	珍兽春节牛1.txt																																
2277	珍兽春节牛4a.obj	1	2	1.2	0.15	182	183	184	珍兽春节牛1.txt																																
2278	珍兽春节牛5a.obj	1	2	1.2	0.15	182	183	184	珍兽春节牛1.txt																																
2279	珍兽春节牛6a.obj	1	2	1.2	0.15	182	183	184	珍兽春节牛1.txt																																
2280	珍兽春节牛7a.obj	1	2	1.2	0.15	182	183	184	珍兽春节牛1.txt																																
2281	珍兽春节牛8a.obj	1	2	1.2	0.15	182	183	184	珍兽春节牛1.txt																																
2282	珍兽春节牛9a.obj	1	2	1.2	0.15	182	183	184	珍兽春节牛1.txt																																
2283	珍兽比翼鸟8.obj	1	2	1	0.15	182	183	184	珍兽比翼鸟7.txt																																
2284	珍兽春节牛9.obj	1	2	1.2	0.15	182	183	184	珍兽春节牛.txt																																
2285	当扈8.obj	1	2	1	0.15	182	183	184	粉色北极熊.txt																																
2286	珍兽欢乐猪8.obj	1	2	1	0.15	182	183	184	白鹅.txt																																
2287	狗boss.obj	1	2	2	0.15	182	183	184	白鹅.txt																																
2288	白羊.obj	1	2	1.5	0.15	182	183	184	白鹅.txt																																
2289	青头鹰.obj	1	2	1.7	0.15	182	183	184	白鹅.txt																																
2290	蜥蜴小boss.obj	1	2	1.6	0.15	182	183	184	白鹅.txt																																
2291	紫色豹小boss.obj	1	2	1.5	0.15	182	183	184	白鹅.txt																																
2292	蝙蝠小boss.obj	1	2	1.6	0.15	182	183	184	白鹅.txt																																
2293	骑乘白豹.obj	1	2	1	0.15	182	183	184	骑乘白豹.txt																																
2294	骑乘黑豹.obj	1	2	1	0.15	182	183	184	骑乘黑豹.txt																																
5013	珍兽go仔1.obj	1	2	1	0.15	182	183	184	珍兽go仔.txt																																
5014	珍兽go仔2.obj	1	2	1	0.15	182	183	184	珍兽go仔.txt																																
5015	珍兽go仔3.obj	1	2	1	0.15	182	183	184	珍兽go仔.txt																																
5016	珍兽go仔4.obj	1	2	1	0.15	182	183	184	珍兽go仔.txt																																
5017	珍兽go仔5.obj	1	2	1	0.15	182	183	184	珍兽go仔.txt																																
5018	珍兽go仔6.obj	1	2	1	0.15	182	183	184	珍兽go仔.txt																																
5019	珍兽go仔7.obj	1	2	1	0.15	182	183	184	珍兽go仔.txt																																
5020	珍兽go仔8.obj	1	2	1	0.15	182	183	184	珍兽go仔.txt																																
