INT	STRING	INT	INT	INT	INT	INT	INT	INT	INT	INT	INT	INT	INT	INT	INT	INT	INT	INT	INT	INT	INT	INT	INT	INT	INT	INT	INT	INT	INT	INT	INT	INT	INT	STRING	STRING	STRING	STRING	STRING	INT	INT	INT	INT	INT	INT	INT	INT	INT	INT	INT	INT
珍兽编号	名称$1$	珍兽类型	可携带等级	阵营	是否变异	是否宝宝	食物类	所能学的技能数	主动技能	主动技能生成几率（1/100w）	主动技能2	主动技能2生成几率（1/100w）	被动技能1	被动技能1生成几率（1/100W）	被动技能2	被动技能2生成几率（1/100W）	被动技能3	被动技能3生成几率（1/100W）	被动技能4	被动技能4生成几率（1/100W）	被动技能5	被动技能5生成几率（1/100W）	被动技能6	被动技能6生成几率（1/100W）	被动技能7	被动技能7生成几率（1/100W）	被动技能8	被动技能8生成几率（1/100W）	被动技能9	被动技能9生成几率（1/100W）	被动技能10	被动技能10生成几率（1/100W）	标准寿命	标准力量资质	标准体质资质	标准灵气资质	标准身法资质	标准定力资质	成长率1	成长率2	成长率3	成长率4	成长率5	胆小(1/1000)	谨慎(1/1000)	忠诚(1/1000)	精明(1/1000)	勇猛(1/1000)	珍兽繁殖时间(ms)	同类参考珍兽类型
558	飘飘鸭	298	1	9	1	0	11	10	-1	-1	-1	-1	-1	-1	-1	-1	-1	-1	-1	-1	-1	-1	-1	-1	-1	-1	-1	-1	-1	-1	-1	-1	64800	208	208	208	208	208	500	550	575	650	750	900	50	20	20	10	6000	558
559	飘飘兔	299	1	9	1	0	100	10	-1	-1	-1	-1	-1	-1	-1	-1	-1	-1	-1	-1	-1	-1	-1	-1	-1	-1	-1	-1	-1	-1	-1	-1	64800	208	208	208	208	208	500	550	575	650	750	900	50	20	20	10	6000	559
3000	成年兔子	300	5	9	0	0	100	10	688	100000	-1	-1	670	900000	668	250000	-1	-1	-1	-1	-1	-1	-1	-1	-1	-1	-1	-1	-1	-1	-1	-1	66236	571	652	1060	652	897	540	594	621	702	810	150	800	20	20	10	6000	3000
3001	变异兔子	300	5	9	1	0	100	10	688	100000	-1	-1	670	900000	668	250000	-1	-1	-1	-1	-1	-1	-1	-1	-1	-1	-1	-1	-1	-1	-1	-1	66236	742	848	1379	848	1166	540	594	621	702	810	150	800	20	20	10	6000	3000
3009	兔子宝宝	300	5	9	0	1	100	10	688	100000	-1	-1	670	900000	668	250000	-1	-1	-1	-1	-1	-1	-1	-1	-1	-1	-1	-1	-1	-1	-1	-1	66236	571	652	1060	652	897	540	594	621	702	810	150	800	20	20	10	6000	3000
3010	成年燕子	301	5	9	0	0	11	10	739	100000	-1	-1	712	900000	726	250000	-1	-1	-1	-1	-1	-1	-1	-1	-1	-1	-1	-1	-1	-1	-1	-1	66236	816	734	652	1060	571	540	594	621	702	810	10	20	800	20	150	6000	3010
3011	变异燕子	301	5	9	1	0	11	10	739	100000	-1	-1	712	900000	726	250000	-1	-1	-1	-1	-1	-1	-1	-1	-1	-1	-1	-1	-1	-1	-1	-1	66236	1060	954	848	1379	742	540	594	621	702	810	10	20	800	20	150	6000	3010
3019	燕子宝宝	301	5	9	0	1	11	10	739	100000	-1	-1	712	900000	726	250000	-1	-1	-1	-1	-1	-1	-1	-1	-1	-1	-1	-1	-1	-1	-1	-1	66236	816	734	652	1060	571	540	594	621	702	810	10	20	800	20	150	6000	3010
3020	成年乌龟	302	5	9	0	0	1000	10	690	300000	-1	-1	658	900000	702	50000	-1	-1	-1	-1	-1	-1	-1	-1	-1	-1	-1	-1	-1	-1	-1	-1	66236	734	1060	652	652	734	540	594	621	702	810	800	150	20	20	10	6000	3020
3021	变异乌龟	302	5	9	1	0	1000	10	690	300000	-1	-1	658	900000	702	50000	-1	-1	-1	-1	-1	-1	-1	-1	-1	-1	-1	-1	-1	-1	-1	-1	66236	954	1379	848	848	954	540	594	621	702	810	800	150	20	20	10	6000	3020
3029	乌龟宝宝	302	5	9	0	1	1000	10	690	300000	-1	-1	658	900000	702	50000	-1	-1	-1	-1	-1	-1	-1	-1	-1	-1	-1	-1	-1	-1	-1	-1	66236	734	1060	652	652	734	540	594	621	702	810	800	150	20	20	10	6000	3020
3030	成年狗	303	5	9	0	0	1000	10	686	200000	-1	-1	718	900000	706	200000	-1	-1	-1	-1	-1	-1	-1	-1	-1	-1	-1	-1	-1	-1	-1	-1	69828	1114	942	599	771	599	642	706	738	834	963	10	20	800	20	150	6000	3030
3031	变异狗	303	5	9	1	0	1000	10	686	200000	-1	-1	718	900000	706	200000	-1	-1	-1	-1	-1	-1	-1	-1	-1	-1	-1	-1	-1	-1	-1	-1	69828	1448	1225	779	1002	779	642	706	738	834	963	10	20	800	20	150	6000	3030
3039	狗宝宝	303	5	9	0	1	1000	10	686	200000	-1	-1	718	900000	706	200000	-1	-1	-1	-1	-1	-1	-1	-1	-1	-1	-1	-1	-1	-1	-1	-1	69828	1114	942	599	771	599	642	706	738	834	963	10	20	800	20	150	6000	3030
3040	成年刺猬	304	5	9	0	0	10	10	737	200000	-1	-1	710	900000	659	200000	-1	-1	-1	-1	-1	-1	-1	-1	-1	-1	-1	-1	-1	-1	-1	-1	69828	857	857	857	857	857	642	706	738	834	963	150	800	20	20	10	6000	3040
3041	变异刺猬	304	5	9	1	0	10	10	737	200000	-1	-1	710	900000	659	200000	-1	-1	-1	-1	-1	-1	-1	-1	-1	-1	-1	-1	-1	-1	-1	-1	69828	1114	1114	1114	1114	1114	642	706	738	834	963	150	800	20	20	10	6000	3040
3049	刺猬宝宝	304	5	9	0	1	10	10	737	200000	-1	-1	710	900000	659	200000	-1	-1	-1	-1	-1	-1	-1	-1	-1	-1	-1	-1	-1	-1	-1	-1	69828	857	857	857	857	857	642	706	738	834	963	150	800	20	20	10	6000	3040
3050	成年猴子	305	5	9	0	0	1	10	739	200000	-1	-1	734	900000	657	200000	-1	-1	-1	-1	-1	-1	-1	-1	-1	-1	-1	-1	-1	-1	-1	-1	69828	857	771	685	1114	599	642	706	738	834	963	20	50	20	900	10	6000	3050
3051	变异猴子	305	5	9	1	0	1	10	739	200000	-1	-1	734	900000	657	200000	-1	-1	-1	-1	-1	-1	-1	-1	-1	-1	-1	-1	-1	-1	-1	-1	69828	1114	1002	891	1448	779	642	706	738	834	963	20	50	20	900	10	6000	3050
3059	猴子宝宝	305	5	9	0	1	1	10	739	200000	-1	-1	734	900000	657	200000	-1	-1	-1	-1	-1	-1	-1	-1	-1	-1	-1	-1	-1	-1	-1	-1	69828	857	771	685	1114	599	642	706	738	834	963	20	50	20	900	10	6000	3050
3060	成年松鼠	306	5	9	0	0	1	10	741	200000	-1	-1	705	900000	666	250000	-1	-1	-1	-1	-1	-1	-1	-1	-1	-1	-1	-1	-1	-1	-1	-1	73420	627	717	1166	717	986	744	818	855	967	1116	800	150	20	20	10	6000	3060
3061	变异松鼠	306	5	9	1	0	1	10	741	200000	-1	-1	705	900000	666	250000	-1	-1	-1	-1	-1	-1	-1	-1	-1	-1	-1	-1	-1	-1	-1	-1	73420	722	825	1341	825	1134	744	818	855	967	1116	800	150	20	20	10	6000	3060
3062	变异松鼠	306	5	9	1	0	1	10	741	200000	-1	-1	705	900000	666	250000	-1	-1	-1	-1	-1	-1	-1	-1	-1	-1	-1	-1	-1	-1	-1	-1	73420	816	932	1515	932	1282	744	818	855	967	1116	800	150	20	20	10	6000	3060
3069	松鼠宝宝	306	5	9	0	1	1	10	741	200000	-1	-1	705	900000	666	250000	-1	-1	-1	-1	-1	-1	-1	-1	-1	-1	-1	-1	-1	-1	-1	-1	73420	627	717	1166	717	986	744	818	855	967	1116	800	150	20	20	10	6000	3060
3070	成年浣熊	307	5	9	0	0	1000	10	738	200000	-1	-1	726	900000	732	250000	-1	-1	-1	-1	-1	-1	-1	-1	-1	-1	-1	-1	-1	-1	-1	-1	73420	897	897	897	897	897	744	818	855	967	1116	150	800	20	20	10	6000	3070
3071	变异浣熊	307	5	9	1	0	1000	10	738	200000	-1	-1	726	900000	732	250000	-1	-1	-1	-1	-1	-1	-1	-1	-1	-1	-1	-1	-1	-1	-1	-1	73420	1031	1031	1031	1031	1031	744	818	855	967	1116	10	20	20	150	800	6000	3070
3072	变异浣熊	307	5	9	1	0	1000	10	738	200000	-1	-1	726	900000	732	250000	-1	-1	-1	-1	-1	-1	-1	-1	-1	-1	-1	-1	-1	-1	-1	-1	73420	1166	1166	1166	1166	1166	744	818	855	967	1116	10	20	20	150	800	6000	3070
3079	浣熊宝宝	307	5	9	0	1	1000	10	738	200000	-1	-1	726	900000	732	250000	-1	-1	-1	-1	-1	-1	-1	-1	-1	-1	-1	-1	-1	-1	-1	-1	73420	897	897	897	897	897	744	818	855	967	1116	10	20	20	150	800	6000	3070
3080	成年鹦鹉	308	5	9	0	0	1	10	740	300000	-1	-1	670	900000	728	150000	-1	-1	-1	-1	-1	-1	-1	-1	-1	-1	-1	-1	-1	-1	-1	-1	73420	627	717	1166	717	986	744	818	855	967	1116	20	50	20	900	10	6000	3080
3081	变异鹦鹉	308	5	9	1	0	1	10	740	300000	-1	-1	670	900000	728	150000	-1	-1	-1	-1	-1	-1	-1	-1	-1	-1	-1	-1	-1	-1	-1	-1	73420	722	825	1341	825	1134	744	818	855	967	1116	20	50	20	900	10	6000	3080
3082	变异鹦鹉	308	5	9	1	0	1	10	740	300000	-1	-1	670	900000	728	150000	-1	-1	-1	-1	-1	-1	-1	-1	-1	-1	-1	-1	-1	-1	-1	-1	73420	816	932	1515	932	1282	744	818	855	967	1116	20	50	20	900	10	6000	3080
3089	鹦鹉宝宝	308	5	9	0	1	1	10	740	300000	-1	-1	670	900000	728	150000	-1	-1	-1	-1	-1	-1	-1	-1	-1	-1	-1	-1	-1	-1	-1	-1	73420	627	717	1166	717	986	744	818	855	967	1116	20	50	20	900	10	6000	3080
3090	成年蜥蜴	309	5	9	0	0	10	10	698	200000	-1	-1	654	900000	730	250000	659	100000	-1	-1	-1	-1	-1	-1	-1	-1	-1	-1	-1	-1	-1	-1	77012	938	938	938	938	938	846	930	972	1099	1269	150	800	20	20	10	6000	3090
3091	变异蜥蜴	309	5	9	1	0	10	10	698	200000	-1	-1	654	900000	730	250000	659	100000	-1	-1	-1	-1	-1	-1	-1	-1	-1	-1	-1	-1	-1	-1	77012	1078	1078	1078	1078	1078	846	930	972	1099	1269	150	800	20	20	10	6000	3090
3092	变异蜥蜴	309	5	9	1	0	10	10	698	200000	-1	-1	654	900000	730	250000	659	100000	-1	-1	-1	-1	-1	-1	-1	-1	-1	-1	-1	-1	-1	-1	77012	1219	1219	1219	1219	1219	846	930	972	1099	1269	150	800	20	20	10	6000	3090
3099	蜥蜴宝宝	309	5	9	0	1	10	10	698	200000	-1	-1	654	900000	730	250000	659	100000	-1	-1	-1	-1	-1	-1	-1	-1	-1	-1	-1	-1	-1	-1	77012	938	938	938	938	938	846	930	972	1099	1269	150	800	20	20	10	6000	3090
3100	成年蝙蝠	310	5	9	0	0	10	10	700	100000	-1	-1	714	900000	657	300000	704	100000	-1	-1	-1	-1	-1	-1	-1	-1	-1	-1	-1	-1	-1	-1	77012	938	938	938	938	938	846	930	972	1099	1269	10	20	20	150	800	6000	3100
3101	变异蝙蝠	310	5	9	1	0	10	10	700	100000	-1	-1	714	900000	657	300000	704	100000	-1	-1	-1	-1	-1	-1	-1	-1	-1	-1	-1	-1	-1	-1	77012	1078	1078	1078	1078	1078	846	930	972	1099	1269	10	20	20	150	800	6000	3100
3102	变异蝙蝠	310	5	9	1	0	10	10	700	100000	-1	-1	714	900000	657	300000	704	100000	-1	-1	-1	-1	-1	-1	-1	-1	-1	-1	-1	-1	-1	-1	77012	1219	1219	1219	1219	1219	846	930	972	1099	1269	10	20	20	150	800	6000	3100
3109	蝙蝠宝宝	310	5	9	0	1	10	10	700	100000	-1	-1	714	900000	657	300000	704	100000	-1	-1	-1	-1	-1	-1	-1	-1	-1	-1	-1	-1	-1	-1	77012	938	938	938	938	938	846	930	972	1099	1269	10	20	20	150	800	6000	3100
3110	成年大螳螂	311	5	9	0	0	10	10	684	200000	-1	-1	659	900000	662	250000	722	100000	-1	-1	-1	-1	-1	-1	-1	-1	-1	-1	-1	-1	-1	-1	77012	1219	1031	656	844	656	846	930	972	1099	1269	20	300	150	500	30	6000	3110
3111	变异大螳螂	311	5	9	1	0	10	10	684	200000	-1	-1	659	900000	662	250000	722	100000	-1	-1	-1	-1	-1	-1	-1	-1	-1	-1	-1	-1	-1	-1	77012	1402	1186	755	970	755	846	930	972	1099	1269	20	300	150	500	30	6000	3110
3112	变异大螳螂	311	5	9	1	0	10	10	684	200000	-1	-1	659	900000	662	250000	722	100000	-1	-1	-1	-1	-1	-1	-1	-1	-1	-1	-1	-1	-1	-1	77012	1585	1341	853	1097	853	846	930	972	1099	1269	20	300	150	500	30	6000	3110
3119	大螳螂宝宝	311	5	9	0	1	10	10	684	200000	-1	-1	659	900000	662	250000	722	100000	-1	-1	-1	-1	-1	-1	-1	-1	-1	-1	-1	-1	-1	-1	77012	1219	1031	656	844	656	846	930	972	1099	1269	20	300	150	500	30	6000	3110
3120	成年鳄鱼	312	5	9	0	0	1000	10	690	200000	-1	-1	706	900000	652	250000	668	100000	-1	-1	-1	-1	-1	-1	-1	-1	-1	-1	-1	-1	-1	-1	77012	844	1219	750	750	844	846	930	972	1099	1269	300	500	150	30	20	6000	3120
3121	变异鳄鱼	312	5	9	1	0	1000	10	690	200000	-1	-1	706	900000	652	250000	668	100000	-1	-1	-1	-1	-1	-1	-1	-1	-1	-1	-1	-1	-1	-1	77012	970	1402	862	862	970	846	930	972	1099	1269	300	500	150	30	20	6000	3120
3122	变异鳄鱼	312	5	9	1	0	1000	10	690	200000	-1	-1	706	900000	652	250000	668	100000	-1	-1	-1	-1	-1	-1	-1	-1	-1	-1	-1	-1	-1	-1	77012	1097	1585	975	975	1097	846	930	972	1099	1269	300	500	150	30	20	6000	3120
3129	鳄鱼宝宝	312	5	9	0	1	1000	10	690	200000	-1	-1	706	900000	652	250000	668	100000	-1	-1	-1	-1	-1	-1	-1	-1	-1	-1	-1	-1	-1	-1	77012	844	1219	750	750	844	846	930	972	1099	1269	300	500	150	30	20	6000	3120
3130	成年猫头鹰	313	45	9	0	0	1000	10	738	200000	-1	-1	724	900000	660	250000	705	100000	-1	-1	-1	-1	-1	-1	-1	-1	-1	-1	-1	-1	-1	-1	80604	979	881	783	1272	685	948	1042	1090	1232	1422	150	800	20	20	10	6000	3130
3131	变异猫头鹰	313	45	9	1	0	1000	10	738	200000	-1	-1	724	900000	660	250000	705	100000	-1	-1	-1	-1	-1	-1	-1	-1	-1	-1	-1	-1	-1	-1	80604	1076	969	861	1399	753	948	1042	1090	1232	1422	150	800	20	20	10	6000	3130
3132	变异猫头鹰	313	45	9	1	0	1000	10	738	200000	-1	-1	724	900000	660	250000	705	100000	-1	-1	-1	-1	-1	-1	-1	-1	-1	-1	-1	-1	-1	-1	80604	1174	1057	939	1527	822	948	1042	1090	1232	1422	150	800	20	20	10	6000	3130
3133	变异猫头鹰	313	45	9	1	0	1000	10	738	200000	-1	-1	724	900000	660	250000	705	100000	-1	-1	-1	-1	-1	-1	-1	-1	-1	-1	-1	-1	-1	-1	80604	1272	1145	1018	1654	890	948	1042	1090	1232	1422	150	800	20	20	10	6000	3130
3139	猫头鹰宝宝	313	45	9	0	1	1000	10	738	200000	-1	-1	724	900000	660	250000	705	100000	-1	-1	-1	-1	-1	-1	-1	-1	-1	-1	-1	-1	-1	-1	80604	979	881	783	1272	685	948	1042	1090	1232	1422	150	800	20	20	10	6000	3130
3140	成年獾	314	45	9	0	0	1000	10	736	200000	-1	-1	716	900000	718	250000	703	100000	-1	-1	-1	-1	-1	-1	-1	-1	-1	-1	-1	-1	-1	-1	80604	1272	1076	685	881	685	948	1042	1090	1232	1422	30	50	100	700	120	6000	3140
3141	变异獾	314	45	9	1	0	1000	10	736	200000	-1	-1	716	900000	718	250000	703	100000	-1	-1	-1	-1	-1	-1	-1	-1	-1	-1	-1	-1	-1	-1	80604	1399	1184	753	969	753	948	1042	1090	1232	1422	30	50	100	700	120	6000	3140
3142	变异獾	314	45	9	1	0	1000	10	736	200000	-1	-1	716	900000	718	250000	703	100000	-1	-1	-1	-1	-1	-1	-1	-1	-1	-1	-1	-1	-1	-1	80604	1527	1292	822	1057	822	948	1042	1090	1232	1422	30	50	100	700	120	6000	3140
3143	变异獾	314	45	9	1	0	1000	10	736	200000	-1	-1	716	900000	718	250000	703	100000	-1	-1	-1	-1	-1	-1	-1	-1	-1	-1	-1	-1	-1	-1	80604	1654	1399	890	1145	890	948	1042	1090	1232	1422	30	50	100	700	120	6000	3140
3149	獾宝宝	314	45	9	0	1	1000	10	736	200000	-1	-1	716	900000	718	250000	703	100000	-1	-1	-1	-1	-1	-1	-1	-1	-1	-1	-1	-1	-1	-1	80604	1272	1076	685	881	685	948	1042	1090	1232	1422	30	50	100	700	120	6000	3140
3150	成年老虎	315	45	9	0	0	1000	10	694	250000	-1	-1	722	900000	662	250000	726	100000	-1	-1	-1	-1	-1	-1	-1	-1	-1	-1	-1	-1	-1	-1	80604	1272	1076	685	881	685	948	1042	1090	1232	1422	20	30	150	300	500	6000	3150
3151	变异老虎	315	45	9	1	0	1000	10	694	250000	-1	-1	722	900000	662	250000	726	100000	-1	-1	-1	-1	-1	-1	-1	-1	-1	-1	-1	-1	-1	-1	80604	1399	1184	753	969	753	948	1042	1090	1232	1422	20	30	150	300	500	6000	3150
3152	变异老虎	315	45	9	1	0	1000	10	694	250000	-1	-1	722	900000	662	250000	726	100000	-1	-1	-1	-1	-1	-1	-1	-1	-1	-1	-1	-1	-1	-1	80604	1527	1292	822	1057	822	948	1042	1090	1232	1422	20	30	150	300	500	6000	3150
3153	变异老虎	315	45	9	1	0	1000	10	694	250000	-1	-1	722	900000	662	250000	726	100000	-1	-1	-1	-1	-1	-1	-1	-1	-1	-1	-1	-1	-1	-1	80604	1654	1399	890	1145	890	948	1042	1090	1232	1422	20	30	150	300	500	6000	3150
3159	老虎宝宝	315	45	9	0	1	1000	10	694	250000	-1	-1	722	900000	662	250000	726	100000	-1	-1	-1	-1	-1	-1	-1	-1	-1	-1	-1	-1	-1	-1	80604	1272	1076	685	881	685	948	1042	1090	1232	1422	20	30	150	300	500	6000	3150
3160	成年野猪	316	45	9	0	0	1	10	686	250000	-1	-1	658	900000	706	250000	722	100000	-1	-1	-1	-1	-1	-1	-1	-1	-1	-1	-1	-1	-1	-1	80604	1272	1076	685	881	685	948	1042	1090	1232	1422	10	20	20	150	800	6000	3160
3161	变异野猪	316	45	9	1	0	1	10	686	250000	-1	-1	658	900000	706	250000	722	100000	-1	-1	-1	-1	-1	-1	-1	-1	-1	-1	-1	-1	-1	-1	80604	1399	1184	753	969	753	948	1042	1090	1232	1422	10	20	20	150	800	6000	3160
3162	变异野猪	316	45	9	1	0	1	10	686	250000	-1	-1	658	900000	706	250000	722	100000	-1	-1	-1	-1	-1	-1	-1	-1	-1	-1	-1	-1	-1	-1	80604	1527	1292	822	1057	822	948	1042	1090	1232	1422	10	20	20	150	800	6000	3160
3163	变异野猪	316	45	9	1	0	1	10	686	250000	-1	-1	658	900000	706	250000	722	100000	-1	-1	-1	-1	-1	-1	-1	-1	-1	-1	-1	-1	-1	-1	80604	1654	1399	890	1145	890	948	1042	1090	1232	1422	10	20	20	150	800	6000	3160
3169	野猪宝宝	316	45	9	0	1	1	10	686	250000	-1	-1	658	900000	706	250000	722	100000	-1	-1	-1	-1	-1	-1	-1	-1	-1	-1	-1	-1	-1	-1	80604	1272	1076	685	881	685	948	1042	1090	1232	1422	10	20	20	150	800	6000	3160
3170	成年冰蚕	317	55	9	0	0	10	10	737	200000	-1	-1	652	900000	664	250000	702	100000	-1	-1	-1	-1	-1	-1	-1	-1	-1	-1	-1	-1	-1	-1	84195	714	816	1326	816	1122	1051	1156	1208	1366	1576	800	150	20	20	10	6000	3170
3171	变异冰蚕	317	55	9	1	0	10	10	737	200000	-1	-1	652	900000	664	250000	702	100000	-1	-1	-1	-1	-1	-1	-1	-1	-1	-1	-1	-1	-1	-1	84195	767	877	1425	877	1206	1051	1156	1208	1366	1576	800	150	20	20	10	6000	3170
3172	变异冰蚕	317	55	9	1	0	10	10	737	200000	-1	-1	652	900000	664	250000	702	100000	-1	-1	-1	-1	-1	-1	-1	-1	-1	-1	-1	-1	-1	-1	84195	821	938	1524	938	1290	1051	1156	1208	1366	1576	800	150	20	20	10	6000	3170
3173	变异冰蚕	317	55	9	1	0	10	10	737	200000	-1	-1	652	900000	664	250000	702	100000	-1	-1	-1	-1	-1	-1	-1	-1	-1	-1	-1	-1	-1	-1	84195	874	999	1624	999	1374	1051	1156	1208	1366	1576	800	150	20	20	10	6000	3170
3174	变异冰蚕	317	55	9	1	0	10	10	737	200000	-1	-1	652	900000	664	250000	702	100000	-1	-1	-1	-1	-1	-1	-1	-1	-1	-1	-1	-1	-1	-1	84195	928	1060	1723	1060	1458	1051	1156	1208	1366	1576	800	150	20	20	10	6000	3170
3179	冰蚕宝宝	317	55	9	0	1	10	10	737	200000	-1	-1	652	900000	664	250000	702	100000	-1	-1	-1	-1	-1	-1	-1	-1	-1	-1	-1	-1	-1	-1	84195	714	816	1326	816	1122	1051	1156	1208	1366	1576	800	150	20	20	10	6000	3170
3180	成年鹰	318	55	9	0	0	1000	10	738	300000	-1	-1	712	900000	659	250000	726	100000	-1	-1	-1	-1	-1	-1	-1	-1	-1	-1	-1	-1	-1	-1	84195	1020	918	816	1326	714	1051	1156	1208	1366	1576	10	20	20	150	800	6000	3180
3181	变异鹰	318	55	9	1	0	1000	10	738	300000	-1	-1	712	900000	659	250000	726	100000	-1	-1	-1	-1	-1	-1	-1	-1	-1	-1	-1	-1	-1	-1	84195	1096	986	877	1425	767	1051	1156	1208	1366	1576	10	20	20	150	800	6000	3180
3182	变异鹰	318	55	9	1	0	1000	10	738	300000	-1	-1	712	900000	659	250000	726	100000	-1	-1	-1	-1	-1	-1	-1	-1	-1	-1	-1	-1	-1	-1	84195	1173	1055	938	1524	821	1051	1156	1208	1366	1576	10	20	20	150	800	6000	3180
3183	变异鹰	318	55	9	1	0	1000	10	738	300000	-1	-1	712	900000	659	250000	726	100000	-1	-1	-1	-1	-1	-1	-1	-1	-1	-1	-1	-1	-1	-1	84195	1249	1124	999	1624	874	1051	1156	1208	1366	1576	10	20	20	150	800	6000	3180
3184	变异鹰	318	55	9	1	0	1000	10	738	300000	-1	-1	712	900000	659	250000	726	100000	-1	-1	-1	-1	-1	-1	-1	-1	-1	-1	-1	-1	-1	-1	84195	1326	1193	1060	1723	928	1051	1156	1208	1366	1576	10	20	20	150	800	6000	3180
3189	鹰宝宝	318	55	9	0	1	1000	10	738	300000	-1	-1	712	900000	659	250000	726	100000	-1	-1	-1	-1	-1	-1	-1	-1	-1	-1	-1	-1	-1	-1	84195	1020	918	816	1326	714	1051	1156	1208	1366	1576	10	20	20	150	800	6000	3180
3190	成年鸵鸟	319	55	9	0	0	11	10	698	300000	-1	-1	728	900000	668	250000	716	100000	-1	-1	-1	-1	-1	-1	-1	-1	-1	-1	-1	-1	-1	-1	84195	1020	918	816	1326	714	1051	1156	1208	1366	1576	500	300	150	30	20	6000	3190
3191	变异鸵鸟	319	55	9	1	0	11	10	698	300000	-1	-1	728	900000	668	250000	716	100000	-1	-1	-1	-1	-1	-1	-1	-1	-1	-1	-1	-1	-1	-1	84195	1096	986	877	1425	767	1051	1156	1208	1366	1576	500	300	150	30	20	6000	3190
3192	变异鸵鸟	319	55	9	1	0	11	10	698	300000	-1	-1	728	900000	668	250000	716	100000	-1	-1	-1	-1	-1	-1	-1	-1	-1	-1	-1	-1	-1	-1	84195	1173	1055	938	1524	821	1051	1156	1208	1366	1576	500	300	150	30	20	6000	3190
3193	变异鸵鸟	319	55	9	1	0	11	10	698	300000	-1	-1	728	900000	668	250000	716	100000	-1	-1	-1	-1	-1	-1	-1	-1	-1	-1	-1	-1	-1	-1	84195	1249	1124	999	1624	874	1051	1156	1208	1366	1576	500	300	150	30	20	6000	3190
3194	变异鸵鸟	319	55	9	1	0	11	10	698	300000	-1	-1	728	900000	668	250000	716	100000	-1	-1	-1	-1	-1	-1	-1	-1	-1	-1	-1	-1	-1	-1	84195	1326	1193	1060	1723	928	1051	1156	1208	1366	1576	500	300	150	30	20	6000	3190
3199	鸵鸟宝宝	319	55	9	0	1	11	10	698	300000	-1	-1	728	900000	668	250000	716	100000	-1	-1	-1	-1	-1	-1	-1	-1	-1	-1	-1	-1	-1	-1	84195	1020	918	816	1326	714	1051	1156	1208	1366	1576	500	300	150	30	20	6000	3190
3200	成年豹子	320	55	9	0	0	1000	10	694	300000	-1	-1	726	900000	712	250000	732	100000	-1	-1	-1	-1	-1	-1	-1	-1	-1	-1	-1	-1	-1	-1	84195	1020	918	816	1326	714	1051	1156	1208	1366	1576	20	300	30	500	150	6000	3200
3201	变异豹子	320	55	9	1	0	1000	10	694	300000	-1	-1	726	900000	712	250000	732	100000	-1	-1	-1	-1	-1	-1	-1	-1	-1	-1	-1	-1	-1	-1	84195	1096	986	877	1425	767	1051	1156	1208	1366	1576	20	300	30	500	150	6000	3200
3202	变异豹子	320	55	9	1	0	1000	10	694	300000	-1	-1	726	900000	712	250000	732	100000	-1	-1	-1	-1	-1	-1	-1	-1	-1	-1	-1	-1	-1	-1	84195	1173	1055	938	1524	821	1051	1156	1208	1366	1576	20	300	30	500	150	6000	3200
3203	变异豹子	320	55	9	1	0	1000	10	694	300000	-1	-1	726	900000	712	250000	732	100000	-1	-1	-1	-1	-1	-1	-1	-1	-1	-1	-1	-1	-1	-1	84195	1249	1124	999	1624	874	1051	1156	1208	1366	1576	20	300	30	500	150	6000	3200
3204	变异豹子	320	55	9	1	0	1000	10	694	300000	-1	-1	726	900000	712	250000	732	100000	-1	-1	-1	-1	-1	-1	-1	-1	-1	-1	-1	-1	-1	-1	84195	1326	1193	1060	1723	928	1051	1156	1208	1366	1576	20	300	30	500	150	6000	3200
3209	豹子宝宝	320	55	9	0	1	1000	10	694	300000	-1	-1	726	900000	712	250000	732	100000	-1	-1	-1	-1	-1	-1	-1	-1	-1	-1	-1	-1	-1	-1	84195	1020	918	816	1326	714	1051	1156	1208	1366	1576	20	300	30	500	150	6000	3200
3210	成年北极熊	321	65	9	0	0	1000	10	686	300000	-1	-1	668	900000	658	250000	702	100000	-1	-1	-1	-1	-1	-1	-1	-1	-1	-1	-1	-1	-1	-1	87787	954	1379	848	848	954	1153	1268	1325	1498	1729	30	150	500	20	300	6000	3210
3211	变异北极熊	321	65	9	1	0	1000	10	686	300000	-1	-1	668	900000	658	250000	702	100000	-1	-1	-1	-1	-1	-1	-1	-1	-1	-1	-1	-1	-1	-1	87787	1012	1462	899	899	1012	1153	1268	1325	1498	1729	30	150	500	20	300	6000	3210
3212	变异北极熊	321	65	9	1	0	1000	10	686	300000	-1	-1	668	900000	658	250000	702	100000	-1	-1	-1	-1	-1	-1	-1	-1	-1	-1	-1	-1	-1	-1	87787	1069	1544	950	950	1069	1153	1268	1325	1498	1729	30	150	500	20	300	6000	3210
3213	变异北极熊	321	65	9	1	0	1000	10	686	300000	-1	-1	668	900000	658	250000	702	100000	-1	-1	-1	-1	-1	-1	-1	-1	-1	-1	-1	-1	-1	-1	87787	1126	1627	1001	1001	1126	1153	1268	1325	1498	1729	30	150	500	20	300	6000	3210
3214	变异北极熊	321	65	9	1	0	1000	10	686	300000	-1	-1	668	900000	658	250000	702	100000	-1	-1	-1	-1	-1	-1	-1	-1	-1	-1	-1	-1	-1	-1	87787	1184	1710	1052	1052	1184	1153	1268	1325	1498	1729	30	150	500	20	300	6000	3210
3215	变异北极熊	321	65	9	1	0	1000	10	686	300000	-1	-1	668	900000	658	250000	702	100000	-1	-1	-1	-1	-1	-1	-1	-1	-1	-1	-1	-1	-1	-1	87787	1241	1793	1103	1103	1241	1153	1268	1325	1498	1729	30	150	500	20	300	6000	3210
3219	北极熊宝宝	321	65	9	0	1	1000	10	686	300000	-1	-1	668	900000	658	250000	702	100000	-1	-1	-1	-1	-1	-1	-1	-1	-1	-1	-1	-1	-1	-1	87787	954	1379	848	848	954	1153	1268	1325	1498	1729	30	150	500	20	300	6000	3210
3220	成年孔雀	322	65	9	0	0	11	10	684	200000	-1	-1	654	900000	728	250000	660	100000	-1	-1	-1	-1	-1	-1	-1	-1	-1	-1	-1	-1	-1	-1	87787	742	848	1379	848	1167	1153	1268	1325	1498	1729	100	800	50	30	20	6000	3220
3221	变异孔雀	322	65	9	1	0	11	10	684	200000	-1	-1	654	900000	728	250000	660	100000	-1	-1	-1	-1	-1	-1	-1	-1	-1	-1	-1	-1	-1	-1	87787	787	899	1462	899	1237	1153	1268	1325	1498	1729	100	800	50	30	20	6000	3220
3222	变异孔雀	322	65	9	1	0	11	10	684	200000	-1	-1	654	900000	728	250000	660	100000	-1	-1	-1	-1	-1	-1	-1	-1	-1	-1	-1	-1	-1	-1	87787	831	950	1544	950	1307	1153	1268	1325	1498	1729	100	800	50	30	20	6000	3220
3223	变异孔雀	322	65	9	1	0	11	10	684	200000	-1	-1	654	900000	728	250000	660	100000	-1	-1	-1	-1	-1	-1	-1	-1	-1	-1	-1	-1	-1	-1	87787	876	1001	1627	1001	1377	1153	1268	1325	1498	1729	100	800	50	30	20	6000	3220
3224	变异孔雀	322	65	9	1	0	11	10	684	200000	-1	-1	654	900000	728	250000	660	100000	-1	-1	-1	-1	-1	-1	-1	-1	-1	-1	-1	-1	-1	-1	87787	920	1052	1710	1052	1447	1153	1268	1325	1498	1729	100	800	50	30	20	6000	3220
3225	变异孔雀	322	65	9	1	0	11	10	684	200000	-1	-1	654	900000	728	250000	660	100000	-1	-1	-1	-1	-1	-1	-1	-1	-1	-1	-1	-1	-1	-1	87787	965	1103	1793	1103	1517	1153	1268	1325	1498	1729	100	800	50	30	20	6000	3220
3229	孔雀宝宝	322	65	9	0	1	11	10	684	200000	-1	-1	654	900000	728	250000	660	100000	-1	-1	-1	-1	-1	-1	-1	-1	-1	-1	-1	-1	-1	-1	87787	742	848	1379	848	1167	1153	1268	1325	1498	1729	100	800	50	30	20	6000	3220
3230	成年剑齿虎	323	65	9	0	0	1000	10	694	200000	-1	-1	661	900000	722	250000	726	100000	-1	-1	-1	-1	-1	-1	-1	-1	-1	-1	-1	-1	-1	-1	87787	1061	954	848	1379	742	1153	1268	1325	1498	1729	20	300	150	500	30	6000	3230
3231	变异剑齿虎	323	65	9	1	0	1000	10	694	200000	-1	-1	661	900000	722	250000	726	100000	-1	-1	-1	-1	-1	-1	-1	-1	-1	-1	-1	-1	-1	-1	87787	1124	1012	899	1462	787	1153	1268	1325	1498	1729	20	300	150	500	30	6000	3230
3232	变异剑齿虎	323	65	9	1	0	1000	10	694	200000	-1	-1	661	900000	722	250000	726	100000	-1	-1	-1	-1	-1	-1	-1	-1	-1	-1	-1	-1	-1	-1	87787	1188	1069	950	1544	831	1153	1268	1325	1498	1729	20	300	150	500	30	6000	3230
3233	变异剑齿虎	323	65	9	1	0	1000	10	694	200000	-1	-1	661	900000	722	250000	726	100000	-1	-1	-1	-1	-1	-1	-1	-1	-1	-1	-1	-1	-1	-1	87787	1251	1126	1001	1627	876	1153	1268	1325	1498	1729	20	300	150	500	30	6000	3230
3234	变异剑齿虎	323	65	9	1	0	1000	10	694	200000	-1	-1	661	900000	722	250000	726	100000	-1	-1	-1	-1	-1	-1	-1	-1	-1	-1	-1	-1	-1	-1	87787	1315	1184	1052	1710	920	1153	1268	1325	1498	1729	20	300	150	500	30	6000	3230
3235	变异剑齿虎	323	65	9	1	0	1000	10	694	200000	-1	-1	661	900000	722	250000	726	100000	-1	-1	-1	-1	-1	-1	-1	-1	-1	-1	-1	-1	-1	-1	87787	1379	1241	1103	1793	965	1153	1268	1325	1498	1729	20	300	150	500	30	6000	3230
3239	剑齿虎宝宝	323	65	9	0	1	1000	10	694	200000	-1	-1	661	900000	722	250000	726	100000	-1	-1	-1	-1	-1	-1	-1	-1	-1	-1	-1	-1	-1	-1	87787	1061	954	848	1379	742	1153	1268	1325	1498	1729	20	300	150	500	30	6000	3230
3240	成年大猩猩	324	65	9	0	0	1000	10	736	300000	-1	-1	734	900000	662	250000	706	100000	-1	-1	-1	-1	-1	-1	-1	-1	-1	-1	-1	-1	-1	-1	87787	1061	1061	1061	1061	1061	1153	1268	1325	1498	1729	20	30	150	300	500	6000	3240
3241	变异大猩猩	324	65	9	1	0	1000	10	736	300000	-1	-1	734	900000	662	250000	706	100000	-1	-1	-1	-1	-1	-1	-1	-1	-1	-1	-1	-1	-1	-1	87787	1124	1124	1124	1124	1124	1153	1268	1325	1498	1729	20	30	150	300	500	6000	3240
3242	变异大猩猩	324	65	9	1	0	1000	10	736	300000	-1	-1	734	900000	662	250000	706	100000	-1	-1	-1	-1	-1	-1	-1	-1	-1	-1	-1	-1	-1	-1	87787	1188	1188	1188	1188	1188	1153	1268	1325	1498	1729	20	30	150	300	500	6000	3240
3243	变异大猩猩	324	65	9	1	0	1000	10	736	300000	-1	-1	734	900000	662	250000	706	100000	-1	-1	-1	-1	-1	-1	-1	-1	-1	-1	-1	-1	-1	-1	87787	1251	1251	1251	1251	1251	1153	1268	1325	1498	1729	20	30	150	300	500	6000	3240
3244	变异大猩猩	324	65	9	1	0	1000	10	736	300000	-1	-1	734	900000	662	250000	706	100000	-1	-1	-1	-1	-1	-1	-1	-1	-1	-1	-1	-1	-1	-1	87787	1315	1315	1315	1315	1315	1153	1268	1325	1498	1729	20	30	150	300	500	6000	3240
3245	变异大猩猩	324	65	9	1	0	1000	10	736	300000	-1	-1	734	900000	662	250000	706	100000	-1	-1	-1	-1	-1	-1	-1	-1	-1	-1	-1	-1	-1	-1	87787	1379	1379	1379	1379	1379	1153	1268	1325	1498	1729	20	30	150	300	500	6000	3240
3249	大猩猩宝宝	324	65	9	0	1	1000	10	736	300000	-1	-1	734	900000	662	250000	706	100000	-1	-1	-1	-1	-1	-1	-1	-1	-1	-1	-1	-1	-1	-1	87787	1061	1061	1061	1061	1061	1153	1268	1325	1498	1729	20	30	150	300	500	6000	3240
3250	成年犀牛	325	75	9	0	0	100	10	690	300000	-1	-1	710	900000	722	250000	716	100000	668	50000	-1	-1	-1	-1	-1	-1	-1	-1	-1	-1	-1	-1	91379	991	1432	881	881	991	1255	1380	1443	1631	1882	30	50	700	120	100	6000	3250
3251	变异犀牛	325	75	9	1	0	100	10	690	300000	-1	-1	710	900000	722	250000	716	100000	668	50000	-1	-1	-1	-1	-1	-1	-1	-1	-1	-1	-1	-1	91379	1041	1504	925	925	1041	1255	1380	1443	1631	1882	30	50	700	120	100	6000	3250
3252	变异犀牛	325	75	9	1	0	100	10	690	300000	-1	-1	710	900000	722	250000	716	100000	668	50000	-1	-1	-1	-1	-1	-1	-1	-1	-1	-1	-1	-1	91379	1090	1575	969	969	1090	1255	1380	1443	1631	1882	30	50	700	120	100	6000	3250
3253	变异犀牛	325	75	9	1	0	100	10	690	300000	-1	-1	710	900000	722	250000	716	100000	668	50000	-1	-1	-1	-1	-1	-1	-1	-1	-1	-1	-1	-1	91379	1140	1647	1013	1013	1140	1255	1380	1443	1631	1882	30	50	700	120	100	6000	3250
3254	变异犀牛	325	75	9	1	0	100	10	690	300000	-1	-1	710	900000	722	250000	716	100000	668	50000	-1	-1	-1	-1	-1	-1	-1	-1	-1	-1	-1	-1	91379	1190	1719	1057	1057	1190	1255	1380	1443	1631	1882	30	50	700	120	100	6000	3250
3255	变异犀牛	325	75	9	1	0	100	10	690	300000	-1	-1	710	900000	722	250000	716	100000	668	50000	-1	-1	-1	-1	-1	-1	-1	-1	-1	-1	-1	-1	91379	1239	1790	1102	1102	1239	1255	1380	1443	1631	1882	30	50	700	120	100	6000	3250
3256	变异犀牛	325	75	9	1	0	100	10	690	300000	-1	-1	710	900000	722	250000	716	100000	668	50000	-1	-1	-1	-1	-1	-1	-1	-1	-1	-1	-1	-1	91379	1289	1862	1146	1146	1289	1255	1380	1443	1631	1882	30	50	700	120	100	6000	3250
3259	犀牛宝宝	325	75	9	0	1	100	10	690	300000	-1	-1	710	900000	722	250000	716	100000	668	50000	-1	-1	-1	-1	-1	-1	-1	-1	-1	-1	-1	-1	91379	991	1432	881	881	991	1255	1380	1443	1631	1882	30	50	700	120	100	6000	3250
3260	成年雪貂	326	75	9	0	0	1000	10	684	300000	-1	-1	702	900000	712	250000	730	100000	652	50000	-1	-1	-1	-1	-1	-1	-1	-1	-1	-1	-1	-1	91379	1102	991	881	1432	771	1255	1380	1443	1631	1882	20	50	20	900	10	6000	3260
3261	变异雪貂	326	75	9	1	0	1000	10	684	300000	-1	-1	702	900000	712	250000	730	100000	652	50000	-1	-1	-1	-1	-1	-1	-1	-1	-1	-1	-1	-1	91379	1157	1041	925	1504	809	1255	1380	1443	1631	1882	20	50	20	900	10	6000	3260
3262	变异雪貂	326	75	9	1	0	1000	10	684	300000	-1	-1	702	900000	712	250000	730	100000	652	50000	-1	-1	-1	-1	-1	-1	-1	-1	-1	-1	-1	-1	91379	1212	1090	969	1575	848	1255	1380	1443	1631	1882	20	50	20	900	10	6000	3260
3263	变异雪貂	326	75	9	1	0	1000	10	684	300000	-1	-1	702	900000	712	250000	730	100000	652	50000	-1	-1	-1	-1	-1	-1	-1	-1	-1	-1	-1	-1	91379	1267	1140	1013	1647	887	1255	1380	1443	1631	1882	20	50	20	900	10	6000	3260
3264	变异雪貂	326	75	9	1	0	1000	10	684	300000	-1	-1	702	900000	712	250000	730	100000	652	50000	-1	-1	-1	-1	-1	-1	-1	-1	-1	-1	-1	-1	91379	1322	1190	1057	1719	925	1255	1380	1443	1631	1882	20	50	20	900	10	6000	3260
3265	变异雪貂	326	75	9	1	0	1000	10	684	300000	-1	-1	702	900000	712	250000	730	100000	652	50000	-1	-1	-1	-1	-1	-1	-1	-1	-1	-1	-1	-1	91379	1377	1239	1102	1790	964	1255	1380	1443	1631	1882	20	50	20	900	10	6000	3260
3266	变异雪貂	326	75	9	1	0	1000	10	684	300000	-1	-1	702	900000	712	250000	730	100000	652	50000	-1	-1	-1	-1	-1	-1	-1	-1	-1	-1	-1	-1	91379	1432	1289	1146	1862	1002	1255	1380	1443	1631	1882	20	50	20	900	10	6000	3260
3269	雪貂宝宝	326	75	9	0	1	1000	10	684	300000	-1	-1	702	900000	712	250000	730	100000	652	50000	-1	-1	-1	-1	-1	-1	-1	-1	-1	-1	-1	-1	91379	1102	991	881	1432	771	1255	1380	1443	1631	1882	20	50	20	900	10	6000	3260
3270	成年剑龙	327	75	9	0	0	100	10	737	300000	-1	-1	710	900000	658	250000	668	100000	724	50000	-1	-1	-1	-1	-1	-1	-1	-1	-1	-1	-1	-1	91379	991	1432	881	881	991	1255	1380	1443	1631	1882	500	300	150	30	20	6000	3270
3271	变异剑龙	327	75	9	1	0	100	10	737	300000	-1	-1	710	900000	658	250000	668	100000	724	50000	-1	-1	-1	-1	-1	-1	-1	-1	-1	-1	-1	-1	91379	1041	1504	925	925	1041	1255	1380	1443	1631	1882	500	300	150	30	20	6000	3270
3272	变异剑龙	327	75	9	1	0	100	10	737	300000	-1	-1	710	900000	658	250000	668	100000	724	50000	-1	-1	-1	-1	-1	-1	-1	-1	-1	-1	-1	-1	91379	1090	1575	969	969	1090	1255	1380	1443	1631	1882	500	300	150	30	20	6000	3270
3273	变异剑龙	327	75	9	1	0	100	10	737	300000	-1	-1	710	900000	658	250000	668	100000	724	50000	-1	-1	-1	-1	-1	-1	-1	-1	-1	-1	-1	-1	91379	1140	1647	1013	1013	1140	1255	1380	1443	1631	1882	500	300	150	30	20	6000	3270
3274	变异剑龙	327	75	9	1	0	100	10	737	300000	-1	-1	710	900000	658	250000	668	100000	724	50000	-1	-1	-1	-1	-1	-1	-1	-1	-1	-1	-1	-1	91379	1190	1719	1057	1057	1190	1255	1380	1443	1631	1882	500	300	150	30	20	6000	3270
3275	变异剑龙	327	75	9	1	0	100	10	737	300000	-1	-1	710	900000	658	250000	668	100000	724	50000	-1	-1	-1	-1	-1	-1	-1	-1	-1	-1	-1	-1	91379	1239	1790	1102	1102	1239	1255	1380	1443	1631	1882	500	300	150	30	20	6000	3270
3276	变异剑龙	327	75	9	1	0	100	10	737	300000	-1	-1	710	900000	658	250000	668	100000	724	50000	-1	-1	-1	-1	-1	-1	-1	-1	-1	-1	-1	-1	91379	1289	1862	1146	1146	1289	1255	1380	1443	1631	1882	500	300	150	30	20	6000	3270
3279	剑龙宝宝	327	75	9	0	1	100	10	737	300000	-1	-1	710	900000	658	250000	668	100000	724	50000	-1	-1	-1	-1	-1	-1	-1	-1	-1	-1	-1	-1	91379	991	1432	881	881	991	1255	1380	1443	1631	1882	500	300	150	30	20	6000	3270
3280	成年駮马	328	75	9	0	0	100	10	694	300000	-1	-1	706	900000	732	250000	716	100000	726	50000	-1	-1	-1	-1	-1	-1	-1	-1	-1	-1	-1	-1	91379	1432	1212	771	991	771	1255	1380	1443	1631	1882	10	20	800	20	150	6000	3280
3281	变异駮马	328	75	9	1	0	100	10	694	300000	-1	-1	706	900000	732	250000	716	100000	726	50000	-1	-1	-1	-1	-1	-1	-1	-1	-1	-1	-1	-1	91379	1504	1272	809	1041	809	1255	1380	1443	1631	1882	10	20	800	20	150	6000	3280
3282	变异駮马	328	75	9	1	0	100	10	694	300000	-1	-1	706	900000	732	250000	716	100000	726	50000	-1	-1	-1	-1	-1	-1	-1	-1	-1	-1	-1	-1	91379	1575	1333	848	1090	848	1255	1380	1443	1631	1882	10	20	800	20	150	6000	3280
3283	变异駮马	328	75	9	1	0	100	10	694	300000	-1	-1	706	900000	732	250000	716	100000	726	50000	-1	-1	-1	-1	-1	-1	-1	-1	-1	-1	-1	-1	91379	1647	1394	887	1140	887	1255	1380	1443	1631	1882	10	20	800	20	150	6000	3280
3284	变异駮马	328	75	9	1	0	100	10	694	300000	-1	-1	706	900000	732	250000	716	100000	726	50000	-1	-1	-1	-1	-1	-1	-1	-1	-1	-1	-1	-1	91379	1719	1454	925	1190	925	1255	1380	1443	1631	1882	10	20	800	20	150	6000	3280
3285	变异駮马	328	75	9	1	0	100	10	694	300000	-1	-1	706	900000	732	250000	716	100000	726	50000	-1	-1	-1	-1	-1	-1	-1	-1	-1	-1	-1	-1	91379	1790	1515	964	1239	964	1255	1380	1443	1631	1882	10	20	800	20	150	6000	3280
3286	变异駮马	328	75	9	1	0	100	10	694	300000	-1	-1	706	900000	732	250000	716	100000	726	50000	-1	-1	-1	-1	-1	-1	-1	-1	-1	-1	-1	-1	91379	1862	1575	1002	1289	1002	1255	1380	1443	1631	1882	10	20	800	20	150	6000	3280
3289	駮马宝宝	328	75	9	0	1	100	10	694	300000	-1	-1	706	900000	732	250000	716	100000	726	50000	-1	-1	-1	-1	-1	-1	-1	-1	-1	-1	-1	-1	91379	1432	1212	771	991	771	1255	1380	1443	1631	1882	10	20	800	20	150	6000	3280
3290	成年雏凤	329	85	9	0	0	11	10	736	300000	-1	-1	653	900000	703	250000	660	100000	714	50000	-1	-1	-1	-1	-1	-1	-1	-1	-1	-1	-1	-1	94971	799	913	1484	913	1256	1357	1492	1560	1764	2035	500	300	100	50	50	6000	3290
3291	变异雏凤	329	85	9	1	0	11	10	736	300000	-1	-1	653	900000	703	250000	660	100000	714	50000	-1	-1	-1	-1	-1	-1	-1	-1	-1	-1	-1	-1	94971	833	952	1548	952	1310	1357	1492	1560	1764	2035	500	300	100	50	50	6000	3290
3292	变异雏凤	329	85	9	1	0	11	10	736	300000	-1	-1	653	900000	703	250000	660	100000	714	50000	-1	-1	-1	-1	-1	-1	-1	-1	-1	-1	-1	-1	94971	867	991	1611	991	1363	1357	1492	1560	1764	2035	500	300	100	50	50	6000	3290
3293	变异雏凤	329	85	9	1	0	11	10	736	300000	-1	-1	653	900000	703	250000	660	100000	714	50000	-1	-1	-1	-1	-1	-1	-1	-1	-1	-1	-1	-1	94971	902	1031	1675	1031	1417	1357	1492	1560	1764	2035	500	300	100	50	50	6000	3290
3294	变异雏凤	329	85	9	1	0	11	10	736	300000	-1	-1	653	900000	703	250000	660	100000	714	50000	-1	-1	-1	-1	-1	-1	-1	-1	-1	-1	-1	-1	94971	936	1070	1739	1070	1471	1357	1492	1560	1764	2035	500	300	100	50	50	6000	3290
3295	变异雏凤	329	85	9	1	0	11	10	736	300000	-1	-1	653	900000	703	250000	660	100000	714	50000	-1	-1	-1	-1	-1	-1	-1	-1	-1	-1	-1	-1	94971	970	1109	1802	1109	1525	1357	1492	1560	1764	2035	500	300	100	50	50	6000	3290
3296	变异雏凤	329	85	9	1	0	11	10	736	300000	-1	-1	653	900000	703	250000	660	100000	714	50000	-1	-1	-1	-1	-1	-1	-1	-1	-1	-1	-1	-1	94971	1004	1148	1866	1148	1579	1357	1492	1560	1764	2035	500	300	100	50	50	6000	3290
3297	变异雏凤	329	85	9	1	0	11	10	736	300000	-1	-1	653	900000	703	250000	660	100000	714	50000	-1	-1	-1	-1	-1	-1	-1	-1	-1	-1	-1	-1	94971	1039	1187	1929	1187	1633	1357	1492	1560	1764	2035	500	300	100	50	50	6000	3290
3299	雏凤宝宝	329	85	9	0	1	11	10	736	300000	-1	-1	653	900000	703	250000	660	100000	714	50000	-1	-1	-1	-1	-1	-1	-1	-1	-1	-1	-1	-1	94971	799	913	1484	913	1256	1357	1492	1560	1764	2035	500	300	100	50	50	6000	3290
3300	成年年兽	330	85	9	0	0	1000	10	694	300000	-1	-1	659	900000	722	250000	732	100000	716	50000	-1	-1	-1	-1	-1	-1	-1	-1	-1	-1	-1	-1	94971	1484	1256	799	1027	799	1357	1492	1560	1764	2035	50	50	100	300	500	6000	3300
3301	变异年兽	330	85	9	1	0	1000	10	694	300000	-1	-1	659	900000	722	250000	732	100000	716	50000	-1	-1	-1	-1	-1	-1	-1	-1	-1	-1	-1	-1	94971	1548	1310	833	1071	833	1357	1492	1560	1764	2035	50	50	100	300	500	6000	3300
3302	变异年兽	330	85	9	1	0	1000	10	694	300000	-1	-1	659	900000	722	250000	732	100000	716	50000	-1	-1	-1	-1	-1	-1	-1	-1	-1	-1	-1	-1	94971	1611	1363	867	1115	867	1357	1492	1560	1764	2035	50	50	100	300	500	6000	3300
3303	变异年兽	330	85	9	1	0	1000	10	694	300000	-1	-1	659	900000	722	250000	732	100000	716	50000	-1	-1	-1	-1	-1	-1	-1	-1	-1	-1	-1	-1	94971	1675	1417	902	1159	902	1357	1492	1560	1764	2035	50	50	100	300	500	6000	3300
3304	变异年兽	330	85	9	1	0	1000	10	694	300000	-1	-1	659	900000	722	250000	732	100000	716	50000	-1	-1	-1	-1	-1	-1	-1	-1	-1	-1	-1	-1	94971	1739	1471	936	1203	936	1357	1492	1560	1764	2035	50	50	100	300	500	6000	3300
3305	变异年兽	330	85	9	1	0	1000	10	694	300000	-1	-1	659	900000	722	250000	732	100000	716	50000	-1	-1	-1	-1	-1	-1	-1	-1	-1	-1	-1	-1	94971	1802	1525	970	1248	970	1357	1492	1560	1764	2035	50	50	100	300	500	6000	3300
3306	变异年兽	330	85	9	1	0	1000	10	694	300000	-1	-1	659	900000	722	250000	732	100000	716	50000	-1	-1	-1	-1	-1	-1	-1	-1	-1	-1	-1	-1	94971	1866	1579	1004	1292	1004	1357	1492	1560	1764	2035	50	50	100	300	500	6000	3300
3307	变异年兽	330	85	9	1	0	1000	10	694	300000	-1	-1	659	900000	722	250000	732	100000	716	50000	-1	-1	-1	-1	-1	-1	-1	-1	-1	-1	-1	-1	94971	1929	1633	1039	1336	1039	1357	1492	1560	1764	2035	50	50	100	300	500	6000	3300
3309	年兽宝宝	330	85	9	0	1	1000	10	694	300000	-1	-1	659	900000	722	250000	732	100000	716	50000	-1	-1	-1	-1	-1	-1	-1	-1	-1	-1	-1	-1	94971	1484	1256	799	1027	799	1357	1492	1560	1764	2035	50	50	100	300	500	6000	3300
3310	成年龙龟	331	85	9	0	0	1000	10	688	300000	-1	-1	718	900000	656	250000	732	100000	710	50000	-1	-1	-1	-1	-1	-1	-1	-1	-1	-1	-1	-1	94971	1027	1484	913	913	1027	1357	1492	1560	1764	2035	250	100	300	100	250	6000	3310
3311	变异龙龟	331	85	9	1	0	1000	10	688	300000	-1	-1	718	900000	656	250000	732	100000	710	50000	-1	-1	-1	-1	-1	-1	-1	-1	-1	-1	-1	-1	94971	1071	1548	952	952	1071	1357	1492	1560	1764	2035	250	100	300	100	250	6000	3310
3312	变异龙龟	331	85	9	1	0	1000	10	688	300000	-1	-1	718	900000	656	250000	732	100000	710	50000	-1	-1	-1	-1	-1	-1	-1	-1	-1	-1	-1	-1	94971	1115	1611	991	991	1115	1357	1492	1560	1764	2035	250	100	300	100	250	6000	3310
3313	变异龙龟	331	85	9	1	0	1000	10	688	300000	-1	-1	718	900000	656	250000	732	100000	710	50000	-1	-1	-1	-1	-1	-1	-1	-1	-1	-1	-1	-1	94971	1159	1675	1031	1031	1159	1357	1492	1560	1764	2035	250	100	300	100	250	6000	3310
3314	变异龙龟	331	85	9	1	0	1000	10	688	300000	-1	-1	718	900000	656	250000	732	100000	710	50000	-1	-1	-1	-1	-1	-1	-1	-1	-1	-1	-1	-1	94971	1203	1739	1070	1070	1203	1357	1492	1560	1764	2035	250	100	300	100	250	6000	3310
3315	变异龙龟	331	85	9	1	0	1000	10	688	300000	-1	-1	718	900000	656	250000	732	100000	710	50000	-1	-1	-1	-1	-1	-1	-1	-1	-1	-1	-1	-1	94971	1248	1802	1109	1109	1248	1357	1492	1560	1764	2035	250	100	300	100	250	6000	3310
3316	变异龙龟	331	85	9	1	0	1000	10	688	300000	-1	-1	718	900000	656	250000	732	100000	710	50000	-1	-1	-1	-1	-1	-1	-1	-1	-1	-1	-1	-1	94971	1292	1866	1148	1148	1292	1357	1492	1560	1764	2035	250	100	300	100	250	6000	3310
3317	变异龙龟	331	85	9	1	0	1000	10	688	300000	-1	-1	718	900000	656	250000	732	100000	710	50000	-1	-1	-1	-1	-1	-1	-1	-1	-1	-1	-1	-1	94971	1336	1929	1187	1187	1336	1357	1492	1560	1764	2035	250	100	300	100	250	6000	3310
3319	龙龟宝宝	331	85	9	0	1	1000	10	688	300000	-1	-1	718	900000	656	250000	732	100000	710	50000	-1	-1	-1	-1	-1	-1	-1	-1	-1	-1	-1	-1	94971	1027	1484	913	913	1027	1357	1492	1560	1764	2035	250	100	300	100	250	6000	3310
3320	成年英招	332	85	9	0	0	100	10	700	300000	-1	-1	724	900000	728	200000	726	200000	730	50000	-1	-1	-1	-1	-1	-1	-1	-1	-1	-1	-1	-1	94971	1142	1027	913	1598	799	1357	1492	1560	1764	2035	250	100	300	100	250	6000	3320
3321	变异英招	332	85	9	1	0	100	10	700	300000	-1	-1	724	900000	728	200000	726	200000	730	50000	-1	-1	-1	-1	-1	-1	-1	-1	-1	-1	-1	-1	94971	1190	1071	952	1667	833	1357	1492	1560	1764	2035	250	100	300	100	250	6000	3320
3322	变异英招	332	85	9	1	0	100	10	700	300000	-1	-1	724	900000	728	200000	726	200000	730	50000	-1	-1	-1	-1	-1	-1	-1	-1	-1	-1	-1	-1	94971	1239	1115	991	1735	867	1357	1492	1560	1764	2035	250	100	300	100	250	6000	3320
3323	变异英招	332	85	9	1	0	100	10	700	300000	-1	-1	724	900000	728	200000	726	200000	730	50000	-1	-1	-1	-1	-1	-1	-1	-1	-1	-1	-1	-1	94971	1288	1159	1031	1804	902	1357	1492	1560	1764	2035	250	100	300	100	250	6000	3320
3324	变异英招	332	85	9	1	0	100	10	700	300000	-1	-1	724	900000	728	200000	726	200000	730	50000	-1	-1	-1	-1	-1	-1	-1	-1	-1	-1	-1	-1	94971	1337	1203	1070	1872	936	1357	1492	1560	1764	2035	250	100	300	100	250	6000	3320
3325	变异英招	332	85	9	1	0	100	10	700	300000	-1	-1	724	900000	728	200000	726	200000	730	50000	-1	-1	-1	-1	-1	-1	-1	-1	-1	-1	-1	-1	94971	1386	1248	1109	1941	970	1357	1492	1560	1764	2035	250	100	300	100	250	6000	3320
3326	变异英招	332	85	9	1	0	100	10	700	300000	-1	-1	724	900000	728	200000	726	200000	730	50000	-1	-1	-1	-1	-1	-1	-1	-1	-1	-1	-1	-1	94971	1435	1292	1148	2009	1004	1357	1492	1560	1764	2035	250	100	300	100	250	6000	3320
3327	变异英招	332	85	9	1	0	100	10	700	300000	-1	-1	724	900000	728	200000	726	200000	730	50000	-1	-1	-1	-1	-1	-1	-1	-1	-1	-1	-1	-1	94971	1484	1336	1187	2078	1039	1357	1492	1560	1764	2035	250	100	300	100	250	6000	3320
3329	英招宝宝	332	85	9	0	1	100	10	700	300000	-1	-1	724	900000	728	200000	726	200000	730	50000	-1	-1	-1	-1	-1	-1	-1	-1	-1	-1	-1	-1	94971	1142	1027	913	1598	799	1357	1492	1560	1764	2035	250	100	300	100	250	6000	3320
3330	成年麒麟	333	95	9	0	0	1000	10	686	300000	-1	-1	722	900000	661	300000	668	150000	706	150000	-1	-1	-1	-1	-1	-1	-1	-1	-1	-1	-1	-1	98563	1537	1301	828	1064	828	1459	1604	1677	1896	2188	20	80	100	300	500	6000	3330
3331	变异麒麟	333	95	9	1	0	1000	10	686	300000	-1	-1	722	900000	661	300000	668	150000	706	150000	-1	-1	-1	-1	-1	-1	-1	-1	-1	-1	-1	-1	98563	1595	1350	859	1104	859	1459	1604	1677	1896	2188	20	80	100	300	500	6000	3330
3332	变异麒麟	333	95	9	1	0	1000	10	686	300000	-1	-1	722	900000	661	300000	668	150000	706	150000	-1	-1	-1	-1	-1	-1	-1	-1	-1	-1	-1	-1	98563	1653	1398	890	1144	890	1459	1604	1677	1896	2188	20	80	100	300	500	6000	3330
3333	变异麒麟	333	95	9	1	0	1000	10	686	300000	-1	-1	722	900000	661	300000	668	150000	706	150000	-1	-1	-1	-1	-1	-1	-1	-1	-1	-1	-1	-1	98563	1710	1447	921	1184	921	1459	1604	1677	1896	2188	20	80	100	300	500	6000	3330
3334	变异麒麟	333	95	9	1	0	1000	10	686	300000	-1	-1	722	900000	661	300000	668	150000	706	150000	-1	-1	-1	-1	-1	-1	-1	-1	-1	-1	-1	-1	98563	1768	1496	952	1224	952	1459	1604	1677	1896	2188	20	80	100	300	500	6000	3330
3335	变异麒麟	333	95	9	1	0	1000	10	686	300000	-1	-1	722	900000	661	300000	668	150000	706	150000	-1	-1	-1	-1	-1	-1	-1	-1	-1	-1	-1	-1	98563	1826	1545	983	1264	983	1459	1604	1677	1896	2188	20	80	100	300	500	6000	3330
3336	变异麒麟	333	95	9	1	0	1000	10	686	300000	-1	-1	722	900000	661	300000	668	150000	706	150000	-1	-1	-1	-1	-1	-1	-1	-1	-1	-1	-1	-1	98563	1883	1594	1014	1304	1014	1459	1604	1677	1896	2188	20	80	100	300	500	6000	3330
3337	变异麒麟	333	95	9	1	0	1000	10	686	300000	-1	-1	722	900000	661	300000	668	150000	706	150000	-1	-1	-1	-1	-1	-1	-1	-1	-1	-1	-1	-1	98563	1941	1642	1045	1344	1045	1459	1604	1677	1896	2188	20	80	100	300	500	6000	3330
3338	变异麒麟	333	95	9	1	0	1000	10	686	300000	-1	-1	722	900000	661	300000	668	150000	706	150000	-1	-1	-1	-1	-1	-1	-1	-1	-1	-1	-1	-1	98563	1999	1691	1076	1384	1076	1459	1604	1677	1896	2188	20	80	100	300	500	6000	3330
3339	麒麟宝宝	333	95	9	0	1	1000	10	686	300000	-1	-1	722	900000	661	300000	668	150000	706	150000	-1	-1	-1	-1	-1	-1	-1	-1	-1	-1	-1	-1	98563	1537	1301	828	1064	828	1459	1604	1677	1896	2188	20	80	100	300	500	6000	3330
3340	成年蛟龙	334	95	9	0	0	1000	10	700	300000	-1	-1	653	900000	703	300000	664	150000	660	150000	-1	-1	-1	-1	-1	-1	-1	-1	-1	-1	-1	-1	98563	828	946	1537	946	1301	1459	1604	1677	1896	2188	300	400	200	50	50	6000	3340
3341	变异蛟龙	334	95	9	1	0	1000	10	700	300000	-1	-1	653	900000	703	300000	664	150000	660	150000	-1	-1	-1	-1	-1	-1	-1	-1	-1	-1	-1	-1	98563	859	981	1595	981	1350	1459	1604	1677	1896	2188	300	400	200	50	50	6000	3340
3342	变异蛟龙	334	95	9	1	0	1000	10	700	300000	-1	-1	653	900000	703	300000	664	150000	660	150000	-1	-1	-1	-1	-1	-1	-1	-1	-1	-1	-1	-1	98563	890	1017	1653	1017	1398	1459	1604	1677	1896	2188	300	400	200	50	50	6000	3340
3343	变异蛟龙	334	95	9	1	0	1000	10	700	300000	-1	-1	653	900000	703	300000	664	150000	660	150000	-1	-1	-1	-1	-1	-1	-1	-1	-1	-1	-1	-1	98563	921	1052	1710	1052	1447	1459	1604	1677	1896	2188	300	400	200	50	50	6000	3340
3344	变异蛟龙	334	95	9	1	0	1000	10	700	300000	-1	-1	653	900000	703	300000	664	150000	660	150000	-1	-1	-1	-1	-1	-1	-1	-1	-1	-1	-1	-1	98563	952	1088	1768	1088	1496	1459	1604	1677	1896	2188	300	400	200	50	50	6000	3340
3345	变异蛟龙	334	95	9	1	0	1000	10	700	300000	-1	-1	653	900000	703	300000	664	150000	660	150000	-1	-1	-1	-1	-1	-1	-1	-1	-1	-1	-1	-1	98563	983	1123	1826	1123	1545	1459	1604	1677	1896	2188	300	400	200	50	50	6000	3340
3346	变异蛟龙	334	95	9	1	0	1000	10	700	300000	-1	-1	653	900000	703	300000	664	150000	660	150000	-1	-1	-1	-1	-1	-1	-1	-1	-1	-1	-1	-1	98563	1014	1159	1883	1159	1594	1459	1604	1677	1896	2188	300	400	200	50	50	6000	3340
3347	变异蛟龙	334	95	9	1	0	1000	10	700	300000	-1	-1	653	900000	703	300000	664	150000	660	150000	-1	-1	-1	-1	-1	-1	-1	-1	-1	-1	-1	-1	98563	1045	1194	1941	1194	1642	1459	1604	1677	1896	2188	300	400	200	50	50	6000	3340
3348	变异蛟龙	334	95	9	1	0	1000	10	700	300000	-1	-1	653	900000	703	300000	664	150000	660	150000	-1	-1	-1	-1	-1	-1	-1	-1	-1	-1	-1	-1	98563	1076	1230	1999	1230	1691	1459	1604	1677	1896	2188	300	400	200	50	50	6000	3340
3349	蛟龙宝宝	334	95	9	0	1	1000	10	700	300000	-1	-1	653	900000	703	300000	664	150000	660	150000	-1	-1	-1	-1	-1	-1	-1	-1	-1	-1	-1	-1	98563	828	946	1537	946	1301	1459	1604	1677	1896	2188	300	400	200	50	50	6000	3340
3350	成年柴猫	335	20	9	0	0	1000	10	684	200000	-1	-1	726	900000	657	250000	-1	-1	-1	-1	-1	-1	-1	-1	-1	-1	-1	-1	-1	-1	-1	-1	71624	877	789	701	1140	613	693	762	796	900	1039	20	50	20	900	10	6000	3350
3351	变异柴猫	335	20	9	1	0	1000	10	684	200000	-1	-1	726	900000	657	250000	-1	-1	-1	-1	-1	-1	-1	-1	-1	-1	-1	-1	-1	-1	-1	-1	71624	1008	907	806	1311	705	693	762	796	900	1039	20	50	20	900	10	6000	3350
3352	变异柴猫	335	20	9	1	0	1000	10	684	200000	-1	-1	726	900000	657	250000	-1	-1	-1	-1	-1	-1	-1	-1	-1	-1	-1	-1	-1	-1	-1	-1	71624	1140	1026	912	1482	798	693	762	796	900	1039	20	50	20	900	10	6000	3350
3359	柴猫宝宝	335	20	9	0	1	1000	10	684	200000	-1	-1	726	900000	657	250000	-1	-1	-1	-1	-1	-1	-1	-1	-1	-1	-1	-1	-1	-1	-1	-1	71624	877	789	701	1140	613	693	762	796	900	1039	20	50	20	900	10	6000	3350
3360	成年鸡	336	5	9	0	0	11	10	739	200000	-1	-1	703	900000	659	250000	-1	-1	-1	-1	-1	-1	-1	-1	-1	-1	-1	-1	-1	-1	-1	-1	71624	877	877	877	877	877	693	762	796	900	1039	10	20	20	150	800	6000	3360
3361	变异鸡	336	5	9	1	0	11	10	739	200000	-1	-1	703	900000	659	250000	-1	-1	-1	-1	-1	-1	-1	-1	-1	-1	-1	-1	-1	-1	-1	-1	71624	1008	1008	1008	1008	1008	693	762	796	900	1039	10	20	20	150	800	6000	3360
3362	变异鸡	336	5	9	1	0	11	10	739	200000	-1	-1	703	900000	659	250000	-1	-1	-1	-1	-1	-1	-1	-1	-1	-1	-1	-1	-1	-1	-1	-1	71624	1140	1140	1140	1140	1140	693	762	796	900	1039	10	20	20	150	800	6000	3360
3369	鸡宝宝	336	5	9	0	1	11	10	739	200000	-1	-1	703	900000	659	250000	-1	-1	-1	-1	-1	-1	-1	-1	-1	-1	-1	-1	-1	-1	-1	-1	71624	877	877	877	877	877	693	762	796	900	1039	10	20	20	150	800	6000	3360
3370	成年鸭子	337	5	9	0	0	11	10	737	200000	-1	-1	728	900000	660	250000	-1	-1	-1	-1	-1	-1	-1	-1	-1	-1	-1	-1	-1	-1	-1	-1	71624	613	701	1140	701	964	693	762	796	900	1039	800	150	20	20	10	6000	3370
3371	变异鸭子	337	5	9	1	0	11	10	737	200000	-1	-1	728	900000	660	250000	-1	-1	-1	-1	-1	-1	-1	-1	-1	-1	-1	-1	-1	-1	-1	-1	71624	705	806	1311	806	1109	693	762	796	900	1039	800	150	20	20	10	6000	3370
3372	变异鸭子	337	5	9	1	0	11	10	737	200000	-1	-1	728	900000	660	250000	-1	-1	-1	-1	-1	-1	-1	-1	-1	-1	-1	-1	-1	-1	-1	-1	71624	798	912	1482	912	1254	693	762	796	900	1039	800	150	20	20	10	6000	3370
3379	鸭子宝宝	337	5	9	0	1	11	10	737	200000	-1	-1	728	900000	660	250000	-1	-1	-1	-1	-1	-1	-1	-1	-1	-1	-1	-1	-1	-1	-1	-1	71624	613	701	1140	701	964	693	762	796	900	1039	800	150	20	20	10	6000	3370
3380	成年山羊	338	5	9	0	0	100	10	740	200000	-1	-1	706	900000	670	250000	-1	-1	-1	-1	-1	-1	-1	-1	-1	-1	-1	-1	-1	-1	-1	-1	71624	877	877	877	877	877	693	762	796	900	1039	150	800	20	20	10	6000	3380
3381	变异山羊	338	5	9	1	0	100	10	740	200000	-1	-1	706	900000	670	250000	-1	-1	-1	-1	-1	-1	-1	-1	-1	-1	-1	-1	-1	-1	-1	-1	71624	1008	1008	1008	1008	1008	693	762	796	900	1039	150	800	20	20	10	6000	3380
3382	变异山羊	338	5	9	1	0	100	10	740	200000	-1	-1	706	900000	670	250000	-1	-1	-1	-1	-1	-1	-1	-1	-1	-1	-1	-1	-1	-1	-1	-1	71624	1140	1140	1140	1140	1140	693	762	796	900	1039	150	800	20	20	10	6000	3380
3389	山羊宝宝	338	5	9	0	1	100	10	740	200000	-1	-1	706	900000	670	250000	-1	-1	-1	-1	-1	-1	-1	-1	-1	-1	-1	-1	-1	-1	-1	-1	71624	877	877	877	877	877	693	762	796	900	1039	150	800	20	20	10	6000	3380
3390	成年毛驴	339	5	9	0	0	100	10	686	200000	-1	-1	722	900000	668	250000	-1	-1	-1	-1	-1	-1	-1	-1	-1	-1	-1	-1	-1	-1	-1	-1	71624	877	877	877	877	877	693	762	796	900	1039	10	20	20	150	800	6000	3390
3391	变异毛驴	339	5	9	1	0	100	10	686	200000	-1	-1	722	900000	668	250000	-1	-1	-1	-1	-1	-1	-1	-1	-1	-1	-1	-1	-1	-1	-1	-1	71624	1008	1008	1008	1008	1008	693	762	796	900	1039	10	20	20	150	800	6000	3390
3392	变异毛驴	339	5	9	1	0	100	10	686	200000	-1	-1	722	900000	668	250000	-1	-1	-1	-1	-1	-1	-1	-1	-1	-1	-1	-1	-1	-1	-1	-1	71624	1140	1140	1140	1140	1140	693	762	796	900	1039	10	20	20	150	800	6000	3390
3399	毛驴宝宝	339	5	9	0	1	100	10	686	200000	-1	-1	722	900000	668	250000	-1	-1	-1	-1	-1	-1	-1	-1	-1	-1	-1	-1	-1	-1	-1	-1	71624	877	877	877	877	877	693	762	796	900	1039	10	20	20	150	800	6000	3390
3400	成年鹅	340	5	9	0	0	11	10	738	200000	-1	-1	702	900000	664	250000	-1	-1	-1	-1	-1	-1	-1	-1	-1	-1	-1	-1	-1	-1	-1	-1	71624	613	701	1140	701	964	693	762	796	900	1039	800	150	20	20	10	6000	3400
3401	变异鹅	340	5	9	1	0	11	10	738	200000	-1	-1	702	900000	664	250000	-1	-1	-1	-1	-1	-1	-1	-1	-1	-1	-1	-1	-1	-1	-1	-1	71624	705	806	1311	806	1109	693	762	796	900	1039	800	150	20	20	10	6000	3400
3402	变异鹅	340	5	9	1	0	11	10	738	200000	-1	-1	702	900000	664	250000	-1	-1	-1	-1	-1	-1	-1	-1	-1	-1	-1	-1	-1	-1	-1	-1	71624	798	912	1482	912	1254	693	762	796	900	1039	800	150	20	20	10	6000	3400
3409	鹅宝宝	340	5	9	0	1	11	10	738	200000	-1	-1	702	900000	664	250000	-1	-1	-1	-1	-1	-1	-1	-1	-1	-1	-1	-1	-1	-1	-1	-1	71624	613	701	1140	701	964	693	762	796	900	1039	800	150	20	20	10	6000	3400
3410	成年霸王龙	341	5	9	0	0	1000	10	694	300000	-1	-1	722	900000	661	250000	662	100000	-1	-1	-1	-1	-1	-1	-1	-1	-1	-1	-1	-1	-1	-1	71624	1140	964	613	789	613	693	762	796	900	1039	20	30	150	200	600	6000	3410
3411	变异霸王龙	341	5	9	1	0	1000	10	694	300000	-1	-1	722	900000	661	250000	662	100000	-1	-1	-1	-1	-1	-1	-1	-1	-1	-1	-1	-1	-1	-1	71624	1311	1109	705	907	705	693	762	796	900	1039	20	30	150	200	600	6000	3410
3412	变异霸王龙	341	5	9	1	0	1000	10	694	300000	-1	-1	722	900000	661	250000	662	100000	-1	-1	-1	-1	-1	-1	-1	-1	-1	-1	-1	-1	-1	-1	71624	1482	1254	798	1026	798	693	762	796	900	1039	20	30	150	200	600	6000	3410
3419	霸王龙宝宝	341	5	9	0	1	1000	10	694	300000	-1	-1	722	900000	661	250000	662	100000	-1	-1	-1	-1	-1	-1	-1	-1	-1	-1	-1	-1	-1	-1	71624	1140	964	613	789	613	693	762	796	900	1039	20	30	150	200	600	6000	3410
3420	成年企鹅	342	5	9	0	0	1011	10	688	300000	-1	-1	652	900000	702	250000	664	100000	-1	-1	-1	-1	-1	-1	-1	-1	-1	-1	-1	-1	-1	-1	77012	656	750	1219	750	1031	846	930	972	1099	1269	500	300	150	30	20	6000	3420
3421	变异企鹅	342	5	9	1	0	1011	10	688	300000	-1	-1	652	900000	702	250000	664	100000	-1	-1	-1	-1	-1	-1	-1	-1	-1	-1	-1	-1	-1	-1	77012	755	862	1402	862	1186	846	930	972	1099	1269	500	300	150	30	20	6000	3420
3422	变异企鹅	342	5	9	1	0	1011	10	688	300000	-1	-1	652	900000	702	250000	664	100000	-1	-1	-1	-1	-1	-1	-1	-1	-1	-1	-1	-1	-1	-1	77012	853	975	1585	975	1341	846	930	972	1099	1269	500	300	150	30	20	6000	3420
3429	企鹅宝宝	342	5	9	0	1	1011	10	688	300000	-1	-1	652	900000	702	250000	664	100000	-1	-1	-1	-1	-1	-1	-1	-1	-1	-1	-1	-1	-1	-1	77012	656	750	1219	750	1031	846	930	972	1099	1269	500	300	150	30	20	6000	3420
3430	成年袋鼠	343	75	9	0	0	100	10	741	300000	-1	-1	666	900000	712	250000	726	200000	-1	-1	-1	-1	-1	-1	-1	-1	-1	-1	-1	-1	-1	-1	91379	661	1322	1322	1102	881	1255	1380	1443	1631	1882	300	300	80	300	20	6000	3430
3431	变异袋鼠	343	75	9	1	0	100	10	741	300000	-1	-1	666	900000	712	250000	726	200000	-1	-1	-1	-1	-1	-1	-1	-1	-1	-1	-1	-1	-1	-1	91379	694	1388	1388	1157	925	1255	1380	1443	1631	1882	300	300	80	300	20	6000	3430
3432	变异袋鼠	343	75	9	1	0	100	10	741	300000	-1	-1	666	900000	712	250000	726	200000	-1	-1	-1	-1	-1	-1	-1	-1	-1	-1	-1	-1	-1	-1	91379	727	1454	1454	1212	969	1255	1380	1443	1631	1882	300	300	80	300	20	6000	3430
3433	变异袋鼠	343	75	9	1	0	100	10	741	300000	-1	-1	666	900000	712	250000	726	200000	-1	-1	-1	-1	-1	-1	-1	-1	-1	-1	-1	-1	-1	-1	91379	760	1520	1520	1267	1013	1255	1380	1443	1631	1882	300	300	80	300	20	6000	3430
3434	变异袋鼠	343	75	9	1	0	100	10	741	300000	-1	-1	666	900000	712	250000	726	200000	-1	-1	-1	-1	-1	-1	-1	-1	-1	-1	-1	-1	-1	-1	91379	793	1586	1586	1322	1057	1255	1380	1443	1631	1882	300	300	80	300	20	6000	3430
3435	变异袋鼠	343	75	9	1	0	100	10	741	300000	-1	-1	666	900000	712	250000	726	200000	-1	-1	-1	-1	-1	-1	-1	-1	-1	-1	-1	-1	-1	-1	91379	826	1653	1653	1377	1102	1255	1380	1443	1631	1882	300	300	80	300	20	6000	3430
3436	变异袋鼠	343	75	9	1	0	100	10	741	300000	-1	-1	666	900000	712	250000	726	200000	-1	-1	-1	-1	-1	-1	-1	-1	-1	-1	-1	-1	-1	-1	91379	859	1719	1719	1432	1146	1255	1380	1443	1631	1882	300	300	80	300	20	6000	3430
3439	袋鼠宝宝	343	75	9	0	1	100	10	741	300000	-1	-1	666	900000	712	250000	726	200000	-1	-1	-1	-1	-1	-1	-1	-1	-1	-1	-1	-1	-1	-1	91379	661	1322	1322	1102	881	1255	1380	1443	1631	1882	300	300	80	300	20	6000	3430
3440	成年鸭嘴兽	344	5	9	0	0	10	10	736	300000	-1	-1	710	900000	656	250000	734	100000	-1	-1	-1	-1	-1	-1	-1	-1	-1	-1	-1	-1	-1	-1	71624	613	701	1140	701	964	693	762	796	900	1039	400	400	150	30	20	6000	3440
3441	变异鸭嘴兽	344	5	9	1	0	10	10	736	300000	-1	-1	710	900000	656	250000	734	100000	-1	-1	-1	-1	-1	-1	-1	-1	-1	-1	-1	-1	-1	-1	71624	705	806	1311	806	1109	693	762	796	900	1039	400	400	150	30	20	6000	3440
3442	变异鸭嘴兽	344	5	9	1	0	10	10	736	300000	-1	-1	710	900000	656	250000	734	100000	-1	-1	-1	-1	-1	-1	-1	-1	-1	-1	-1	-1	-1	-1	71624	798	912	1482	912	1254	693	762	796	900	1039	400	400	150	30	20	6000	3440
3449	鸭嘴兽宝宝	344	5	9	0	1	10	10	736	300000	-1	-1	710	900000	656	250000	734	100000	-1	-1	-1	-1	-1	-1	-1	-1	-1	-1	-1	-1	-1	-1	71624	613	701	1140	701	964	693	762	796	900	1039	400	400	150	30	20	6000	3440
3450	成年猪	345	5	9	0	0	1	10	686	300000	-1	-1	658	900000	718	250000	668	100000	-1	-1	-1	-1	-1	-1	-1	-1	-1	-1	-1	-1	-1	-1	80604	881	1272	783	783	881	948	1042	1090	1232	1422	20	50	20	900	10	6000	3450
3451	变异猪	345	5	9	1	0	1	10	686	300000	-1	-1	658	900000	718	250000	668	100000	-1	-1	-1	-1	-1	-1	-1	-1	-1	-1	-1	-1	-1	-1	80604	1057	1527	939	939	1057	948	1042	1090	1232	1422	20	50	20	900	10	6000	3450
3459	猪宝宝	345	5	9	0	1	1	10	686	300000	-1	-1	658	900000	718	250000	668	100000	-1	-1	-1	-1	-1	-1	-1	-1	-1	-1	-1	-1	-1	-1	80604	881	1272	783	783	881	948	1042	1090	1232	1422	20	50	20	900	10	6000	3450
3460	成年青蛙	346	5	9	0	0	10	10	698	300000	-1	-1	654	900000	730	250000	704	100000	-1	-1	-1	-1	-1	-1	-1	-1	-1	-1	-1	-1	-1	-1	68032	585	668	1086	668	919	591	650	679	768	886	800	150	20	20	10	6000	3460
3461	变异青蛙	346	5	9	1	0	10	10	698	300000	-1	-1	654	900000	730	250000	704	100000	-1	-1	-1	-1	-1	-1	-1	-1	-1	-1	-1	-1	-1	-1	68032	760	869	1412	869	1195	591	650	679	768	886	800	150	20	20	10	6000	3460
3469	青蛙宝宝	346	5	9	0	1	10	10	698	300000	-1	-1	654	900000	730	250000	704	100000	-1	-1	-1	-1	-1	-1	-1	-1	-1	-1	-1	-1	-1	-1	68032	585	668	1086	668	919	591	650	679	768	886	800	150	20	20	10	6000	3460
3470	成年小象	347	75	9	0	0	100	10	690	300000	-1	-1	706	900000	658	250000	705	200000	-1	-1	-1	-1	-1	-1	-1	-1	-1	-1	-1	-1	-1	-1	91379	1322	1322	661	1102	881	1255	1380	1443	1631	1882	30	100	120	700	50	6000	3470
3471	变异小象	347	75	9	1	0	100	10	690	300000	-1	-1	706	900000	658	250000	705	200000	-1	-1	-1	-1	-1	-1	-1	-1	-1	-1	-1	-1	-1	-1	91379	1388	1388	694	1157	925	1255	1380	1443	1631	1882	30	100	120	700	50	6000	3470
3472	变异小象	347	75	9	1	0	100	10	690	300000	-1	-1	706	900000	658	250000	705	200000	-1	-1	-1	-1	-1	-1	-1	-1	-1	-1	-1	-1	-1	-1	91379	1454	1454	727	1212	969	1255	1380	1443	1631	1882	30	100	120	700	50	6000	3470
3473	变异小象	347	75	9	1	0	100	10	690	300000	-1	-1	706	900000	658	250000	705	200000	-1	-1	-1	-1	-1	-1	-1	-1	-1	-1	-1	-1	-1	-1	91379	1520	1520	760	1267	1013	1255	1380	1443	1631	1882	30	100	120	700	50	6000	3470
3474	变异小象	347	75	9	1	0	100	10	690	300000	-1	-1	706	900000	658	250000	705	200000	-1	-1	-1	-1	-1	-1	-1	-1	-1	-1	-1	-1	-1	-1	91379	1586	1586	793	1322	1057	1255	1380	1443	1631	1882	30	100	120	700	50	6000	3470
3475	变异小象	347	75	9	1	0	100	10	690	300000	-1	-1	706	900000	658	250000	705	200000	-1	-1	-1	-1	-1	-1	-1	-1	-1	-1	-1	-1	-1	-1	91379	1653	1653	826	1377	1102	1255	1380	1443	1631	1882	30	100	120	700	50	6000	3470
3476	变异小象	347	75	9	1	0	100	10	690	300000	-1	-1	706	900000	658	250000	705	200000	-1	-1	-1	-1	-1	-1	-1	-1	-1	-1	-1	-1	-1	-1	91379	1719	1719	859	1432	1146	1255	1380	1443	1631	1882	30	100	120	700	50	6000	3470
3479	小象宝宝	347	75	9	0	1	100	10	690	300000	-1	-1	706	900000	658	250000	705	200000	-1	-1	-1	-1	-1	-1	-1	-1	-1	-1	-1	-1	-1	-1	91379	1322	1322	661	1102	881	1255	1380	1443	1631	1882	30	100	120	700	50	6000	3470
3480	成年雪狐	348	5	9	0	0	1000	10	700	300000	-1	-1	734	900000	702	250000	712	100000	-1	-1	-1	-1	-1	-1	-1	-1	-1	-1	-1	-1	-1	-1	68032	836	752	668	1086	585	591	650	679	768	886	150	500	20	300	30	6000	3480
3481	变异雪狐	348	5	9	1	0	1000	10	700	300000	-1	-1	734	900000	702	250000	712	100000	-1	-1	-1	-1	-1	-1	-1	-1	-1	-1	-1	-1	-1	-1	68032	1086	978	869	1412	760	591	650	679	768	886	150	500	20	300	30	6000	3480
3489	雪狐宝宝	348	5	9	0	1	1000	10	700	300000	-1	-1	734	900000	702	250000	712	100000	-1	-1	-1	-1	-1	-1	-1	-1	-1	-1	-1	-1	-1	-1	68032	836	752	668	1086	585	591	650	679	768	886	150	500	20	300	30	6000	3480
3490	成年狼	349	5	9	0	0	1000	10	694	200000	-1	-1	657	900000	706	250000	-1	-1	-1	-1	-1	-1	-1	-1	-1	-1	-1	-1	-1	-1	-1	-1	73420	897	807	717	1166	627	744	818	855	967	1116	50	500	200	100	150	6000	3490
3491	变异狼	349	5	9	1	0	1000	10	694	200000	-1	-1	657	900000	706	250000	-1	-1	-1	-1	-1	-1	-1	-1	-1	-1	-1	-1	-1	-1	-1	-1	73420	1031	928	825	1341	722	744	818	855	967	1116	50	500	200	100	150	6000	3490
3492	变异狼	349	5	9	1	0	1000	10	694	200000	-1	-1	657	900000	706	250000	-1	-1	-1	-1	-1	-1	-1	-1	-1	-1	-1	-1	-1	-1	-1	-1	73420	1166	1049	932	1515	816	744	818	855	967	1116	50	500	200	100	150	6000	3490
3499	狼宝宝	349	5	9	0	1	1000	10	694	200000	-1	-1	657	900000	706	250000	-1	-1	-1	-1	-1	-1	-1	-1	-1	-1	-1	-1	-1	-1	-1	-1	73420	897	807	717	1166	627	744	818	855	967	1116	50	500	200	100	150	6000	3490
4216	雪狐	348	30	9	0	1	1000	10	698	900000	-1	-1	712	300000	702	250000	-1	-1	-1	-1	-1	-1	-1	-1	-1	-1	-1	-1	-1	-1	-1	-1	78808	959	959	959	959	959	897	986	1031	1166	1345	50	500	200	100	150	6000	4210
6000	成年龙	600	65	9	0	0	1000	10	700	200000	-1	-1	703	900000	660	250000	714	200000	664	150000	-1	-1	-1	-1	-1	-1	-1	-1	-1	-1	-1	-1	91379	771	881	1432	881	1212	1255	1380	1443	1631	1882	50	150	100	200	500	6000	6000
6001	变异龙	600	65	9	1	0	1000	10	700	200000	-1	-1	703	900000	660	250000	714	200000	664	150000	-1	-1	-1	-1	-1	-1	-1	-1	-1	-1	-1	-1	91379	809	925	1504	925	1272	1255	1380	1443	1631	1882	50	150	100	200	500	6000	6000
6002	变异龙	600	65	9	1	0	1000	10	700	200000	-1	-1	703	900000	660	250000	714	200000	664	150000	-1	-1	-1	-1	-1	-1	-1	-1	-1	-1	-1	-1	91379	848	969	1575	969	1333	1255	1380	1443	1631	1882	50	150	100	200	500	6000	6000
6003	变异龙	600	65	9	1	0	1000	10	700	200000	-1	-1	703	900000	660	250000	714	200000	664	150000	-1	-1	-1	-1	-1	-1	-1	-1	-1	-1	-1	-1	91379	887	1013	1647	1013	1394	1255	1380	1443	1631	1882	50	150	100	200	500	6000	6000
6004	变异龙	600	65	9	1	0	1000	10	700	200000	-1	-1	703	900000	660	250000	714	200000	664	150000	-1	-1	-1	-1	-1	-1	-1	-1	-1	-1	-1	-1	91379	925	1057	1719	1057	1454	1255	1380	1443	1631	1882	50	150	100	200	500	6000	6000
6005	变异龙	600	65	9	1	0	1000	10	700	200000	-1	-1	703	900000	660	250000	714	200000	664	150000	-1	-1	-1	-1	-1	-1	-1	-1	-1	-1	-1	-1	91379	964	1102	1790	1102	1515	1255	1380	1443	1631	1882	50	150	100	200	500	6000	6000
6009	龙宝宝	600	65	9	0	1	1000	10	700	200000	-1	-1	703	900000	660	250000	714	200000	664	150000	-1	-1	-1	-1	-1	-1	-1	-1	-1	-1	-1	-1	91379	771	881	1432	881	1212	1255	1380	1443	1631	1882	50	150	100	200	500	6000	6000
6010	成年龙猫	601	5	9	0	0	1000	10	740	200000	-1	-1	722	900000	668	250000	716	200000	-1	-1	-1	-1	-1	-1	-1	-1	-1	-1	-1	-1	-1	-1	77012	1219	1031	656	844	656	846	930	972	1099	1269	150	500	100	200	50	6000	6010
6011	变异龙猫	601	5	9	1	0	1000	10	740	200000	-1	-1	722	900000	668	250000	716	200000	-1	-1	-1	-1	-1	-1	-1	-1	-1	-1	-1	-1	-1	-1	77012	1402	1186	755	970	755	846	930	972	1099	1269	150	500	100	200	50	6000	6010
6012	变异龙猫	601	5	9	1	0	1000	10	740	200000	-1	-1	722	900000	668	250000	716	200000	-1	-1	-1	-1	-1	-1	-1	-1	-1	-1	-1	-1	-1	-1	77012	1585	1341	853	1097	853	846	930	972	1099	1269	150	500	100	200	50	6000	6010
6019	龙猫宝宝	601	5	9	0	1	1000	10	740	200000	-1	-1	722	900000	668	250000	716	200000	-1	-1	-1	-1	-1	-1	-1	-1	-1	-1	-1	-1	-1	-1	77012	1219	1031	656	844	656	846	930	972	1099	1269	150	500	100	200	50	6000	6010
6020	成年强龙猫	602	45	9	0	0	1000	10	740	250000	-1	-1	722	900000	668	300000	716	250000	-1	-1	-1	-1	-1	-1	-1	-1	-1	-1	-1	-1	-1	-1	80604	1272	1076	685	881	685	948	1042	1090	1232	1422	150	500	100	200	50	6000	6020
6021	变异强龙猫	602	45	9	1	0	1000	10	740	250000	-1	-1	722	900000	668	300000	716	250000	-1	-1	-1	-1	-1	-1	-1	-1	-1	-1	-1	-1	-1	-1	80604	1399	1184	753	969	753	948	1042	1090	1232	1422	150	500	100	200	50	6000	6020
6022	变异强龙猫	602	45	9	1	0	1000	10	740	250000	-1	-1	722	900000	668	300000	716	250000	-1	-1	-1	-1	-1	-1	-1	-1	-1	-1	-1	-1	-1	-1	80604	1527	1292	822	1057	822	948	1042	1090	1232	1422	150	500	100	200	50	6000	6020
6023	变异强龙猫	602	45	9	1	0	1000	10	740	250000	-1	-1	722	900000	668	300000	716	250000	-1	-1	-1	-1	-1	-1	-1	-1	-1	-1	-1	-1	-1	-1	80604	1654	1399	890	1145	890	948	1042	1090	1232	1422	150	500	100	200	50	6000	6020
6029	强龙猫宝宝	602	45	9	0	1	1000	10	740	250000	-1	-1	722	900000	668	300000	716	250000	-1	-1	-1	-1	-1	-1	-1	-1	-1	-1	-1	-1	-1	-1	80604	1272	1076	685	881	685	948	1042	1090	1232	1422	150	500	100	200	50	6000	6020
6030	成年珍龙猫	603	55	9	0	0	1000	10	740	300000	-1	-1	722	900000	668	350000	716	300000	-1	-1	-1	-1	-1	-1	-1	-1	-1	-1	-1	-1	-1	-1	84195	1326	1122	714	918	714	1051	1156	1208	1366	1576	150	500	100	200	50	6000	6030
6031	变异珍龙猫	603	55	9	1	0	1000	10	740	300000	-1	-1	722	900000	668	350000	716	300000	-1	-1	-1	-1	-1	-1	-1	-1	-1	-1	-1	-1	-1	-1	84195	1425	1206	767	986	767	1051	1156	1208	1366	1576	150	500	100	200	50	6000	6030
6032	变异珍龙猫	603	55	9	1	0	1000	10	740	300000	-1	-1	722	900000	668	350000	716	300000	-1	-1	-1	-1	-1	-1	-1	-1	-1	-1	-1	-1	-1	-1	84195	1524	1290	821	1055	821	1051	1156	1208	1366	1576	150	500	100	200	50	6000	6030
6033	变异珍龙猫	603	55	9	1	0	1000	10	740	300000	-1	-1	722	900000	668	350000	716	300000	-1	-1	-1	-1	-1	-1	-1	-1	-1	-1	-1	-1	-1	-1	84195	1624	1374	874	1124	874	1051	1156	1208	1366	1576	150	500	100	200	50	6000	6030
6034	变异珍龙猫	603	55	9	1	0	1000	10	740	300000	-1	-1	722	900000	668	350000	716	300000	-1	-1	-1	-1	-1	-1	-1	-1	-1	-1	-1	-1	-1	-1	84195	1723	1458	928	1193	928	1051	1156	1208	1366	1576	150	500	100	200	50	6000	6030
6039	珍龙猫宝宝	603	55	9	0	1	1000	10	740	300000	-1	-1	722	900000	668	350000	716	300000	-1	-1	-1	-1	-1	-1	-1	-1	-1	-1	-1	-1	-1	-1	84195	1326	1122	714	918	714	1051	1156	1208	1366	1576	150	500	100	200	50	6000	6030
6040	成年超龙猫	604	65	9	0	0	1000	10	740	350000	-1	-1	722	900000	668	400000	716	350000	-1	-1	-1	-1	-1	-1	-1	-1	-1	-1	-1	-1	-1	-1	87787	1379	1167	742	954	742	1153	1268	1325	1498	1729	150	500	100	200	50	6000	6040
6041	变异超龙猫	604	65	9	1	0	1000	10	740	350000	-1	-1	722	900000	668	400000	716	350000	-1	-1	-1	-1	-1	-1	-1	-1	-1	-1	-1	-1	-1	-1	87787	1462	1237	787	1012	787	1153	1268	1325	1498	1729	150	500	100	200	50	6000	6040
6042	变异超龙猫	604	65	9	1	0	1000	10	740	350000	-1	-1	722	900000	668	400000	716	350000	-1	-1	-1	-1	-1	-1	-1	-1	-1	-1	-1	-1	-1	-1	87787	1544	1307	831	1069	831	1153	1268	1325	1498	1729	150	500	100	200	50	6000	6040
6043	变异超龙猫	604	65	9	1	0	1000	10	740	350000	-1	-1	722	900000	668	400000	716	350000	-1	-1	-1	-1	-1	-1	-1	-1	-1	-1	-1	-1	-1	-1	87787	1627	1377	876	1126	876	1153	1268	1325	1498	1729	150	500	100	200	50	6000	6040
6044	变异超龙猫	604	65	9	1	0	1000	10	740	350000	-1	-1	722	900000	668	400000	716	350000	-1	-1	-1	-1	-1	-1	-1	-1	-1	-1	-1	-1	-1	-1	87787	1710	1447	920	1184	920	1153	1268	1325	1498	1729	150	500	100	200	50	6000	6040
6045	变异超龙猫	604	65	9	1	0	1000	10	740	350000	-1	-1	722	900000	668	400000	716	350000	-1	-1	-1	-1	-1	-1	-1	-1	-1	-1	-1	-1	-1	-1	87787	1793	1517	965	1241	965	1153	1268	1325	1498	1729	150	500	100	200	50	6000	6040
6049	超龙猫宝宝	604	65	9	0	1	1000	10	740	350000	-1	-1	722	900000	668	400000	716	350000	-1	-1	-1	-1	-1	-1	-1	-1	-1	-1	-1	-1	-1	-1	87787	1379	1167	742	954	742	1153	1268	1325	1498	1729	150	500	100	200	50	6000	6040
6050	成年神龙猫	605	75	9	0	0	1000	10	740	400000	-1	-1	722	900000	668	450000	716	400000	-1	-1	-1	-1	-1	-1	-1	-1	-1	-1	-1	-1	-1	-1	91379	1432	1212	771	991	771	1255	1380	1443	1631	1882	150	500	100	200	50	6000	6050
6051	变异神龙猫	605	75	9	1	0	1000	10	740	400000	-1	-1	722	900000	668	450000	716	400000	-1	-1	-1	-1	-1	-1	-1	-1	-1	-1	-1	-1	-1	-1	91379	1504	1272	809	1041	809	1255	1380	1443	1631	1882	150	500	100	200	50	6000	6050
6052	变异神龙猫	605	75	9	1	0	1000	10	740	400000	-1	-1	722	900000	668	450000	716	400000	-1	-1	-1	-1	-1	-1	-1	-1	-1	-1	-1	-1	-1	-1	91379	1575	1333	848	1090	848	1255	1380	1443	1631	1882	150	500	100	200	50	6000	6050
6053	变异神龙猫	605	75	9	1	0	1000	10	740	400000	-1	-1	722	900000	668	450000	716	400000	-1	-1	-1	-1	-1	-1	-1	-1	-1	-1	-1	-1	-1	-1	91379	1647	1394	887	1140	887	1255	1380	1443	1631	1882	150	500	100	200	50	6000	6050
6054	变异神龙猫	605	75	9	1	0	1000	10	740	400000	-1	-1	722	900000	668	450000	716	400000	-1	-1	-1	-1	-1	-1	-1	-1	-1	-1	-1	-1	-1	-1	91379	1719	1454	925	1190	925	1255	1380	1443	1631	1882	150	500	100	200	50	6000	6050
6055	变异神龙猫	605	75	9	1	0	1000	10	740	400000	-1	-1	722	900000	668	450000	716	400000	-1	-1	-1	-1	-1	-1	-1	-1	-1	-1	-1	-1	-1	-1	91379	1790	1515	964	1239	964	1255	1380	1443	1631	1882	150	500	100	200	50	6000	6050
6056	变异神龙猫	605	75	9	1	0	1000	10	740	400000	-1	-1	722	900000	668	450000	716	400000	-1	-1	-1	-1	-1	-1	-1	-1	-1	-1	-1	-1	-1	-1	91379	1862	1575	1002	1289	1002	1255	1380	1443	1631	1882	150	500	100	200	50	6000	6050
6059	神龙猫宝宝	605	75	9	0	1	1000	10	740	400000	-1	-1	722	900000	668	450000	716	400000	-1	-1	-1	-1	-1	-1	-1	-1	-1	-1	-1	-1	-1	-1	91379	1432	1212	771	991	771	1255	1380	1443	1631	1882	150	500	100	200	50	6000	6050
6060	成年墨镜猫	606	5	9	0	0	1000	10	698	200000	-1	-1	728	900000	712	250000	724	200000	-1	-1	-1	-1	-1	-1	-1	-1	-1	-1	-1	-1	-1	-1	77012	656	750	1219	750	1031	846	930	972	1099	1269	500	200	100	150	50	6000	6060
6061	变异墨镜猫	606	5	9	1	0	1000	10	698	200000	-1	-1	728	900000	712	250000	724	200000	-1	-1	-1	-1	-1	-1	-1	-1	-1	-1	-1	-1	-1	-1	77012	755	862	1402	862	1186	846	930	972	1099	1269	500	200	100	150	50	6000	6060
6062	变异墨镜猫	606	5	9	1	0	1000	10	698	200000	-1	-1	728	900000	712	250000	724	200000	-1	-1	-1	-1	-1	-1	-1	-1	-1	-1	-1	-1	-1	-1	77012	853	975	1585	975	1341	846	930	972	1099	1269	500	200	100	150	50	6000	6060
6069	墨镜猫宝宝	606	5	9	0	1	1000	10	698	200000	-1	-1	728	900000	712	250000	724	200000	-1	-1	-1	-1	-1	-1	-1	-1	-1	-1	-1	-1	-1	-1	77012	656	750	1219	750	1031	846	930	972	1099	1269	500	200	100	150	50	6000	6060
6070	成年流行猫	607	45	9	0	0	1000	10	698	250000	-1	-1	728	900000	712	300000	724	250000	-1	-1	-1	-1	-1	-1	-1	-1	-1	-1	-1	-1	-1	-1	80604	685	783	1272	783	1076	948	1042	1090	1232	1422	500	200	100	150	50	6000	6070
6071	变异流行猫	607	45	9	1	0	1000	10	698	250000	-1	-1	728	900000	712	300000	724	250000	-1	-1	-1	-1	-1	-1	-1	-1	-1	-1	-1	-1	-1	-1	80604	753	861	1399	861	1184	948	1042	1090	1232	1422	500	200	100	150	50	6000	6070
6072	变异流行猫	607	45	9	1	0	1000	10	698	250000	-1	-1	728	900000	712	300000	724	250000	-1	-1	-1	-1	-1	-1	-1	-1	-1	-1	-1	-1	-1	-1	80604	822	939	1527	939	1292	948	1042	1090	1232	1422	500	200	100	150	50	6000	6070
6073	变异流行猫	607	45	9	1	0	1000	10	698	250000	-1	-1	728	900000	712	300000	724	250000	-1	-1	-1	-1	-1	-1	-1	-1	-1	-1	-1	-1	-1	-1	80604	890	1018	1654	1018	1399	948	1042	1090	1232	1422	500	200	100	150	50	6000	6070
6079	流行猫宝宝	607	45	9	0	1	1000	10	698	250000	-1	-1	728	900000	712	300000	724	250000	-1	-1	-1	-1	-1	-1	-1	-1	-1	-1	-1	-1	-1	-1	80604	685	783	1272	783	1076	948	1042	1090	1232	1422	500	200	100	150	50	6000	6070
6080	成年时尚猫	608	55	9	0	0	1000	10	698	300000	-1	-1	728	900000	712	350000	724	300000	-1	-1	-1	-1	-1	-1	-1	-1	-1	-1	-1	-1	-1	-1	84195	714	816	1326	816	1122	1051	1156	1208	1366	1576	500	200	100	150	50	6000	6080
6081	变异时尚猫	608	55	9	1	0	1000	10	698	300000	-1	-1	728	900000	712	350000	724	300000	-1	-1	-1	-1	-1	-1	-1	-1	-1	-1	-1	-1	-1	-1	84195	767	877	1425	877	1206	1051	1156	1208	1366	1576	500	200	100	150	50	6000	6080
6082	变异时尚猫	608	55	9	1	0	1000	10	698	300000	-1	-1	728	900000	712	350000	724	300000	-1	-1	-1	-1	-1	-1	-1	-1	-1	-1	-1	-1	-1	-1	84195	821	938	1524	938	1290	1051	1156	1208	1366	1576	500	200	100	150	50	6000	6080
6083	变异时尚猫	608	55	9	1	0	1000	10	698	300000	-1	-1	728	900000	712	350000	724	300000	-1	-1	-1	-1	-1	-1	-1	-1	-1	-1	-1	-1	-1	-1	84195	874	999	1624	999	1374	1051	1156	1208	1366	1576	500	200	100	150	50	6000	6080
6084	变异时尚猫	608	55	9	1	0	1000	10	698	300000	-1	-1	728	900000	712	350000	724	300000	-1	-1	-1	-1	-1	-1	-1	-1	-1	-1	-1	-1	-1	-1	84195	928	1060	1723	1060	1458	1051	1156	1208	1366	1576	500	200	100	150	50	6000	6080
6089	时尚猫宝宝	608	55	9	0	1	1000	10	698	300000	-1	-1	728	900000	712	350000	724	300000	-1	-1	-1	-1	-1	-1	-1	-1	-1	-1	-1	-1	-1	-1	84195	714	816	1326	816	1122	1051	1156	1208	1366	1576	500	200	100	150	50	6000	6080
6090	成年偶像猫	609	65	9	0	0	1000	10	698	350000	-1	-1	728	900000	712	400000	724	350000	-1	-1	-1	-1	-1	-1	-1	-1	-1	-1	-1	-1	-1	-1	87787	742	848	1379	848	1167	1153	1268	1325	1498	1729	500	200	100	150	50	6000	6090
6091	变异偶像猫	609	65	9	1	0	1000	10	698	350000	-1	-1	728	900000	712	400000	724	350000	-1	-1	-1	-1	-1	-1	-1	-1	-1	-1	-1	-1	-1	-1	87787	787	899	1462	899	1237	1153	1268	1325	1498	1729	500	200	100	150	50	6000	6090
6092	变异偶像猫	609	65	9	1	0	1000	10	698	350000	-1	-1	728	900000	712	400000	724	350000	-1	-1	-1	-1	-1	-1	-1	-1	-1	-1	-1	-1	-1	-1	87787	831	950	1544	950	1307	1153	1268	1325	1498	1729	500	200	100	150	50	6000	6090
6093	变异偶像猫	609	65	9	1	0	1000	10	698	350000	-1	-1	728	900000	712	400000	724	350000	-1	-1	-1	-1	-1	-1	-1	-1	-1	-1	-1	-1	-1	-1	87787	876	1001	1627	1001	1377	1153	1268	1325	1498	1729	500	200	100	150	50	6000	6090
6094	变异偶像猫	609	65	9	1	0	1000	10	698	350000	-1	-1	728	900000	712	400000	724	350000	-1	-1	-1	-1	-1	-1	-1	-1	-1	-1	-1	-1	-1	-1	87787	920	1052	1710	1052	1447	1153	1268	1325	1498	1729	500	200	100	150	50	6000	6090
6095	变异偶像猫	609	65	9	1	0	1000	10	698	350000	-1	-1	728	900000	712	400000	724	350000	-1	-1	-1	-1	-1	-1	-1	-1	-1	-1	-1	-1	-1	-1	87787	965	1103	1793	1103	1517	1153	1268	1325	1498	1729	500	200	100	150	50	6000	6090
6099	偶像猫宝宝	609	65	9	0	1	1000	10	698	350000	-1	-1	728	900000	712	400000	724	350000	-1	-1	-1	-1	-1	-1	-1	-1	-1	-1	-1	-1	-1	-1	87787	742	848	1379	848	1167	1153	1268	1325	1498	1729	500	200	100	150	50	6000	6090
6100	成年冠军猫	610	75	9	0	0	1000	10	698	400000	-1	-1	728	900000	712	450000	724	400000	-1	-1	-1	-1	-1	-1	-1	-1	-1	-1	-1	-1	-1	-1	91379	771	881	1432	881	1212	1255	1380	1443	1631	1882	500	200	100	150	50	6000	6100
6101	变异冠军猫	610	75	9	1	0	1000	10	698	400000	-1	-1	728	900000	712	450000	724	400000	-1	-1	-1	-1	-1	-1	-1	-1	-1	-1	-1	-1	-1	-1	91379	809	925	1504	925	1272	1255	1380	1443	1631	1882	500	200	100	150	50	6000	6100
6102	变异冠军猫	610	75	9	1	0	1000	10	698	400000	-1	-1	728	900000	712	450000	724	400000	-1	-1	-1	-1	-1	-1	-1	-1	-1	-1	-1	-1	-1	-1	91379	848	969	1575	969	1333	1255	1380	1443	1631	1882	500	200	100	150	50	6000	6100
6103	变异冠军猫	610	75	9	1	0	1000	10	698	400000	-1	-1	728	900000	712	450000	724	400000	-1	-1	-1	-1	-1	-1	-1	-1	-1	-1	-1	-1	-1	-1	91379	887	1013	1647	1013	1394	1255	1380	1443	1631	1882	500	200	100	150	50	6000	6100
6104	变异冠军猫	610	75	9	1	0	1000	10	698	400000	-1	-1	728	900000	712	450000	724	400000	-1	-1	-1	-1	-1	-1	-1	-1	-1	-1	-1	-1	-1	-1	91379	925	1057	1719	1057	1454	1255	1380	1443	1631	1882	500	200	100	150	50	6000	6100
6105	变异冠军猫	610	75	9	1	0	1000	10	698	400000	-1	-1	728	900000	712	450000	724	400000	-1	-1	-1	-1	-1	-1	-1	-1	-1	-1	-1	-1	-1	-1	91379	964	1102	1790	1102	1515	1255	1380	1443	1631	1882	500	200	100	150	50	6000	6100
6106	变异冠军猫	610	75	9	1	0	1000	10	698	400000	-1	-1	728	900000	712	450000	724	400000	-1	-1	-1	-1	-1	-1	-1	-1	-1	-1	-1	-1	-1	-1	91379	1002	1146	1862	1146	1575	1255	1380	1443	1631	1882	500	200	100	150	50	6000	6100
6109	冠军猫宝宝	610	75	9	0	1	1000	10	698	400000	-1	-1	728	900000	712	450000	724	400000	-1	-1	-1	-1	-1	-1	-1	-1	-1	-1	-1	-1	-1	-1	91379	771	881	1432	881	1212	1255	1380	1443	1631	1882	500	200	100	150	50	6000	6100
6110	成年犀鸟	611	5	9	0	0	10	10	688	300000	-1	-1	712	900000	703	250000	706	200000	-1	-1	-1	-1	-1	-1	-1	-1	-1	-1	-1	-1	-1	-1	77012	656	750	1219	750	1031	846	930	972	1099	1269	200	500	150	100	50	6000	6110
6111	变异犀鸟	611	5	9	1	0	10	10	688	300000	-1	-1	712	900000	703	250000	706	200000	-1	-1	-1	-1	-1	-1	-1	-1	-1	-1	-1	-1	-1	-1	77012	755	862	1402	862	1186	846	930	972	1099	1269	200	500	150	100	50	6000	6110
6112	变异犀鸟	611	5	9	1	0	10	10	688	300000	-1	-1	712	900000	703	250000	706	200000	-1	-1	-1	-1	-1	-1	-1	-1	-1	-1	-1	-1	-1	-1	77012	853	975	1585	975	1341	846	930	972	1099	1269	200	500	150	100	50	6000	6110
6119	犀鸟宝宝	611	5	9	0	1	10	10	688	300000	-1	-1	712	900000	703	250000	706	200000	-1	-1	-1	-1	-1	-1	-1	-1	-1	-1	-1	-1	-1	-1	77012	656	750	1219	750	1031	846	930	972	1099	1269	200	500	150	100	50	6000	6110
6120	成年灵犀鸟	612	45	9	0	0	10	10	688	350000	-1	-1	712	900000	703	300000	706	250000	-1	-1	-1	-1	-1	-1	-1	-1	-1	-1	-1	-1	-1	-1	80604	685	783	1272	783	1076	948	1042	1090	1232	1422	200	500	150	100	50	6000	6120
6121	变异灵犀鸟	612	45	9	1	0	10	10	688	350000	-1	-1	712	900000	703	300000	706	250000	-1	-1	-1	-1	-1	-1	-1	-1	-1	-1	-1	-1	-1	-1	80604	753	861	1399	861	1184	948	1042	1090	1232	1422	200	500	150	100	50	6000	6120
6122	变异灵犀鸟	612	45	9	1	0	10	10	688	350000	-1	-1	712	900000	703	300000	706	250000	-1	-1	-1	-1	-1	-1	-1	-1	-1	-1	-1	-1	-1	-1	80604	822	939	1527	939	1292	948	1042	1090	1232	1422	200	500	150	100	50	6000	6120
6123	变异灵犀鸟	612	45	9	1	0	10	10	688	350000	-1	-1	712	900000	703	300000	706	250000	-1	-1	-1	-1	-1	-1	-1	-1	-1	-1	-1	-1	-1	-1	80604	890	1018	1654	1018	1399	948	1042	1090	1232	1422	200	500	150	100	50	6000	6120
6129	灵犀鸟宝宝	612	45	9	0	1	10	10	688	350000	-1	-1	712	900000	703	300000	706	250000	-1	-1	-1	-1	-1	-1	-1	-1	-1	-1	-1	-1	-1	-1	80604	685	783	1272	783	1076	948	1042	1090	1232	1422	200	500	150	100	50	6000	6120
6130	成年珍犀鸟	613	55	9	0	0	10	10	688	400000	-1	-1	712	900000	703	350000	706	300000	-1	-1	-1	-1	-1	-1	-1	-1	-1	-1	-1	-1	-1	-1	84195	714	816	1326	816	1122	1051	1156	1208	1366	1576	200	500	150	100	50	6000	6130
6131	变异珍犀鸟	613	55	9	1	0	10	10	688	400000	-1	-1	712	900000	703	350000	706	300000	-1	-1	-1	-1	-1	-1	-1	-1	-1	-1	-1	-1	-1	-1	84195	767	877	1425	877	1206	1051	1156	1208	1366	1576	200	500	150	100	50	6000	6130
6132	变异珍犀鸟	613	55	9	1	0	10	10	688	400000	-1	-1	712	900000	703	350000	706	300000	-1	-1	-1	-1	-1	-1	-1	-1	-1	-1	-1	-1	-1	-1	84195	821	938	1524	938	1290	1051	1156	1208	1366	1576	200	500	150	100	50	6000	6130
6133	变异珍犀鸟	613	55	9	1	0	10	10	688	400000	-1	-1	712	900000	703	350000	706	300000	-1	-1	-1	-1	-1	-1	-1	-1	-1	-1	-1	-1	-1	-1	84195	874	999	1624	999	1374	1051	1156	1208	1366	1576	200	500	150	100	50	6000	6130
6134	变异珍犀鸟	613	55	9	1	0	10	10	688	400000	-1	-1	712	900000	703	350000	706	300000	-1	-1	-1	-1	-1	-1	-1	-1	-1	-1	-1	-1	-1	-1	84195	928	1060	1723	1060	1458	1051	1156	1208	1366	1576	200	500	150	100	50	6000	6130
6139	珍犀鸟宝宝	613	55	9	0	1	10	10	688	400000	-1	-1	712	900000	703	350000	706	300000	-1	-1	-1	-1	-1	-1	-1	-1	-1	-1	-1	-1	-1	-1	84195	714	816	1326	816	1122	1051	1156	1208	1366	1576	200	500	150	100	50	6000	6130
6140	成年超犀鸟	614	65	9	0	0	10	10	688	450000	-1	-1	712	900000	703	400000	706	350000	-1	-1	-1	-1	-1	-1	-1	-1	-1	-1	-1	-1	-1	-1	87787	742	848	1379	848	1167	1153	1268	1325	1498	1729	200	500	150	100	50	6000	6140
6141	变异超犀鸟	614	65	9	1	0	10	10	688	450000	-1	-1	712	900000	703	400000	706	350000	-1	-1	-1	-1	-1	-1	-1	-1	-1	-1	-1	-1	-1	-1	87787	787	899	1462	899	1237	1153	1268	1325	1498	1729	200	500	150	100	50	6000	6140
6142	变异超犀鸟	614	65	9	1	0	10	10	688	450000	-1	-1	712	900000	703	400000	706	350000	-1	-1	-1	-1	-1	-1	-1	-1	-1	-1	-1	-1	-1	-1	87787	831	950	1544	950	1307	1153	1268	1325	1498	1729	200	500	150	100	50	6000	6140
6143	变异超犀鸟	614	65	9	1	0	10	10	688	450000	-1	-1	712	900000	703	400000	706	350000	-1	-1	-1	-1	-1	-1	-1	-1	-1	-1	-1	-1	-1	-1	87787	876	1001	1627	1001	1377	1153	1268	1325	1498	1729	200	500	150	100	50	6000	6140
6144	变异超犀鸟	614	65	9	1	0	10	10	688	450000	-1	-1	712	900000	703	400000	706	350000	-1	-1	-1	-1	-1	-1	-1	-1	-1	-1	-1	-1	-1	-1	87787	920	1052	1710	1052	1447	1153	1268	1325	1498	1729	200	500	150	100	50	6000	6140
6145	变异超犀鸟	614	65	9	1	0	10	10	688	450000	-1	-1	712	900000	703	400000	706	350000	-1	-1	-1	-1	-1	-1	-1	-1	-1	-1	-1	-1	-1	-1	87787	965	1103	1793	1103	1517	1153	1268	1325	1498	1729	200	500	150	100	50	6000	6140
6149	超犀鸟宝宝	614	65	9	0	1	10	10	688	450000	-1	-1	712	900000	703	400000	706	350000	-1	-1	-1	-1	-1	-1	-1	-1	-1	-1	-1	-1	-1	-1	87787	742	848	1379	848	1167	1153	1268	1325	1498	1729	200	500	150	100	50	6000	6140
6150	成年神犀鸟	615	75	9	0	0	10	10	688	500000	-1	-1	712	900000	703	450000	706	400000	-1	-1	-1	-1	-1	-1	-1	-1	-1	-1	-1	-1	-1	-1	91379	771	881	1432	881	1212	1255	1380	1443	1631	1882	200	500	150	100	50	6000	6150
6151	变异神犀鸟	615	75	9	1	0	10	10	688	500000	-1	-1	712	900000	703	450000	706	400000	-1	-1	-1	-1	-1	-1	-1	-1	-1	-1	-1	-1	-1	-1	91379	809	925	1504	925	1272	1255	1380	1443	1631	1882	200	500	150	100	50	6000	6150
6152	变异神犀鸟	615	75	9	1	0	10	10	688	500000	-1	-1	712	900000	703	450000	706	400000	-1	-1	-1	-1	-1	-1	-1	-1	-1	-1	-1	-1	-1	-1	91379	848	969	1575	969	1333	1255	1380	1443	1631	1882	200	500	150	100	50	6000	6150
6153	变异神犀鸟	615	75	9	1	0	10	10	688	500000	-1	-1	712	900000	703	450000	706	400000	-1	-1	-1	-1	-1	-1	-1	-1	-1	-1	-1	-1	-1	-1	91379	887	1013	1647	1013	1394	1255	1380	1443	1631	1882	200	500	150	100	50	6000	6150
6154	变异神犀鸟	615	75	9	1	0	10	10	688	500000	-1	-1	712	900000	703	450000	706	400000	-1	-1	-1	-1	-1	-1	-1	-1	-1	-1	-1	-1	-1	-1	91379	925	1057	1719	1057	1454	1255	1380	1443	1631	1882	200	500	150	100	50	6000	6150
6155	变异神犀鸟	615	75	9	1	0	10	10	688	500000	-1	-1	712	900000	703	450000	706	400000	-1	-1	-1	-1	-1	-1	-1	-1	-1	-1	-1	-1	-1	-1	91379	964	1102	1790	1102	1515	1255	1380	1443	1631	1882	200	500	150	100	50	6000	6150
6156	变异神犀鸟	615	75	9	1	0	10	10	688	500000	-1	-1	712	900000	703	450000	706	400000	-1	-1	-1	-1	-1	-1	-1	-1	-1	-1	-1	-1	-1	-1	91379	1002	1146	1862	1146	1575	1255	1380	1443	1631	1882	200	500	150	100	50	6000	6150
6159	神犀鸟宝宝	615	75	9	0	1	10	10	688	500000	-1	-1	712	900000	703	450000	706	400000	-1	-1	-1	-1	-1	-1	-1	-1	-1	-1	-1	-1	-1	-1	91379	771	881	1432	881	1212	1255	1380	1443	1631	1882	200	500	150	100	50	6000	6150
6160	成年熊猫	616	5	9	0	0	100	10	690	200000	-1	-1	658	900000	718	250000	728	200000	-1	-1	-1	-1	-1	-1	-1	-1	-1	-1	-1	-1	-1	-1	77012	844	1219	750	750	844	846	930	972	1099	1269	100	200	500	150	50	6000	6160
6161	变异熊猫	616	5	9	1	0	100	10	690	200000	-1	-1	658	900000	718	250000	728	200000	-1	-1	-1	-1	-1	-1	-1	-1	-1	-1	-1	-1	-1	-1	77012	970	1402	862	862	970	846	930	972	1099	1269	100	200	500	150	50	6000	6160
6162	变异熊猫	616	5	9	1	0	100	10	690	200000	-1	-1	658	900000	718	250000	728	200000	-1	-1	-1	-1	-1	-1	-1	-1	-1	-1	-1	-1	-1	-1	77012	1097	1585	975	975	1097	846	930	972	1099	1269	100	200	500	150	50	6000	6160
6169	熊猫宝宝	616	5	9	0	1	100	10	690	200000	-1	-1	658	900000	718	250000	728	200000	-1	-1	-1	-1	-1	-1	-1	-1	-1	-1	-1	-1	-1	-1	77012	844	1219	750	750	844	846	930	972	1099	1269	100	200	500	150	50	6000	6160
6170	成年强熊猫	617	45	9	0	0	100	10	690	250000	-1	-1	658	900000	718	300000	728	250000	-1	-1	-1	-1	-1	-1	-1	-1	-1	-1	-1	-1	-1	-1	80604	881	1272	783	783	881	948	1042	1090	1232	1422	100	200	500	150	50	6000	6170
6171	变异强熊猫	617	45	9	1	0	100	10	690	250000	-1	-1	658	900000	718	300000	728	250000	-1	-1	-1	-1	-1	-1	-1	-1	-1	-1	-1	-1	-1	-1	80604	969	1399	861	861	969	948	1042	1090	1232	1422	100	200	500	150	50	6000	6170
6172	变异强熊猫	617	45	9	1	0	100	10	690	250000	-1	-1	658	900000	718	300000	728	250000	-1	-1	-1	-1	-1	-1	-1	-1	-1	-1	-1	-1	-1	-1	80604	1057	1527	939	939	1057	948	1042	1090	1232	1422	100	200	500	150	50	6000	6170
6173	变异强熊猫	617	45	9	1	0	100	10	690	250000	-1	-1	658	900000	718	300000	728	250000	-1	-1	-1	-1	-1	-1	-1	-1	-1	-1	-1	-1	-1	-1	80604	1145	1654	1018	1018	1145	948	1042	1090	1232	1422	100	200	500	150	50	6000	6170
6179	强熊猫宝宝	617	45	9	0	1	100	10	690	250000	-1	-1	658	900000	718	300000	728	250000	-1	-1	-1	-1	-1	-1	-1	-1	-1	-1	-1	-1	-1	-1	80604	881	1272	783	783	881	948	1042	1090	1232	1422	100	200	500	150	50	6000	6170
6180	成年珍熊猫	618	55	9	0	0	100	10	690	300000	-1	-1	658	900000	718	350000	728	300000	-1	-1	-1	-1	-1	-1	-1	-1	-1	-1	-1	-1	-1	-1	84195	918	1326	816	816	918	1051	1156	1208	1366	1576	100	200	500	150	50	6000	6180
6181	变异珍熊猫	618	55	9	1	0	100	10	690	300000	-1	-1	658	900000	718	350000	728	300000	-1	-1	-1	-1	-1	-1	-1	-1	-1	-1	-1	-1	-1	-1	84195	986	1425	877	877	986	1051	1156	1208	1366	1576	100	200	500	150	50	6000	6180
6182	变异珍熊猫	618	55	9	1	0	100	10	690	300000	-1	-1	658	900000	718	350000	728	300000	-1	-1	-1	-1	-1	-1	-1	-1	-1	-1	-1	-1	-1	-1	84195	1055	1524	938	938	1055	1051	1156	1208	1366	1576	100	200	500	150	50	6000	6180
6183	变异珍熊猫	618	55	9	1	0	100	10	690	300000	-1	-1	658	900000	718	350000	728	300000	-1	-1	-1	-1	-1	-1	-1	-1	-1	-1	-1	-1	-1	-1	84195	1124	1624	999	999	1124	1051	1156	1208	1366	1576	100	200	500	150	50	6000	6180
6184	变异珍熊猫	618	55	9	1	0	100	10	690	300000	-1	-1	658	900000	718	350000	728	300000	-1	-1	-1	-1	-1	-1	-1	-1	-1	-1	-1	-1	-1	-1	84195	1193	1723	1060	1060	1193	1051	1156	1208	1366	1576	100	200	500	150	50	6000	6180
6189	珍熊猫宝宝	618	55	9	0	1	100	10	690	300000	-1	-1	658	900000	718	350000	728	300000	-1	-1	-1	-1	-1	-1	-1	-1	-1	-1	-1	-1	-1	-1	84195	918	1326	816	816	918	1051	1156	1208	1366	1576	100	200	500	150	50	6000	6180
6190	成年超熊猫	619	65	9	0	0	100	10	690	350000	-1	-1	658	900000	718	400000	728	350000	-1	-1	-1	-1	-1	-1	-1	-1	-1	-1	-1	-1	-1	-1	87787	954	1379	848	848	954	1153	1268	1325	1498	1729	100	200	500	150	50	6000	6190
6191	变异超熊猫	619	65	9	1	0	100	10	690	350000	-1	-1	658	900000	718	400000	728	350000	-1	-1	-1	-1	-1	-1	-1	-1	-1	-1	-1	-1	-1	-1	87787	1012	1462	899	899	1012	1153	1268	1325	1498	1729	100	200	500	150	50	6000	6190
6192	变异超熊猫	619	65	9	1	0	100	10	690	350000	-1	-1	658	900000	718	400000	728	350000	-1	-1	-1	-1	-1	-1	-1	-1	-1	-1	-1	-1	-1	-1	87787	1069	1544	950	950	1069	1153	1268	1325	1498	1729	100	200	500	150	50	6000	6190
6193	变异超熊猫	619	65	9	1	0	100	10	690	350000	-1	-1	658	900000	718	400000	728	350000	-1	-1	-1	-1	-1	-1	-1	-1	-1	-1	-1	-1	-1	-1	87787	1126	1627	1001	1001	1126	1153	1268	1325	1498	1729	100	200	500	150	50	6000	6190
6194	变异超熊猫	619	65	9	1	0	100	10	690	350000	-1	-1	658	900000	718	400000	728	350000	-1	-1	-1	-1	-1	-1	-1	-1	-1	-1	-1	-1	-1	-1	87787	1184	1710	1052	1052	1184	1153	1268	1325	1498	1729	100	200	500	150	50	6000	6190
6195	变异超熊猫	619	65	9	1	0	100	10	690	350000	-1	-1	658	900000	718	400000	728	350000	-1	-1	-1	-1	-1	-1	-1	-1	-1	-1	-1	-1	-1	-1	87787	1241	1793	1103	1103	1241	1153	1268	1325	1498	1729	100	200	500	150	50	6000	6190
6199	超熊猫宝宝	619	65	9	0	1	100	10	690	350000	-1	-1	658	900000	718	400000	728	350000	-1	-1	-1	-1	-1	-1	-1	-1	-1	-1	-1	-1	-1	-1	87787	954	1379	848	848	954	1153	1268	1325	1498	1729	100	200	500	150	50	6000	6190
6200	成年神熊猫	620	75	9	0	0	100	10	690	400000	-1	-1	658	900000	718	450000	728	400000	-1	-1	-1	-1	-1	-1	-1	-1	-1	-1	-1	-1	-1	-1	91379	991	1432	881	881	991	1255	1380	1443	1631	1882	100	200	500	150	50	6000	6200
6201	变异神熊猫	620	75	9	1	0	100	10	690	400000	-1	-1	658	900000	718	450000	728	400000	-1	-1	-1	-1	-1	-1	-1	-1	-1	-1	-1	-1	-1	-1	91379	1041	1504	925	925	1041	1255	1380	1443	1631	1882	100	200	500	150	50	6000	6200
6202	变异神熊猫	620	75	9	1	0	100	10	690	400000	-1	-1	658	900000	718	450000	728	400000	-1	-1	-1	-1	-1	-1	-1	-1	-1	-1	-1	-1	-1	-1	91379	1090	1575	969	969	1090	1255	1380	1443	1631	1882	100	200	500	150	50	6000	6200
6203	变异神熊猫	620	75	9	1	0	100	10	690	400000	-1	-1	658	900000	718	450000	728	400000	-1	-1	-1	-1	-1	-1	-1	-1	-1	-1	-1	-1	-1	-1	91379	1140	1647	1013	1013	1140	1255	1380	1443	1631	1882	100	200	500	150	50	6000	6200
6204	变异神熊猫	620	75	9	1	0	100	10	690	400000	-1	-1	658	900000	718	450000	728	400000	-1	-1	-1	-1	-1	-1	-1	-1	-1	-1	-1	-1	-1	-1	91379	1190	1719	1057	1057	1190	1255	1380	1443	1631	1882	100	200	500	150	50	6000	6200
6205	变异神熊猫	620	75	9	1	0	100	10	690	400000	-1	-1	658	900000	718	450000	728	400000	-1	-1	-1	-1	-1	-1	-1	-1	-1	-1	-1	-1	-1	-1	91379	1239	1790	1102	1102	1239	1255	1380	1443	1631	1882	100	200	500	150	50	6000	6200
6206	变异神熊猫	620	75	9	1	0	100	10	690	400000	-1	-1	658	900000	718	450000	728	400000	-1	-1	-1	-1	-1	-1	-1	-1	-1	-1	-1	-1	-1	-1	91379	1289	1862	1146	1146	1289	1255	1380	1443	1631	1882	100	200	500	150	50	6000	6200
6209	神熊猫宝宝	620	75	9	0	1	100	10	690	400000	-1	-1	658	900000	718	450000	728	400000	-1	-1	-1	-1	-1	-1	-1	-1	-1	-1	-1	-1	-1	-1	91379	991	1432	881	881	991	1255	1380	1443	1631	1882	100	200	500	150	50	6000	6200
6210	成年螃蟹	621	5	9	0	0	10	10	684	200000	-1	-1	726	900000	661	250000	702	150000	-1	-1	-1	-1	-1	-1	-1	-1	-1	-1	-1	-1	-1	-1	77012	1219	1031	656	844	656	846	930	972	1099	1269	50	500	100	150	200	6000	6210
6211	变异螃蟹	621	5	9	1	0	10	10	684	200000	-1	-1	726	900000	661	250000	702	150000	-1	-1	-1	-1	-1	-1	-1	-1	-1	-1	-1	-1	-1	-1	77012	1402	1186	755	970	755	846	930	972	1099	1269	50	500	100	150	200	6000	6210
6212	变异螃蟹	621	5	9	1	0	10	10	684	200000	-1	-1	726	900000	661	250000	702	150000	-1	-1	-1	-1	-1	-1	-1	-1	-1	-1	-1	-1	-1	-1	77012	1585	1341	853	1097	853	846	930	972	1099	1269	50	500	100	150	200	6000	6210
6219	螃蟹宝宝	621	5	9	0	1	10	10	684	200000	-1	-1	726	900000	661	250000	702	150000	-1	-1	-1	-1	-1	-1	-1	-1	-1	-1	-1	-1	-1	-1	77012	1219	1031	656	844	656	846	930	972	1099	1269	50	500	100	150	200	6000	6210
6220	成年青蟹	622	45	9	0	0	10	10	684	250000	-1	-1	726	900000	661	300000	702	200000	-1	-1	-1	-1	-1	-1	-1	-1	-1	-1	-1	-1	-1	-1	80604	1272	1076	685	881	685	948	1042	1090	1232	1422	50	500	100	150	200	6000	6220
6221	变异青蟹	622	45	9	1	0	10	10	684	250000	-1	-1	726	900000	661	300000	702	200000	-1	-1	-1	-1	-1	-1	-1	-1	-1	-1	-1	-1	-1	-1	80604	1399	1184	753	969	753	948	1042	1090	1232	1422	50	500	100	150	200	6000	6220
6222	变异青蟹	622	45	9	1	0	10	10	684	250000	-1	-1	726	900000	661	300000	702	200000	-1	-1	-1	-1	-1	-1	-1	-1	-1	-1	-1	-1	-1	-1	80604	1527	1292	822	1057	822	948	1042	1090	1232	1422	50	500	100	150	200	6000	6220
6223	变异青蟹	622	45	9	1	0	10	10	684	250000	-1	-1	726	900000	661	300000	702	200000	-1	-1	-1	-1	-1	-1	-1	-1	-1	-1	-1	-1	-1	-1	80604	1654	1399	890	1145	890	948	1042	1090	1232	1422	50	500	100	150	200	6000	6220
6229	青蟹宝宝	622	45	9	0	1	10	10	684	250000	-1	-1	726	900000	661	300000	702	200000	-1	-1	-1	-1	-1	-1	-1	-1	-1	-1	-1	-1	-1	-1	80604	1272	1076	685	881	685	948	1042	1090	1232	1422	50	500	100	150	200	6000	6220
6230	成年大闸蟹	623	55	9	0	0	10	10	684	300000	-1	-1	726	900000	661	350000	702	250000	-1	-1	-1	-1	-1	-1	-1	-1	-1	-1	-1	-1	-1	-1	84195	1326	1122	714	918	714	1051	1156	1208	1366	1576	50	500	100	150	200	6000	6230
6231	变异大闸蟹	623	55	9	1	0	10	10	684	300000	-1	-1	726	900000	661	350000	702	250000	-1	-1	-1	-1	-1	-1	-1	-1	-1	-1	-1	-1	-1	-1	84195	1425	1206	767	986	767	1051	1156	1208	1366	1576	50	500	100	150	200	6000	6230
6232	变异大闸蟹	623	55	9	1	0	10	10	684	300000	-1	-1	726	900000	661	350000	702	250000	-1	-1	-1	-1	-1	-1	-1	-1	-1	-1	-1	-1	-1	-1	84195	1524	1290	821	1055	821	1051	1156	1208	1366	1576	50	500	100	150	200	6000	6230
6233	变异大闸蟹	623	55	9	1	0	10	10	684	300000	-1	-1	726	900000	661	350000	702	250000	-1	-1	-1	-1	-1	-1	-1	-1	-1	-1	-1	-1	-1	-1	84195	1624	1374	874	1124	874	1051	1156	1208	1366	1576	50	500	100	150	200	6000	6230
6234	变异大闸蟹	623	55	9	1	0	10	10	684	300000	-1	-1	726	900000	661	350000	702	250000	-1	-1	-1	-1	-1	-1	-1	-1	-1	-1	-1	-1	-1	-1	84195	1723	1458	928	1193	928	1051	1156	1208	1366	1576	50	500	100	150	200	6000	6230
6239	大闸蟹宝宝	623	55	9	0	1	10	10	684	300000	-1	-1	726	900000	661	350000	702	250000	-1	-1	-1	-1	-1	-1	-1	-1	-1	-1	-1	-1	-1	-1	84195	1326	1122	714	918	714	1051	1156	1208	1366	1576	50	500	100	150	200	6000	6230
6240	成年潮行蟹	624	65	9	0	0	10	10	684	350000	-1	-1	726	900000	661	400000	702	300000	-1	-1	-1	-1	-1	-1	-1	-1	-1	-1	-1	-1	-1	-1	87787	1379	1167	742	954	742	1153	1268	1325	1498	1729	50	500	100	150	200	6000	6240
6241	变异潮行蟹	624	65	9	1	0	10	10	684	350000	-1	-1	726	900000	661	400000	702	300000	-1	-1	-1	-1	-1	-1	-1	-1	-1	-1	-1	-1	-1	-1	87787	1462	1237	787	1012	787	1153	1268	1325	1498	1729	50	500	100	150	200	6000	6240
6242	变异潮行蟹	624	65	9	1	0	10	10	684	350000	-1	-1	726	900000	661	400000	702	300000	-1	-1	-1	-1	-1	-1	-1	-1	-1	-1	-1	-1	-1	-1	87787	1544	1307	831	1069	831	1153	1268	1325	1498	1729	50	500	100	150	200	6000	6240
6243	变异潮行蟹	624	65	9	1	0	10	10	684	350000	-1	-1	726	900000	661	400000	702	300000	-1	-1	-1	-1	-1	-1	-1	-1	-1	-1	-1	-1	-1	-1	87787	1627	1377	876	1126	876	1153	1268	1325	1498	1729	50	500	100	150	200	6000	6240
6244	变异潮行蟹	624	65	9	1	0	10	10	684	350000	-1	-1	726	900000	661	400000	702	300000	-1	-1	-1	-1	-1	-1	-1	-1	-1	-1	-1	-1	-1	-1	87787	1710	1447	920	1184	920	1153	1268	1325	1498	1729	50	500	100	150	200	6000	6240
6245	变异潮行蟹	624	65	9	1	0	10	10	684	350000	-1	-1	726	900000	661	400000	702	300000	-1	-1	-1	-1	-1	-1	-1	-1	-1	-1	-1	-1	-1	-1	87787	1793	1517	965	1241	965	1153	1268	1325	1498	1729	50	500	100	150	200	6000	6240
6249	潮行蟹宝宝	624	65	9	0	1	10	10	684	350000	-1	-1	726	900000	661	400000	702	300000	-1	-1	-1	-1	-1	-1	-1	-1	-1	-1	-1	-1	-1	-1	87787	1379	1167	742	954	742	1153	1268	1325	1498	1729	50	500	100	150	200	6000	6240
6250	成年绒螯蟹	625	75	9	0	0	10	10	684	400000	-1	-1	726	900000	661	450000	702	350000	-1	-1	-1	-1	-1	-1	-1	-1	-1	-1	-1	-1	-1	-1	91379	1432	1212	771	991	771	1255	1380	1443	1631	1882	50	500	100	150	200	6000	6250
6251	变异绒螯蟹	625	75	9	1	0	10	10	684	400000	-1	-1	726	900000	661	450000	702	350000	-1	-1	-1	-1	-1	-1	-1	-1	-1	-1	-1	-1	-1	-1	91379	1504	1272	809	1041	809	1255	1380	1443	1631	1882	50	500	100	150	200	6000	6250
6252	变异绒螯蟹	625	75	9	1	0	10	10	684	400000	-1	-1	726	900000	661	450000	702	350000	-1	-1	-1	-1	-1	-1	-1	-1	-1	-1	-1	-1	-1	-1	91379	1575	1333	848	1090	848	1255	1380	1443	1631	1882	50	500	100	150	200	6000	6250
6253	变异绒螯蟹	625	75	9	1	0	10	10	684	400000	-1	-1	726	900000	661	450000	702	350000	-1	-1	-1	-1	-1	-1	-1	-1	-1	-1	-1	-1	-1	-1	91379	1647	1394	887	1140	887	1255	1380	1443	1631	1882	50	500	100	150	200	6000	6250
6254	变异绒螯蟹	625	75	9	1	0	10	10	684	400000	-1	-1	726	900000	661	450000	702	350000	-1	-1	-1	-1	-1	-1	-1	-1	-1	-1	-1	-1	-1	-1	91379	1719	1454	925	1190	925	1255	1380	1443	1631	1882	50	500	100	150	200	6000	6250
6255	变异绒螯蟹	625	75	9	1	0	10	10	684	400000	-1	-1	726	900000	661	450000	702	350000	-1	-1	-1	-1	-1	-1	-1	-1	-1	-1	-1	-1	-1	-1	91379	1790	1515	964	1239	964	1255	1380	1443	1631	1882	50	500	100	150	200	6000	6250
6256	变异绒螯蟹	625	75	9	1	0	10	10	684	400000	-1	-1	726	900000	661	450000	702	350000	-1	-1	-1	-1	-1	-1	-1	-1	-1	-1	-1	-1	-1	-1	91379	1862	1575	1002	1289	1002	1255	1380	1443	1631	1882	50	500	100	150	200	6000	6250
6259	绒螯蟹宝宝	625	75	9	0	1	10	10	684	400000	-1	-1	726	900000	661	450000	702	350000	-1	-1	-1	-1	-1	-1	-1	-1	-1	-1	-1	-1	-1	-1	91379	1432	1212	771	991	771	1255	1380	1443	1631	1882	50	500	100	150	200	6000	6250
6260	成年粉蝶	626	5	9	0	0	100	10	700	200000	-1	-1	704	900000	712	400000	660	100000	-1	-1	-1	-1	-1	-1	-1	-1	-1	-1	-1	-1	-1	-1	77012	656	750	1219	750	1031	846	930	972	1099	1269	500	200	150	100	50	6000	6260
6261	变异粉蝶	626	5	9	1	0	100	10	700	200000	-1	-1	704	900000	712	400000	660	100000	-1	-1	-1	-1	-1	-1	-1	-1	-1	-1	-1	-1	-1	-1	77012	755	862	1402	862	1186	846	930	972	1099	1269	500	200	150	100	50	6000	6260
6262	变异粉蝶	626	5	9	1	0	100	10	700	200000	-1	-1	704	900000	712	400000	660	100000	-1	-1	-1	-1	-1	-1	-1	-1	-1	-1	-1	-1	-1	-1	77012	853	975	1585	975	1341	846	930	972	1099	1269	500	200	150	100	50	6000	6260
6269	粉蝶宝宝	626	5	9	0	1	100	10	700	200000	-1	-1	704	900000	712	400000	660	100000	-1	-1	-1	-1	-1	-1	-1	-1	-1	-1	-1	-1	-1	-1	77012	656	750	1219	750	1031	846	930	972	1099	1269	500	200	150	100	50	6000	6260
6270	成年斑蝶	627	45	9	0	0	100	10	700	250000	-1	-1	704	900000	712	450000	660	150000	-1	-1	-1	-1	-1	-1	-1	-1	-1	-1	-1	-1	-1	-1	80604	685	783	1272	783	1076	948	1042	1090	1232	1422	500	200	150	100	50	6000	6270
6271	变异斑蝶	627	45	9	1	0	100	10	700	250000	-1	-1	704	900000	712	450000	660	150000	-1	-1	-1	-1	-1	-1	-1	-1	-1	-1	-1	-1	-1	-1	80604	753	861	1399	861	1184	948	1042	1090	1232	1422	500	200	150	100	50	6000	6270
6272	变异斑蝶	627	45	9	1	0	100	10	700	250000	-1	-1	704	900000	712	450000	660	150000	-1	-1	-1	-1	-1	-1	-1	-1	-1	-1	-1	-1	-1	-1	80604	822	939	1527	939	1292	948	1042	1090	1232	1422	500	200	150	100	50	6000	6270
6273	变异斑蝶	627	45	9	1	0	100	10	700	250000	-1	-1	704	900000	712	450000	660	150000	-1	-1	-1	-1	-1	-1	-1	-1	-1	-1	-1	-1	-1	-1	80604	890	1018	1654	1018	1399	948	1042	1090	1232	1422	500	200	150	100	50	6000	6270
6279	斑蝶宝宝	627	45	9	0	1	100	10	700	250000	-1	-1	704	900000	712	450000	660	150000	-1	-1	-1	-1	-1	-1	-1	-1	-1	-1	-1	-1	-1	-1	80604	685	783	1272	783	1076	948	1042	1090	1232	1422	500	200	150	100	50	6000	6270
6280	成年绢蝶	628	55	9	0	0	100	10	700	300000	-1	-1	704	900000	712	500000	660	200000	-1	-1	-1	-1	-1	-1	-1	-1	-1	-1	-1	-1	-1	-1	84195	714	816	1326	816	1122	1051	1156	1208	1366	1576	500	200	150	100	50	6000	6280
6281	变异绢蝶	628	55	9	1	0	100	10	700	300000	-1	-1	704	900000	712	500000	660	200000	-1	-1	-1	-1	-1	-1	-1	-1	-1	-1	-1	-1	-1	-1	84195	767	877	1425	877	1206	1051	1156	1208	1366	1576	500	200	150	100	50	6000	6280
6282	变异绢蝶	628	55	9	1	0	100	10	700	300000	-1	-1	704	900000	712	500000	660	200000	-1	-1	-1	-1	-1	-1	-1	-1	-1	-1	-1	-1	-1	-1	84195	821	938	1524	938	1290	1051	1156	1208	1366	1576	500	200	150	100	50	6000	6280
6283	变异绢蝶	628	55	9	1	0	100	10	700	300000	-1	-1	704	900000	712	500000	660	200000	-1	-1	-1	-1	-1	-1	-1	-1	-1	-1	-1	-1	-1	-1	84195	874	999	1624	999	1374	1051	1156	1208	1366	1576	500	200	150	100	50	6000	6280
6284	变异绢蝶	628	55	9	1	0	100	10	700	300000	-1	-1	704	900000	712	500000	660	200000	-1	-1	-1	-1	-1	-1	-1	-1	-1	-1	-1	-1	-1	-1	84195	928	1060	1723	1060	1458	1051	1156	1208	1366	1576	500	200	150	100	50	6000	6280
6289	绢蝶宝宝	628	55	9	0	1	100	10	700	300000	-1	-1	704	900000	712	500000	660	200000	-1	-1	-1	-1	-1	-1	-1	-1	-1	-1	-1	-1	-1	-1	84195	714	816	1326	816	1122	1051	1156	1208	1366	1576	500	200	150	100	50	6000	6280
6290	成年环蝶	629	65	9	0	0	100	10	700	350000	-1	-1	704	900000	712	550000	660	250000	-1	-1	-1	-1	-1	-1	-1	-1	-1	-1	-1	-1	-1	-1	87787	742	848	1379	848	1167	1153	1268	1325	1498	1729	500	200	150	100	50	6000	6290
6291	变异环蝶	629	65	9	1	0	100	10	700	350000	-1	-1	704	900000	712	550000	660	250000	-1	-1	-1	-1	-1	-1	-1	-1	-1	-1	-1	-1	-1	-1	87787	787	899	1462	899	1237	1153	1268	1325	1498	1729	500	200	150	100	50	6000	6290
6292	变异环蝶	629	65	9	1	0	100	10	700	350000	-1	-1	704	900000	712	550000	660	250000	-1	-1	-1	-1	-1	-1	-1	-1	-1	-1	-1	-1	-1	-1	87787	831	950	1544	950	1307	1153	1268	1325	1498	1729	500	200	150	100	50	6000	6290
6293	变异环蝶	629	65	9	1	0	100	10	700	350000	-1	-1	704	900000	712	550000	660	250000	-1	-1	-1	-1	-1	-1	-1	-1	-1	-1	-1	-1	-1	-1	87787	876	1001	1627	1001	1377	1153	1268	1325	1498	1729	500	200	150	100	50	6000	6290
6294	变异环蝶	629	65	9	1	0	100	10	700	350000	-1	-1	704	900000	712	550000	660	250000	-1	-1	-1	-1	-1	-1	-1	-1	-1	-1	-1	-1	-1	-1	87787	920	1052	1710	1052	1447	1153	1268	1325	1498	1729	500	200	150	100	50	6000	6290
6295	变异环蝶	629	65	9	1	0	100	10	700	350000	-1	-1	704	900000	712	550000	660	250000	-1	-1	-1	-1	-1	-1	-1	-1	-1	-1	-1	-1	-1	-1	87787	965	1103	1793	1103	1517	1153	1268	1325	1498	1729	500	200	150	100	50	6000	6290
6299	环蝶宝宝	629	65	9	0	1	100	10	700	350000	-1	-1	704	900000	712	550000	660	250000	-1	-1	-1	-1	-1	-1	-1	-1	-1	-1	-1	-1	-1	-1	87787	742	848	1379	848	1167	1153	1268	1325	1498	1729	500	200	150	100	50	6000	6290
6300	成年凤尾蝶	630	75	9	0	0	100	10	700	400000	-1	-1	704	900000	712	600000	660	300000	-1	-1	-1	-1	-1	-1	-1	-1	-1	-1	-1	-1	-1	-1	91379	771	881	1432	881	1212	1255	1380	1443	1631	1882	500	200	150	100	50	6000	6300
6301	变异凤尾蝶	630	75	9	1	0	100	10	700	400000	-1	-1	704	900000	712	600000	660	300000	-1	-1	-1	-1	-1	-1	-1	-1	-1	-1	-1	-1	-1	-1	91379	809	925	1504	925	1272	1255	1380	1443	1631	1882	500	200	150	100	50	6000	6300
6302	变异凤尾蝶	630	75	9	1	0	100	10	700	400000	-1	-1	704	900000	712	600000	660	300000	-1	-1	-1	-1	-1	-1	-1	-1	-1	-1	-1	-1	-1	-1	91379	848	969	1575	969	1333	1255	1380	1443	1631	1882	500	200	150	100	50	6000	6300
6303	变异凤尾蝶	630	75	9	1	0	100	10	700	400000	-1	-1	704	900000	712	600000	660	300000	-1	-1	-1	-1	-1	-1	-1	-1	-1	-1	-1	-1	-1	-1	91379	887	1013	1647	1013	1394	1255	1380	1443	1631	1882	500	200	150	100	50	6000	6300
6304	变异凤尾蝶	630	75	9	1	0	100	10	700	400000	-1	-1	704	900000	712	600000	660	300000	-1	-1	-1	-1	-1	-1	-1	-1	-1	-1	-1	-1	-1	-1	91379	925	1057	1719	1057	1454	1255	1380	1443	1631	1882	500	200	150	100	50	6000	6300
6305	变异凤尾蝶	630	75	9	1	0	100	10	700	400000	-1	-1	704	900000	712	600000	660	300000	-1	-1	-1	-1	-1	-1	-1	-1	-1	-1	-1	-1	-1	-1	91379	964	1102	1790	1102	1515	1255	1380	1443	1631	1882	500	200	150	100	50	6000	6300
6306	变异凤尾蝶	630	75	9	1	0	100	10	700	400000	-1	-1	704	900000	712	600000	660	300000	-1	-1	-1	-1	-1	-1	-1	-1	-1	-1	-1	-1	-1	-1	91379	1002	1146	1862	1146	1575	1255	1380	1443	1631	1882	500	200	150	100	50	6000	6300
6309	凤尾蝶宝宝	630	75	9	0	1	100	10	700	400000	-1	-1	704	900000	712	600000	660	300000	-1	-1	-1	-1	-1	-1	-1	-1	-1	-1	-1	-1	-1	-1	91379	771	881	1432	881	1212	1255	1380	1443	1631	1882	500	200	150	100	50	6000	6300
6310	成年蜗牛	631	5	9	0	0	100	10	686	900000	-1	-1	656	400000	728	250000	716	100000	-1	-1	-1	-1	-1	-1	-1	-1	-1	-1	-1	-1	-1	-1	77012	844	1219	750	750	844	846	930	972	1099	1269	200	500	150	100	50	6000	6310
6311	变异蜗牛	631	5	9	1	0	100	10	686	900000	-1	-1	656	400000	728	250000	716	100000	-1	-1	-1	-1	-1	-1	-1	-1	-1	-1	-1	-1	-1	-1	77012	970	1402	862	862	970	846	930	972	1099	1269	200	500	150	100	50	6000	6310
6312	变异蜗牛	631	5	9	1	0	100	10	686	900000	-1	-1	656	400000	728	250000	716	100000	-1	-1	-1	-1	-1	-1	-1	-1	-1	-1	-1	-1	-1	-1	77012	1097	1585	975	975	1097	846	930	972	1099	1269	200	500	150	100	50	6000	6310
6319	蜗牛宝宝	631	5	9	0	1	100	10	686	900000	-1	-1	656	400000	728	250000	716	100000	-1	-1	-1	-1	-1	-1	-1	-1	-1	-1	-1	-1	-1	-1	77012	844	1219	750	750	844	846	930	972	1099	1269	200	500	150	100	50	6000	6310
6320	成年壮蜗牛	632	45	9	0	0	100	10	686	900000	-1	-1	656	450000	728	300000	716	150000	-1	-1	-1	-1	-1	-1	-1	-1	-1	-1	-1	-1	-1	-1	80604	881	1272	783	783	881	948	1042	1090	1232	1422	200	500	150	100	50	6000	6320
6321	变异壮蜗牛	632	45	9	1	0	100	10	686	900000	-1	-1	656	450000	728	300000	716	150000	-1	-1	-1	-1	-1	-1	-1	-1	-1	-1	-1	-1	-1	-1	80604	969	1399	861	861	969	948	1042	1090	1232	1422	200	500	150	100	50	6000	6320
6322	变异壮蜗牛	632	45	9	1	0	100	10	686	900000	-1	-1	656	450000	728	300000	716	150000	-1	-1	-1	-1	-1	-1	-1	-1	-1	-1	-1	-1	-1	-1	80604	1057	1527	939	939	1057	948	1042	1090	1232	1422	200	500	150	100	50	6000	6320
6323	变异壮蜗牛	632	45	9	1	0	100	10	686	900000	-1	-1	656	450000	728	300000	716	150000	-1	-1	-1	-1	-1	-1	-1	-1	-1	-1	-1	-1	-1	-1	80604	1145	1654	1018	1018	1145	948	1042	1090	1232	1422	200	500	150	100	50	6000	6320
6329	壮蜗牛宝宝	632	45	9	0	1	100	10	686	900000	-1	-1	656	450000	728	300000	716	150000	-1	-1	-1	-1	-1	-1	-1	-1	-1	-1	-1	-1	-1	-1	80604	881	1272	783	783	881	948	1042	1090	1232	1422	200	500	150	100	50	6000	6320
6330	成年珍蜗牛	633	55	9	0	0	100	10	686	900000	-1	-1	656	500000	728	350000	716	200000	-1	-1	-1	-1	-1	-1	-1	-1	-1	-1	-1	-1	-1	-1	84195	918	1326	816	816	918	1051	1156	1208	1366	1576	200	500	150	100	50	6000	6330
6331	变异珍蜗牛	633	55	9	1	0	100	10	686	900000	-1	-1	656	500000	728	350000	716	200000	-1	-1	-1	-1	-1	-1	-1	-1	-1	-1	-1	-1	-1	-1	84195	986	1425	877	877	986	1051	1156	1208	1366	1576	200	500	150	100	50	6000	6330
6332	变异珍蜗牛	633	55	9	1	0	100	10	686	900000	-1	-1	656	500000	728	350000	716	200000	-1	-1	-1	-1	-1	-1	-1	-1	-1	-1	-1	-1	-1	-1	84195	1055	1524	938	938	1055	1051	1156	1208	1366	1576	200	500	150	100	50	6000	6330
6333	变异珍蜗牛	633	55	9	1	0	100	10	686	900000	-1	-1	656	500000	728	350000	716	200000	-1	-1	-1	-1	-1	-1	-1	-1	-1	-1	-1	-1	-1	-1	84195	1124	1624	999	999	1124	1051	1156	1208	1366	1576	200	500	150	100	50	6000	6330
6334	变异珍蜗牛	633	55	9	1	0	100	10	686	900000	-1	-1	656	500000	728	350000	716	200000	-1	-1	-1	-1	-1	-1	-1	-1	-1	-1	-1	-1	-1	-1	84195	1193	1723	1060	1060	1193	1051	1156	1208	1366	1576	200	500	150	100	50	6000	6330
6339	珍蜗牛宝宝	633	55	9	0	1	100	10	686	900000	-1	-1	656	500000	728	350000	716	200000	-1	-1	-1	-1	-1	-1	-1	-1	-1	-1	-1	-1	-1	-1	84195	918	1326	816	816	918	1051	1156	1208	1366	1576	200	500	150	100	50	6000	6330
6340	成年超蜗牛	634	65	9	0	0	100	10	686	900000	-1	-1	656	550000	728	400000	716	250000	-1	-1	-1	-1	-1	-1	-1	-1	-1	-1	-1	-1	-1	-1	87787	954	1379	848	848	954	1153	1268	1325	1498	1729	200	500	150	100	50	6000	6340
6341	变异超蜗牛	634	65	9	1	0	100	10	686	900000	-1	-1	656	550000	728	400000	716	250000	-1	-1	-1	-1	-1	-1	-1	-1	-1	-1	-1	-1	-1	-1	87787	1012	1462	899	899	1012	1153	1268	1325	1498	1729	200	500	150	100	50	6000	6340
6342	变异超蜗牛	634	65	9	1	0	100	10	686	900000	-1	-1	656	550000	728	400000	716	250000	-1	-1	-1	-1	-1	-1	-1	-1	-1	-1	-1	-1	-1	-1	87787	1069	1544	950	950	1069	1153	1268	1325	1498	1729	200	500	150	100	50	6000	6340
6343	变异超蜗牛	634	65	9	1	0	100	10	686	900000	-1	-1	656	550000	728	400000	716	250000	-1	-1	-1	-1	-1	-1	-1	-1	-1	-1	-1	-1	-1	-1	87787	1126	1627	1001	1001	1126	1153	1268	1325	1498	1729	200	500	150	100	50	6000	6340
6344	变异超蜗牛	634	65	9	1	0	100	10	686	900000	-1	-1	656	550000	728	400000	716	250000	-1	-1	-1	-1	-1	-1	-1	-1	-1	-1	-1	-1	-1	-1	87787	1184	1710	1052	1052	1184	1153	1268	1325	1498	1729	200	500	150	100	50	6000	6340
6345	变异超蜗牛	634	65	9	1	0	100	10	686	900000	-1	-1	656	550000	728	400000	716	250000	-1	-1	-1	-1	-1	-1	-1	-1	-1	-1	-1	-1	-1	-1	87787	1241	1793	1103	1103	1241	1153	1268	1325	1498	1729	200	500	150	100	50	6000	6340
6349	超蜗牛宝宝	634	65	9	0	1	100	10	686	900000	-1	-1	656	550000	728	400000	716	250000	-1	-1	-1	-1	-1	-1	-1	-1	-1	-1	-1	-1	-1	-1	87787	954	1379	848	848	954	1153	1268	1325	1498	1729	200	500	150	100	50	6000	6340
6350	成年神蜗牛	635	75	9	0	0	100	10	686	900000	-1	-1	656	600000	728	450000	716	300000	-1	-1	-1	-1	-1	-1	-1	-1	-1	-1	-1	-1	-1	-1	91379	991	1432	881	881	991	1255	1380	1443	1631	1882	200	500	150	100	50	6000	6350
6351	变异神蜗牛	635	75	9	1	0	100	10	686	900000	-1	-1	656	600000	728	450000	716	300000	-1	-1	-1	-1	-1	-1	-1	-1	-1	-1	-1	-1	-1	-1	91379	1041	1504	925	925	1041	1255	1380	1443	1631	1882	200	500	150	100	50	6000	6350
6352	变异神蜗牛	635	75	9	1	0	100	10	686	900000	-1	-1	656	600000	728	450000	716	300000	-1	-1	-1	-1	-1	-1	-1	-1	-1	-1	-1	-1	-1	-1	91379	1090	1575	969	969	1090	1255	1380	1443	1631	1882	200	500	150	100	50	6000	6350
6353	变异神蜗牛	635	75	9	1	0	100	10	686	900000	-1	-1	656	600000	728	450000	716	300000	-1	-1	-1	-1	-1	-1	-1	-1	-1	-1	-1	-1	-1	-1	91379	1140	1647	1013	1013	1140	1255	1380	1443	1631	1882	200	500	150	100	50	6000	6350
6354	变异神蜗牛	635	75	9	1	0	100	10	686	900000	-1	-1	656	600000	728	450000	716	300000	-1	-1	-1	-1	-1	-1	-1	-1	-1	-1	-1	-1	-1	-1	91379	1190	1719	1057	1057	1190	1255	1380	1443	1631	1882	200	500	150	100	50	6000	6350
6355	变异神蜗牛	635	75	9	1	0	100	10	686	900000	-1	-1	656	600000	728	450000	716	300000	-1	-1	-1	-1	-1	-1	-1	-1	-1	-1	-1	-1	-1	-1	91379	1239	1790	1102	1102	1239	1255	1380	1443	1631	1882	200	500	150	100	50	6000	6350
6356	变异神蜗牛	635	75	9	1	0	100	10	686	900000	-1	-1	656	600000	728	450000	716	300000	-1	-1	-1	-1	-1	-1	-1	-1	-1	-1	-1	-1	-1	-1	91379	1289	1862	1146	1146	1289	1255	1380	1443	1631	1882	200	500	150	100	50	6000	6350
6359	神蜗牛宝宝	635	75	9	0	1	100	10	686	900000	-1	-1	656	600000	728	450000	716	300000	-1	-1	-1	-1	-1	-1	-1	-1	-1	-1	-1	-1	-1	-1	91379	991	1432	881	881	991	1255	1380	1443	1631	1882	200	500	150	100	50	6000	6350
6360	成年毒蝎	636	5	9	0	0	10	10	694	200000	-1	-1	659	900000	726	400000	704	100000	-1	-1	-1	-1	-1	-1	-1	-1	-1	-1	-1	-1	-1	-1	77012	1219	1031	656	844	656	846	930	972	1099	1269	100	500	50	150	200	6000	6360
6361	变异毒蝎	636	5	9	1	0	10	10	694	200000	-1	-1	659	900000	726	400000	704	100000	-1	-1	-1	-1	-1	-1	-1	-1	-1	-1	-1	-1	-1	-1	77012	1402	1186	755	970	755	846	930	972	1099	1269	100	500	50	150	200	6000	6360
6362	变异毒蝎	636	5	9	1	0	10	10	694	200000	-1	-1	659	900000	726	400000	704	100000	-1	-1	-1	-1	-1	-1	-1	-1	-1	-1	-1	-1	-1	-1	77012	1585	1341	853	1097	853	846	930	972	1099	1269	100	500	50	150	200	6000	6360
6369	毒蝎宝宝	636	5	9	0	1	10	10	694	200000	-1	-1	659	900000	726	400000	704	100000	-1	-1	-1	-1	-1	-1	-1	-1	-1	-1	-1	-1	-1	-1	77012	1219	1031	656	844	656	846	930	972	1099	1269	100	500	50	150	200	6000	6360
6370	成年灵蝎	637	45	9	0	0	10	10	694	250000	-1	-1	659	900000	726	450000	704	150000	-1	-1	-1	-1	-1	-1	-1	-1	-1	-1	-1	-1	-1	-1	80604	1272	1076	685	881	685	948	1042	1090	1232	1422	100	500	50	150	200	6000	6370
6371	变异灵蝎	637	45	9	1	0	10	10	694	250000	-1	-1	659	900000	726	450000	704	150000	-1	-1	-1	-1	-1	-1	-1	-1	-1	-1	-1	-1	-1	-1	80604	1399	1184	753	969	753	948	1042	1090	1232	1422	100	500	50	150	200	6000	6370
6372	变异灵蝎	637	45	9	1	0	10	10	694	250000	-1	-1	659	900000	726	450000	704	150000	-1	-1	-1	-1	-1	-1	-1	-1	-1	-1	-1	-1	-1	-1	80604	1527	1292	822	1057	822	948	1042	1090	1232	1422	100	500	50	150	200	6000	6370
6373	变异灵蝎	637	45	9	1	0	10	10	694	250000	-1	-1	659	900000	726	450000	704	150000	-1	-1	-1	-1	-1	-1	-1	-1	-1	-1	-1	-1	-1	-1	80604	1654	1399	890	1145	890	948	1042	1090	1232	1422	100	500	50	150	200	6000	6370
6379	灵蝎宝宝	637	45	9	0	1	10	10	694	250000	-1	-1	659	900000	726	450000	704	150000	-1	-1	-1	-1	-1	-1	-1	-1	-1	-1	-1	-1	-1	-1	80604	1272	1076	685	881	685	948	1042	1090	1232	1422	100	500	50	150	200	6000	6370
6380	成年珍蝎	638	55	9	0	0	10	10	694	300000	-1	-1	659	900000	726	500000	704	200000	-1	-1	-1	-1	-1	-1	-1	-1	-1	-1	-1	-1	-1	-1	84195	1326	1122	714	918	714	1051	1156	1208	1366	1576	100	500	50	150	200	6000	6380
6381	变异珍蝎	638	55	9	1	0	10	10	694	300000	-1	-1	659	900000	726	500000	704	200000	-1	-1	-1	-1	-1	-1	-1	-1	-1	-1	-1	-1	-1	-1	84195	1425	1206	767	986	767	1051	1156	1208	1366	1576	100	500	50	150	200	6000	6380
6382	变异珍蝎	638	55	9	1	0	10	10	694	300000	-1	-1	659	900000	726	500000	704	200000	-1	-1	-1	-1	-1	-1	-1	-1	-1	-1	-1	-1	-1	-1	84195	1524	1290	821	1055	821	1051	1156	1208	1366	1576	100	500	50	150	200	6000	6380
6383	变异珍蝎	638	55	9	1	0	10	10	694	300000	-1	-1	659	900000	726	500000	704	200000	-1	-1	-1	-1	-1	-1	-1	-1	-1	-1	-1	-1	-1	-1	84195	1624	1374	874	1124	874	1051	1156	1208	1366	1576	100	500	50	150	200	6000	6380
6384	变异珍蝎	638	55	9	1	0	10	10	694	300000	-1	-1	659	900000	726	500000	704	200000	-1	-1	-1	-1	-1	-1	-1	-1	-1	-1	-1	-1	-1	-1	84195	1723	1458	928	1193	928	1051	1156	1208	1366	1576	100	500	50	150	200	6000	6380
6389	珍蝎宝宝	638	55	9	0	1	10	10	694	300000	-1	-1	659	900000	726	500000	704	200000	-1	-1	-1	-1	-1	-1	-1	-1	-1	-1	-1	-1	-1	-1	84195	1326	1122	714	918	714	1051	1156	1208	1366	1576	100	500	50	150	200	6000	6380
6390	成年天蝎	639	65	9	0	0	10	10	694	350000	-1	-1	659	900000	726	550000	704	250000	-1	-1	-1	-1	-1	-1	-1	-1	-1	-1	-1	-1	-1	-1	87787	1379	1167	742	954	742	1153	1268	1325	1498	1729	100	500	50	150	200	6000	6390
6391	变异天蝎	639	65	9	1	0	10	10	694	350000	-1	-1	659	900000	726	550000	704	250000	-1	-1	-1	-1	-1	-1	-1	-1	-1	-1	-1	-1	-1	-1	87787	1462	1237	787	1012	787	1153	1268	1325	1498	1729	100	500	50	150	200	6000	6390
6392	变异天蝎	639	65	9	1	0	10	10	694	350000	-1	-1	659	900000	726	550000	704	250000	-1	-1	-1	-1	-1	-1	-1	-1	-1	-1	-1	-1	-1	-1	87787	1544	1307	831	1069	831	1153	1268	1325	1498	1729	100	500	50	150	200	6000	6390
6393	变异天蝎	639	65	9	1	0	10	10	694	350000	-1	-1	659	900000	726	550000	704	250000	-1	-1	-1	-1	-1	-1	-1	-1	-1	-1	-1	-1	-1	-1	87787	1627	1377	876	1126	876	1153	1268	1325	1498	1729	100	500	50	150	200	6000	6390
6394	变异天蝎	639	65	9	1	0	10	10	694	350000	-1	-1	659	900000	726	550000	704	250000	-1	-1	-1	-1	-1	-1	-1	-1	-1	-1	-1	-1	-1	-1	87787	1710	1447	920	1184	920	1153	1268	1325	1498	1729	100	500	50	150	200	6000	6390
6395	变异天蝎	639	65	9	1	0	10	10	694	350000	-1	-1	659	900000	726	550000	704	250000	-1	-1	-1	-1	-1	-1	-1	-1	-1	-1	-1	-1	-1	-1	87787	1793	1517	965	1241	965	1153	1268	1325	1498	1729	100	500	50	150	200	6000	6390
6399	天蝎宝宝	639	65	9	0	1	10	10	694	350000	-1	-1	659	900000	726	550000	704	250000	-1	-1	-1	-1	-1	-1	-1	-1	-1	-1	-1	-1	-1	-1	87787	1379	1167	742	954	742	1153	1268	1325	1498	1729	100	500	50	150	200	6000	6390
6400	成年魔蝎	640	75	9	0	0	10	10	694	400000	-1	-1	659	900000	726	600000	704	300000	-1	-1	-1	-1	-1	-1	-1	-1	-1	-1	-1	-1	-1	-1	91379	1432	1212	771	991	771	1255	1380	1443	1631	1882	100	500	50	150	200	6000	6400
6401	变异魔蝎	640	75	9	1	0	10	10	694	400000	-1	-1	659	900000	726	600000	704	300000	-1	-1	-1	-1	-1	-1	-1	-1	-1	-1	-1	-1	-1	-1	91379	1504	1272	809	1041	809	1255	1380	1443	1631	1882	100	500	50	150	200	6000	6400
6402	变异魔蝎	640	75	9	1	0	10	10	694	400000	-1	-1	659	900000	726	600000	704	300000	-1	-1	-1	-1	-1	-1	-1	-1	-1	-1	-1	-1	-1	-1	91379	1575	1333	848	1090	848	1255	1380	1443	1631	1882	100	500	50	150	200	6000	6400
6403	变异魔蝎	640	75	9	1	0	10	10	694	400000	-1	-1	659	900000	726	600000	704	300000	-1	-1	-1	-1	-1	-1	-1	-1	-1	-1	-1	-1	-1	-1	91379	1647	1394	887	1140	887	1255	1380	1443	1631	1882	100	500	50	150	200	6000	6400
6404	变异魔蝎	640	75	9	1	0	10	10	694	400000	-1	-1	659	900000	726	600000	704	300000	-1	-1	-1	-1	-1	-1	-1	-1	-1	-1	-1	-1	-1	-1	91379	1719	1454	925	1190	925	1255	1380	1443	1631	1882	100	500	50	150	200	6000	6400
6405	变异魔蝎	640	75	9	1	0	10	10	694	400000	-1	-1	659	900000	726	600000	704	300000	-1	-1	-1	-1	-1	-1	-1	-1	-1	-1	-1	-1	-1	-1	91379	1790	1515	964	1239	964	1255	1380	1443	1631	1882	100	500	50	150	200	6000	6400
6406	变异魔蝎	640	75	9	1	0	10	10	694	400000	-1	-1	659	900000	726	600000	704	300000	-1	-1	-1	-1	-1	-1	-1	-1	-1	-1	-1	-1	-1	-1	91379	1862	1575	1002	1289	1002	1255	1380	1443	1631	1882	100	500	50	150	200	6000	6400
6409	魔蝎宝宝	640	75	9	0	1	10	10	694	400000	-1	-1	659	900000	726	600000	704	300000	-1	-1	-1	-1	-1	-1	-1	-1	-1	-1	-1	-1	-1	-1	91379	1432	1212	771	991	771	1255	1380	1443	1631	1882	100	500	50	150	200	6000	6400
6410	成年小貘	641	5	9	0	0	10	10	686	200000	-1	-1	718	900000	668	400000	705	200000	-1	-1	-1	-1	-1	-1	-1	-1	-1	-1	-1	-1	-1	-1	77012	844	1219	750	750	844	846	930	972	1099	1269	500	200	150	100	50	6000	6410
6411	变异小貘	641	5	9	1	0	10	10	686	200000	-1	-1	718	900000	668	400000	705	200000	-1	-1	-1	-1	-1	-1	-1	-1	-1	-1	-1	-1	-1	-1	77012	970	1402	862	862	970	846	930	972	1099	1269	500	200	150	100	50	6000	6410
6412	变异小貘	641	5	9	1	0	10	10	686	200000	-1	-1	718	900000	668	400000	705	200000	-1	-1	-1	-1	-1	-1	-1	-1	-1	-1	-1	-1	-1	-1	77012	1097	1585	975	975	1097	846	930	972	1099	1269	500	200	150	100	50	6000	6410
6419	小貘宝宝	641	5	9	0	1	10	10	686	200000	-1	-1	718	900000	668	400000	705	200000	-1	-1	-1	-1	-1	-1	-1	-1	-1	-1	-1	-1	-1	-1	77012	844	1219	750	750	844	846	930	972	1099	1269	500	200	150	100	50	6000	6410
6420	成年壮貘	642	45	9	0	0	10	10	686	250000	-1	-1	718	900000	668	450000	705	250000	-1	-1	-1	-1	-1	-1	-1	-1	-1	-1	-1	-1	-1	-1	80604	881	1272	783	783	881	948	1042	1090	1232	1422	500	200	150	100	50	6000	6420
6421	变异壮貘	642	45	9	1	0	10	10	686	250000	-1	-1	718	900000	668	450000	705	250000	-1	-1	-1	-1	-1	-1	-1	-1	-1	-1	-1	-1	-1	-1	80604	969	1399	861	861	969	948	1042	1090	1232	1422	500	200	150	100	50	6000	6420
6422	变异壮貘	642	45	9	1	0	10	10	686	250000	-1	-1	718	900000	668	450000	705	250000	-1	-1	-1	-1	-1	-1	-1	-1	-1	-1	-1	-1	-1	-1	80604	1057	1527	939	939	1057	948	1042	1090	1232	1422	500	200	150	100	50	6000	6420
6423	变异壮貘	642	45	9	1	0	10	10	686	250000	-1	-1	718	900000	668	450000	705	250000	-1	-1	-1	-1	-1	-1	-1	-1	-1	-1	-1	-1	-1	-1	80604	1145	1654	1018	1018	1145	948	1042	1090	1232	1422	500	200	150	100	50	6000	6420
6429	壮貘宝宝	642	45	9	0	1	10	10	686	250000	-1	-1	718	900000	668	450000	705	250000	-1	-1	-1	-1	-1	-1	-1	-1	-1	-1	-1	-1	-1	-1	80604	881	1272	783	783	881	948	1042	1090	1232	1422	500	200	150	100	50	6000	6420
6430	成年珍貘	643	55	9	0	0	10	10	686	300000	-1	-1	718	900000	668	500000	705	300000	-1	-1	-1	-1	-1	-1	-1	-1	-1	-1	-1	-1	-1	-1	84195	918	1326	816	816	918	1051	1156	1208	1366	1576	500	200	150	100	50	6000	6430
6431	变异珍貘	643	55	9	1	0	10	10	686	300000	-1	-1	718	900000	668	500000	705	300000	-1	-1	-1	-1	-1	-1	-1	-1	-1	-1	-1	-1	-1	-1	84195	986	1425	877	877	986	1051	1156	1208	1366	1576	500	200	150	100	50	6000	6430
6432	变异珍貘	643	55	9	1	0	10	10	686	300000	-1	-1	718	900000	668	500000	705	300000	-1	-1	-1	-1	-1	-1	-1	-1	-1	-1	-1	-1	-1	-1	84195	1055	1524	938	938	1055	1051	1156	1208	1366	1576	500	200	150	100	50	6000	6430
6433	变异珍貘	643	55	9	1	0	10	10	686	300000	-1	-1	718	900000	668	500000	705	300000	-1	-1	-1	-1	-1	-1	-1	-1	-1	-1	-1	-1	-1	-1	84195	1124	1624	999	999	1124	1051	1156	1208	1366	1576	500	200	150	100	50	6000	6430
6434	变异珍貘	643	55	9	1	0	10	10	686	300000	-1	-1	718	900000	668	500000	705	300000	-1	-1	-1	-1	-1	-1	-1	-1	-1	-1	-1	-1	-1	-1	84195	1193	1723	1060	1060	1193	1051	1156	1208	1366	1576	500	200	150	100	50	6000	6430
6439	珍貘宝宝	643	55	9	0	1	10	10	686	300000	-1	-1	718	900000	668	500000	705	300000	-1	-1	-1	-1	-1	-1	-1	-1	-1	-1	-1	-1	-1	-1	84195	918	1326	816	816	918	1051	1156	1208	1366	1576	500	200	150	100	50	6000	6430
6440	成年圣貘	644	65	9	0	0	10	10	686	350000	-1	-1	718	900000	668	550000	705	350000	-1	-1	-1	-1	-1	-1	-1	-1	-1	-1	-1	-1	-1	-1	87787	954	1379	848	848	954	1153	1268	1325	1498	1729	500	200	150	100	50	6000	6440
6441	变异圣貘	644	65	9	1	0	10	10	686	350000	-1	-1	718	900000	668	550000	705	350000	-1	-1	-1	-1	-1	-1	-1	-1	-1	-1	-1	-1	-1	-1	87787	1012	1462	899	899	1012	1153	1268	1325	1498	1729	500	200	150	100	50	6000	6440
6442	变异圣貘	644	65	9	1	0	10	10	686	350000	-1	-1	718	900000	668	550000	705	350000	-1	-1	-1	-1	-1	-1	-1	-1	-1	-1	-1	-1	-1	-1	87787	1069	1544	950	950	1069	1153	1268	1325	1498	1729	500	200	150	100	50	6000	6440
6443	变异圣貘	644	65	9	1	0	10	10	686	350000	-1	-1	718	900000	668	550000	705	350000	-1	-1	-1	-1	-1	-1	-1	-1	-1	-1	-1	-1	-1	-1	87787	1126	1627	1001	1001	1126	1153	1268	1325	1498	1729	500	200	150	100	50	6000	6440
6444	变异圣貘	644	65	9	1	0	10	10	686	350000	-1	-1	718	900000	668	550000	705	350000	-1	-1	-1	-1	-1	-1	-1	-1	-1	-1	-1	-1	-1	-1	87787	1184	1710	1052	1052	1184	1153	1268	1325	1498	1729	500	200	150	100	50	6000	6440
6445	变异圣貘	644	65	9	1	0	10	10	686	350000	-1	-1	718	900000	668	550000	705	350000	-1	-1	-1	-1	-1	-1	-1	-1	-1	-1	-1	-1	-1	-1	87787	1241	1793	1103	1103	1241	1153	1268	1325	1498	1729	500	200	150	100	50	6000	6440
6449	圣貘宝宝	644	65	9	0	1	10	10	686	350000	-1	-1	718	900000	668	550000	705	350000	-1	-1	-1	-1	-1	-1	-1	-1	-1	-1	-1	-1	-1	-1	87787	954	1379	848	848	954	1153	1268	1325	1498	1729	500	200	150	100	50	6000	6440
6450	成年神貘	645	75	9	0	0	10	10	686	400000	-1	-1	718	900000	668	600000	705	400000	-1	-1	-1	-1	-1	-1	-1	-1	-1	-1	-1	-1	-1	-1	91379	991	1432	881	881	991	1255	1380	1443	1631	1882	500	200	150	100	50	6000	6450
6451	变异神貘	645	75	9	1	0	10	10	686	400000	-1	-1	718	900000	668	600000	705	400000	-1	-1	-1	-1	-1	-1	-1	-1	-1	-1	-1	-1	-1	-1	91379	1041	1504	925	925	1041	1255	1380	1443	1631	1882	500	200	150	100	50	6000	6450
6452	变异神貘	645	75	9	1	0	10	10	686	400000	-1	-1	718	900000	668	600000	705	400000	-1	-1	-1	-1	-1	-1	-1	-1	-1	-1	-1	-1	-1	-1	91379	1090	1575	969	969	1090	1255	1380	1443	1631	1882	500	200	150	100	50	6000	6450
6453	变异神貘	645	75	9	1	0	10	10	686	400000	-1	-1	718	900000	668	600000	705	400000	-1	-1	-1	-1	-1	-1	-1	-1	-1	-1	-1	-1	-1	-1	91379	1140	1647	1013	1013	1140	1255	1380	1443	1631	1882	500	200	150	100	50	6000	6450
6454	变异神貘	645	75	9	1	0	10	10	686	400000	-1	-1	718	900000	668	600000	705	400000	-1	-1	-1	-1	-1	-1	-1	-1	-1	-1	-1	-1	-1	-1	91379	1190	1719	1057	1057	1190	1255	1380	1443	1631	1882	500	200	150	100	50	6000	6450
6455	变异神貘	645	75	9	1	0	10	10	686	400000	-1	-1	718	900000	668	600000	705	400000	-1	-1	-1	-1	-1	-1	-1	-1	-1	-1	-1	-1	-1	-1	91379	1239	1790	1102	1102	1239	1255	1380	1443	1631	1882	500	200	150	100	50	6000	6450
6456	变异神貘	645	75	9	1	0	10	10	686	400000	-1	-1	718	900000	668	600000	705	400000	-1	-1	-1	-1	-1	-1	-1	-1	-1	-1	-1	-1	-1	-1	91379	1289	1862	1146	1146	1289	1255	1380	1443	1631	1882	500	200	150	100	50	6000	6450
6459	神貘宝宝	645	75	9	0	1	10	10	686	400000	-1	-1	718	900000	668	600000	705	400000	-1	-1	-1	-1	-1	-1	-1	-1	-1	-1	-1	-1	-1	-1	91379	991	1432	881	881	991	1255	1380	1443	1631	1882	500	200	150	100	50	6000	6450
6460	成年甲虫	646	5	9	0	0	100	10	688	200000	-1	-1	706	900000	710	400000	722	200000	-1	-1	-1	-1	-1	-1	-1	-1	-1	-1	-1	-1	-1	-1	77012	938	938	938	938	938	846	930	972	1099	1269	100	500	50	150	200	6000	6460
6461	变异甲虫	646	5	9	1	0	100	10	688	200000	-1	-1	706	900000	710	400000	722	200000	-1	-1	-1	-1	-1	-1	-1	-1	-1	-1	-1	-1	-1	-1	77012	1078	1078	1078	1078	1078	846	930	972	1099	1269	100	500	50	150	200	6000	6460
6462	变异甲虫	646	5	9	1	0	100	10	688	200000	-1	-1	706	900000	710	400000	722	200000	-1	-1	-1	-1	-1	-1	-1	-1	-1	-1	-1	-1	-1	-1	77012	1219	1219	1219	1219	1219	846	930	972	1099	1269	100	500	50	150	200	6000	6460
6469	甲虫宝宝	646	5	9	0	1	100	10	688	200000	-1	-1	706	900000	710	400000	722	200000	-1	-1	-1	-1	-1	-1	-1	-1	-1	-1	-1	-1	-1	-1	77012	938	938	938	938	938	846	930	972	1099	1269	100	500	50	150	200	6000	6460
6470	成年强甲虫	647	45	9	0	0	100	10	688	250000	-1	-1	706	900000	710	450000	722	250000	-1	-1	-1	-1	-1	-1	-1	-1	-1	-1	-1	-1	-1	-1	80604	979	979	979	979	979	948	1042	1090	1232	1422	100	500	50	150	200	6000	6470
6471	变异强甲虫	647	45	9	1	0	100	10	688	250000	-1	-1	706	900000	710	450000	722	250000	-1	-1	-1	-1	-1	-1	-1	-1	-1	-1	-1	-1	-1	-1	80604	1076	1076	1076	1076	1076	948	1042	1090	1232	1422	100	500	50	150	200	6000	6470
6472	变异强甲虫	647	45	9	1	0	100	10	688	250000	-1	-1	706	900000	710	450000	722	250000	-1	-1	-1	-1	-1	-1	-1	-1	-1	-1	-1	-1	-1	-1	80604	1174	1174	1174	1174	1174	948	1042	1090	1232	1422	100	500	50	150	200	6000	6470
6473	变异强甲虫	647	45	9	1	0	100	10	688	250000	-1	-1	706	900000	710	450000	722	250000	-1	-1	-1	-1	-1	-1	-1	-1	-1	-1	-1	-1	-1	-1	80604	1272	1272	1272	1272	1272	948	1042	1090	1232	1422	100	500	50	150	200	6000	6470
6479	强甲虫宝宝	647	45	9	0	1	100	10	688	250000	-1	-1	706	900000	710	450000	722	250000	-1	-1	-1	-1	-1	-1	-1	-1	-1	-1	-1	-1	-1	-1	80604	979	979	979	979	979	948	1042	1090	1232	1422	100	500	50	150	200	6000	6470
6480	成年珍甲虫	648	55	9	0	0	100	10	688	300000	-1	-1	706	900000	710	500000	722	300000	-1	-1	-1	-1	-1	-1	-1	-1	-1	-1	-1	-1	-1	-1	84195	1020	1020	1020	1020	1020	1051	1156	1208	1366	1576	100	500	50	150	200	6000	6480
6481	变异珍甲虫	648	55	9	1	0	100	10	688	300000	-1	-1	706	900000	710	500000	722	300000	-1	-1	-1	-1	-1	-1	-1	-1	-1	-1	-1	-1	-1	-1	84195	1096	1096	1096	1096	1096	1051	1156	1208	1366	1576	100	500	50	150	200	6000	6480
6482	变异珍甲虫	648	55	9	1	0	100	10	688	300000	-1	-1	706	900000	710	500000	722	300000	-1	-1	-1	-1	-1	-1	-1	-1	-1	-1	-1	-1	-1	-1	84195	1173	1173	1173	1173	1173	1051	1156	1208	1366	1576	100	500	50	150	200	6000	6480
6483	变异珍甲虫	648	55	9	1	0	100	10	688	300000	-1	-1	706	900000	710	500000	722	300000	-1	-1	-1	-1	-1	-1	-1	-1	-1	-1	-1	-1	-1	-1	84195	1249	1249	1249	1249	1249	1051	1156	1208	1366	1576	100	500	50	150	200	6000	6480
6484	变异珍甲虫	648	55	9	1	0	100	10	688	300000	-1	-1	706	900000	710	500000	722	300000	-1	-1	-1	-1	-1	-1	-1	-1	-1	-1	-1	-1	-1	-1	84195	1326	1326	1326	1326	1326	1051	1156	1208	1366	1576	100	500	50	150	200	6000	6480
6489	珍甲虫宝宝	648	55	9	0	1	100	10	688	300000	-1	-1	706	900000	710	500000	722	300000	-1	-1	-1	-1	-1	-1	-1	-1	-1	-1	-1	-1	-1	-1	84195	1020	1020	1020	1020	1020	1051	1156	1208	1366	1576	100	500	50	150	200	6000	6480
6490	成年圣甲虫	649	65	9	0	0	100	10	688	350000	-1	-1	706	900000	710	550000	722	350000	-1	-1	-1	-1	-1	-1	-1	-1	-1	-1	-1	-1	-1	-1	87787	1061	1061	1061	1061	1061	1153	1268	1325	1498	1729	100	500	50	150	200	6000	6490
6491	变异圣甲虫	649	65	9	1	0	100	10	688	350000	-1	-1	706	900000	710	550000	722	350000	-1	-1	-1	-1	-1	-1	-1	-1	-1	-1	-1	-1	-1	-1	87787	1124	1124	1124	1124	1124	1153	1268	1325	1498	1729	100	500	50	150	200	6000	6490
6492	变异圣甲虫	649	65	9	1	0	100	10	688	350000	-1	-1	706	900000	710	550000	722	350000	-1	-1	-1	-1	-1	-1	-1	-1	-1	-1	-1	-1	-1	-1	87787	1188	1188	1188	1188	1188	1153	1268	1325	1498	1729	100	500	50	150	200	6000	6490
6493	变异圣甲虫	649	65	9	1	0	100	10	688	350000	-1	-1	706	900000	710	550000	722	350000	-1	-1	-1	-1	-1	-1	-1	-1	-1	-1	-1	-1	-1	-1	87787	1251	1251	1251	1251	1251	1153	1268	1325	1498	1729	100	500	50	150	200	6000	6490
6494	变异圣甲虫	649	65	9	1	0	100	10	688	350000	-1	-1	706	900000	710	550000	722	350000	-1	-1	-1	-1	-1	-1	-1	-1	-1	-1	-1	-1	-1	-1	87787	1315	1315	1315	1315	1315	1153	1268	1325	1498	1729	100	500	50	150	200	6000	6490
6495	变异圣甲虫	649	65	9	1	0	100	10	688	350000	-1	-1	706	900000	710	550000	722	350000	-1	-1	-1	-1	-1	-1	-1	-1	-1	-1	-1	-1	-1	-1	87787	1379	1379	1379	1379	1379	1153	1268	1325	1498	1729	100	500	50	150	200	6000	6490
6499	圣甲虫宝宝	649	65	9	0	1	100	10	688	350000	-1	-1	706	900000	710	550000	722	350000	-1	-1	-1	-1	-1	-1	-1	-1	-1	-1	-1	-1	-1	-1	87787	1061	1061	1061	1061	1061	1153	1268	1325	1498	1729	100	500	50	150	200	6000	6490
6500	成年神甲虫	650	75	9	0	0	100	10	688	400000	-1	-1	706	900000	710	600000	722	400000	-1	-1	-1	-1	-1	-1	-1	-1	-1	-1	-1	-1	-1	-1	91379	1102	1102	1102	1102	1102	1255	1380	1443	1631	1882	100	500	50	150	200	6000	6500
6501	变异神甲虫	650	75	9	1	0	100	10	688	400000	-1	-1	706	900000	710	600000	722	400000	-1	-1	-1	-1	-1	-1	-1	-1	-1	-1	-1	-1	-1	-1	91379	1157	1157	1157	1157	1157	1255	1380	1443	1631	1882	100	500	50	150	200	6000	6500
6502	变异神甲虫	650	75	9	1	0	100	10	688	400000	-1	-1	706	900000	710	600000	722	400000	-1	-1	-1	-1	-1	-1	-1	-1	-1	-1	-1	-1	-1	-1	91379	1212	1212	1212	1212	1212	1255	1380	1443	1631	1882	100	500	50	150	200	6000	6500
6503	变异神甲虫	650	75	9	1	0	100	10	688	400000	-1	-1	706	900000	710	600000	722	400000	-1	-1	-1	-1	-1	-1	-1	-1	-1	-1	-1	-1	-1	-1	91379	1267	1267	1267	1267	1267	1255	1380	1443	1631	1882	100	500	50	150	200	6000	6500
6504	变异神甲虫	650	75	9	1	0	100	10	688	400000	-1	-1	706	900000	710	600000	722	400000	-1	-1	-1	-1	-1	-1	-1	-1	-1	-1	-1	-1	-1	-1	91379	1322	1322	1322	1322	1322	1255	1380	1443	1631	1882	100	500	50	150	200	6000	6500
6505	变异神甲虫	650	75	9	1	0	100	10	688	400000	-1	-1	706	900000	710	600000	722	400000	-1	-1	-1	-1	-1	-1	-1	-1	-1	-1	-1	-1	-1	-1	91379	1377	1377	1377	1377	1377	1255	1380	1443	1631	1882	100	500	50	150	200	6000	6500
6506	变异神甲虫	650	75	9	1	0	100	10	688	400000	-1	-1	706	900000	710	600000	722	400000	-1	-1	-1	-1	-1	-1	-1	-1	-1	-1	-1	-1	-1	-1	91379	1432	1432	1432	1432	1432	1255	1380	1443	1631	1882	100	500	50	150	200	6000	6500
6509	神甲虫宝宝	650	75	9	0	1	100	10	688	400000	-1	-1	706	900000	710	600000	722	400000	-1	-1	-1	-1	-1	-1	-1	-1	-1	-1	-1	-1	-1	-1	91379	1102	1102	1102	1102	1102	1255	1380	1443	1631	1882	100	500	50	150	200	6000	6500
6510	成年当扈	651	5	9	0	0	10	10	737	200000	-1	-1	726	900000	720	300000	728	200000	-1	-1	-1	-1	-1	-1	-1	-1	-1	-1	-1	-1	-1	-1	77012	656	750	1219	750	1031	846	930	972	1099	1269	500	200	150	100	50	6000	6510
6511	变异当扈	651	5	9	1	0	10	10	737	200000	-1	-1	726	900000	720	300000	728	200000	-1	-1	-1	-1	-1	-1	-1	-1	-1	-1	-1	-1	-1	-1	77012	755	862	1402	862	1186	846	930	972	1099	1269	500	200	150	100	50	6000	6510
6512	变异当扈	651	5	9	1	0	10	10	737	200000	-1	-1	726	900000	720	300000	728	200000	-1	-1	-1	-1	-1	-1	-1	-1	-1	-1	-1	-1	-1	-1	77012	853	975	1585	975	1341	846	930	972	1099	1269	500	200	150	100	50	6000	6510
6519	当扈宝宝	651	5	9	0	1	10	10	737	200000	-1	-1	726	900000	720	300000	728	200000	-1	-1	-1	-1	-1	-1	-1	-1	-1	-1	-1	-1	-1	-1	77012	656	750	1219	750	1031	846	930	972	1099	1269	500	200	150	100	50	6000	6510
6520	成年灵当扈	652	45	9	0	0	10	10	737	250000	-1	-1	726	900000	720	350000	728	250000	-1	-1	-1	-1	-1	-1	-1	-1	-1	-1	-1	-1	-1	-1	80604	685	783	1272	783	1076	948	1042	1090	1232	1422	500	200	150	100	50	6000	6520
6521	变异灵当扈	652	45	9	1	0	10	10	737	250000	-1	-1	726	900000	720	350000	728	250000	-1	-1	-1	-1	-1	-1	-1	-1	-1	-1	-1	-1	-1	-1	80604	753	861	1399	861	1184	948	1042	1090	1232	1422	500	200	150	100	50	6000	6520
6522	变异灵当扈	652	45	9	1	0	10	10	737	250000	-1	-1	726	900000	720	350000	728	250000	-1	-1	-1	-1	-1	-1	-1	-1	-1	-1	-1	-1	-1	-1	80604	822	939	1527	939	1292	948	1042	1090	1232	1422	500	200	150	100	50	6000	6520
6523	变异灵当扈	652	45	9	1	0	10	10	737	250000	-1	-1	726	900000	720	350000	728	250000	-1	-1	-1	-1	-1	-1	-1	-1	-1	-1	-1	-1	-1	-1	80604	890	1018	1654	1018	1399	948	1042	1090	1232	1422	500	200	150	100	50	6000	6520
6529	灵当扈宝宝	652	45	9	0	1	10	10	737	250000	-1	-1	726	900000	720	350000	728	250000	-1	-1	-1	-1	-1	-1	-1	-1	-1	-1	-1	-1	-1	-1	80604	685	783	1272	783	1076	948	1042	1090	1232	1422	500	200	150	100	50	6000	6520
6530	成年珍当扈	653	55	9	0	0	10	10	737	300000	-1	-1	726	900000	720	400000	728	300000	-1	-1	-1	-1	-1	-1	-1	-1	-1	-1	-1	-1	-1	-1	84195	714	816	1326	816	1122	1051	1156	1208	1366	1576	500	200	150	100	50	6000	6530
6531	变异珍当扈	653	55	9	1	0	10	10	737	300000	-1	-1	726	900000	720	400000	728	300000	-1	-1	-1	-1	-1	-1	-1	-1	-1	-1	-1	-1	-1	-1	84195	767	877	1425	877	1206	1051	1156	1208	1366	1576	500	200	150	100	50	6000	6530
6532	变异珍当扈	653	55	9	1	0	10	10	737	300000	-1	-1	726	900000	720	400000	728	300000	-1	-1	-1	-1	-1	-1	-1	-1	-1	-1	-1	-1	-1	-1	84195	821	938	1524	938	1290	1051	1156	1208	1366	1576	500	200	150	100	50	6000	6530
6533	变异珍当扈	653	55	9	1	0	10	10	737	300000	-1	-1	726	900000	720	400000	728	300000	-1	-1	-1	-1	-1	-1	-1	-1	-1	-1	-1	-1	-1	-1	84195	874	999	1624	999	1374	1051	1156	1208	1366	1576	500	200	150	100	50	6000	6530
6534	变异珍当扈	653	55	9	1	0	10	10	737	300000	-1	-1	726	900000	720	400000	728	300000	-1	-1	-1	-1	-1	-1	-1	-1	-1	-1	-1	-1	-1	-1	84195	928	1060	1723	1060	1458	1051	1156	1208	1366	1576	500	200	150	100	50	6000	6530
6539	珍当扈宝宝	653	55	9	0	1	10	10	737	300000	-1	-1	726	900000	720	400000	728	300000	-1	-1	-1	-1	-1	-1	-1	-1	-1	-1	-1	-1	-1	-1	84195	714	816	1326	816	1122	1051	1156	1208	1366	1576	500	200	150	100	50	6000	6530
6540	成年圣当扈	654	65	9	0	0	10	10	737	350000	-1	-1	726	900000	720	450000	728	350000	-1	-1	-1	-1	-1	-1	-1	-1	-1	-1	-1	-1	-1	-1	87787	742	848	1379	848	1167	1153	1268	1325	1498	1729	500	200	150	100	50	6000	6540
6541	变异圣当扈	654	65	9	1	0	10	10	737	350000	-1	-1	726	900000	720	450000	728	350000	-1	-1	-1	-1	-1	-1	-1	-1	-1	-1	-1	-1	-1	-1	87787	787	899	1462	899	1237	1153	1268	1325	1498	1729	500	200	150	100	50	6000	6540
6542	变异圣当扈	654	65	9	1	0	10	10	737	350000	-1	-1	726	900000	720	450000	728	350000	-1	-1	-1	-1	-1	-1	-1	-1	-1	-1	-1	-1	-1	-1	87787	831	950	1544	950	1307	1153	1268	1325	1498	1729	500	200	150	100	50	6000	6540
6543	变异圣当扈	654	65	9	1	0	10	10	737	350000	-1	-1	726	900000	720	450000	728	350000	-1	-1	-1	-1	-1	-1	-1	-1	-1	-1	-1	-1	-1	-1	87787	876	1001	1627	1001	1377	1153	1268	1325	1498	1729	500	200	150	100	50	6000	6540
6544	变异圣当扈	654	65	9	1	0	10	10	737	350000	-1	-1	726	900000	720	450000	728	350000	-1	-1	-1	-1	-1	-1	-1	-1	-1	-1	-1	-1	-1	-1	87787	920	1052	1710	1052	1447	1153	1268	1325	1498	1729	500	200	150	100	50	6000	6540
6545	变异圣当扈	654	65	9	1	0	10	10	737	350000	-1	-1	726	900000	720	450000	728	350000	-1	-1	-1	-1	-1	-1	-1	-1	-1	-1	-1	-1	-1	-1	87787	965	1103	1793	1103	1517	1153	1268	1325	1498	1729	500	200	150	100	50	6000	6540
6549	圣当扈宝宝	654	65	9	0	1	10	10	737	350000	-1	-1	726	900000	720	450000	728	350000	-1	-1	-1	-1	-1	-1	-1	-1	-1	-1	-1	-1	-1	-1	87787	742	848	1379	848	1167	1153	1268	1325	1498	1729	500	200	150	100	50	6000	6540
6550	成年神当扈	655	75	9	0	0	10	10	737	400000	-1	-1	726	900000	720	500000	728	400000	-1	-1	-1	-1	-1	-1	-1	-1	-1	-1	-1	-1	-1	-1	91379	771	881	1432	881	1212	1255	1380	1443	1631	1882	500	200	150	100	50	6000	6550
6551	变异神当扈	655	75	9	1	0	10	10	737	400000	-1	-1	726	900000	720	500000	728	400000	-1	-1	-1	-1	-1	-1	-1	-1	-1	-1	-1	-1	-1	-1	91379	809	925	1504	925	1272	1255	1380	1443	1631	1882	500	200	150	100	50	6000	6550
6552	变异神当扈	655	75	9	1	0	10	10	737	400000	-1	-1	726	900000	720	500000	728	400000	-1	-1	-1	-1	-1	-1	-1	-1	-1	-1	-1	-1	-1	-1	91379	848	969	1575	969	1333	1255	1380	1443	1631	1882	500	200	150	100	50	6000	6550
6553	变异神当扈	655	75	9	1	0	10	10	737	400000	-1	-1	726	900000	720	500000	728	400000	-1	-1	-1	-1	-1	-1	-1	-1	-1	-1	-1	-1	-1	-1	91379	887	1013	1647	1013	1394	1255	1380	1443	1631	1882	500	200	150	100	50	6000	6550
6554	变异神当扈	655	75	9	1	0	10	10	737	400000	-1	-1	726	900000	720	500000	728	400000	-1	-1	-1	-1	-1	-1	-1	-1	-1	-1	-1	-1	-1	-1	91379	925	1057	1719	1057	1454	1255	1380	1443	1631	1882	500	200	150	100	50	6000	6550
6555	变异神当扈	655	75	9	1	0	10	10	737	400000	-1	-1	726	900000	720	500000	728	400000	-1	-1	-1	-1	-1	-1	-1	-1	-1	-1	-1	-1	-1	-1	91379	964	1102	1790	1102	1515	1255	1380	1443	1631	1882	500	200	150	100	50	6000	6550
6556	变异神当扈	655	75	9	1	0	10	10	737	400000	-1	-1	726	900000	720	500000	728	400000	-1	-1	-1	-1	-1	-1	-1	-1	-1	-1	-1	-1	-1	-1	91379	1002	1146	1862	1146	1575	1255	1380	1443	1631	1882	500	200	150	100	50	6000	6550
6559	神当扈宝宝	655	75	9	0	1	10	10	737	400000	-1	-1	726	900000	720	500000	728	400000	-1	-1	-1	-1	-1	-1	-1	-1	-1	-1	-1	-1	-1	-1	91379	771	881	1432	881	1212	1255	1380	1443	1631	1882	500	200	150	100	50	6000	6550
6560	成年神企鹅	656	65	9	0	0	1000	10	688	450000	-1	-1	652	900000	702	450000	664	350000	-1	-1	-1	-1	-1	-1	-1	-1	-1	-1	-1	-1	-1	-1	91379	771	881	1432	881	1212	1255	1380	1443	1631	1882	500	200	150	100	50	6000	6560
6561	变异神企鹅	656	65	9	1	0	1000	10	688	450000	-1	-1	652	900000	702	450000	664	350000	-1	-1	-1	-1	-1	-1	-1	-1	-1	-1	-1	-1	-1	-1	91379	809	925	1504	925	1272	1255	1380	1443	1631	1882	500	200	150	100	50	6000	6560
6562	变异神企鹅	656	65	9	1	0	1000	10	688	450000	-1	-1	652	900000	702	450000	664	350000	-1	-1	-1	-1	-1	-1	-1	-1	-1	-1	-1	-1	-1	-1	91379	848	969	1575	969	1333	1255	1380	1443	1631	1882	500	200	150	100	50	6000	6560
6563	变异神企鹅	656	65	9	1	0	1000	10	688	450000	-1	-1	652	900000	702	450000	664	350000	-1	-1	-1	-1	-1	-1	-1	-1	-1	-1	-1	-1	-1	-1	91379	887	1013	1647	1013	1394	1255	1380	1443	1631	1882	500	200	150	100	50	6000	6560
6564	变异神企鹅	656	65	9	1	0	1000	10	688	450000	-1	-1	652	900000	702	450000	664	350000	-1	-1	-1	-1	-1	-1	-1	-1	-1	-1	-1	-1	-1	-1	91379	925	1057	1719	1057	1454	1255	1380	1443	1631	1882	500	200	150	100	50	6000	6560
6565	变异神企鹅	656	65	9	1	0	1000	10	688	450000	-1	-1	652	900000	702	450000	664	350000	-1	-1	-1	-1	-1	-1	-1	-1	-1	-1	-1	-1	-1	-1	91379	964	1102	1790	1102	1515	1255	1380	1443	1631	1882	500	200	150	100	50	6000	6560
6569	神企鹅宝宝	656	65	9	0	1	1000	10	688	450000	-1	-1	652	900000	702	450000	664	350000	-1	-1	-1	-1	-1	-1	-1	-1	-1	-1	-1	-1	-1	-1	91379	771	881	1432	881	1212	1255	1380	1443	1631	1882	500	200	150	100	50	6000	6560
6570	成年乖企鹅	657	45	9	0	0	1000	10	688	300000	-1	-1	652	900000	702	300000	664	250000	-1	-1	-1	-1	-1	-1	-1	-1	-1	-1	-1	-1	-1	-1	80604	685	783	1272	783	1076	948	1042	1090	1232	1422	500	200	150	100	50	6000	6570
6571	变异乖企鹅	657	45	9	1	0	1000	10	688	300000	-1	-1	652	900000	702	300000	664	250000	-1	-1	-1	-1	-1	-1	-1	-1	-1	-1	-1	-1	-1	-1	80604	753	861	1399	861	1184	948	1042	1090	1232	1422	500	200	150	100	50	6000	6570
6572	变异乖企鹅	657	45	9	1	0	1000	10	688	300000	-1	-1	652	900000	702	300000	664	250000	-1	-1	-1	-1	-1	-1	-1	-1	-1	-1	-1	-1	-1	-1	80604	822	939	1527	939	1292	948	1042	1090	1232	1422	500	200	150	100	50	6000	6570
6573	变异乖企鹅	657	45	9	1	0	1000	10	688	300000	-1	-1	652	900000	702	300000	664	250000	-1	-1	-1	-1	-1	-1	-1	-1	-1	-1	-1	-1	-1	-1	80604	890	1018	1654	1018	1399	948	1042	1090	1232	1422	500	200	150	100	50	6000	6570
6579	乖企鹅宝宝	657	45	9	0	1	1000	10	688	300000	-1	-1	652	900000	702	300000	664	250000	-1	-1	-1	-1	-1	-1	-1	-1	-1	-1	-1	-1	-1	-1	80604	685	783	1272	783	1076	948	1042	1090	1232	1422	500	200	150	100	50	6000	6570
6580	成年灵企鹅	658	55	9	0	0	1000	10	688	350000	-1	-1	652	900000	702	350000	664	300000	-1	-1	-1	-1	-1	-1	-1	-1	-1	-1	-1	-1	-1	-1	84195	714	816	1326	816	1122	1051	1156	1208	1366	1576	500	200	150	100	50	6000	6580
6581	变异灵企鹅	658	55	9	1	0	1000	10	688	350000	-1	-1	652	900000	702	350000	664	300000	-1	-1	-1	-1	-1	-1	-1	-1	-1	-1	-1	-1	-1	-1	84195	767	877	1425	877	1206	1051	1156	1208	1366	1576	500	200	150	100	50	6000	6580
6582	变异灵企鹅	658	55	9	1	0	1000	10	688	350000	-1	-1	652	900000	702	350000	664	300000	-1	-1	-1	-1	-1	-1	-1	-1	-1	-1	-1	-1	-1	-1	84195	821	938	1524	938	1290	1051	1156	1208	1366	1576	500	200	150	100	50	6000	6580
6583	变异灵企鹅	658	55	9	1	0	1000	10	688	350000	-1	-1	652	900000	702	350000	664	300000	-1	-1	-1	-1	-1	-1	-1	-1	-1	-1	-1	-1	-1	-1	84195	874	999	1624	999	1374	1051	1156	1208	1366	1576	500	200	150	100	50	6000	6580
6584	变异灵企鹅	658	55	9	1	0	1000	10	688	350000	-1	-1	652	900000	702	350000	664	300000	-1	-1	-1	-1	-1	-1	-1	-1	-1	-1	-1	-1	-1	-1	84195	928	1060	1723	1060	1458	1051	1156	1208	1366	1576	500	200	150	100	50	6000	6580
6589	灵企鹅宝宝	658	55	9	0	1	1000	10	688	350000	-1	-1	652	900000	702	350000	664	300000	-1	-1	-1	-1	-1	-1	-1	-1	-1	-1	-1	-1	-1	-1	84195	714	816	1326	816	1122	1051	1156	1208	1366	1576	500	200	150	100	50	6000	6580
6590	成年圣企鹅	659	65	9	0	0	1000	10	688	400000	-1	-1	652	900000	702	400000	664	350000	-1	-1	-1	-1	-1	-1	-1	-1	-1	-1	-1	-1	-1	-1	87787	742	848	1379	848	1167	1153	1268	1325	1498	1729	500	200	150	100	50	6000	6590
6591	变异圣企鹅	659	65	9	1	0	1000	10	688	400000	-1	-1	652	900000	702	400000	664	350000	-1	-1	-1	-1	-1	-1	-1	-1	-1	-1	-1	-1	-1	-1	87787	787	899	1462	899	1237	1153	1268	1325	1498	1729	500	200	150	100	50	6000	6590
6592	变异圣企鹅	659	65	9	1	0	1000	10	688	400000	-1	-1	652	900000	702	400000	664	350000	-1	-1	-1	-1	-1	-1	-1	-1	-1	-1	-1	-1	-1	-1	87787	831	950	1544	950	1307	1153	1268	1325	1498	1729	500	200	150	100	50	6000	6590
6593	变异圣企鹅	659	65	9	1	0	1000	10	688	400000	-1	-1	652	900000	702	400000	664	350000	-1	-1	-1	-1	-1	-1	-1	-1	-1	-1	-1	-1	-1	-1	87787	876	1001	1627	1001	1377	1153	1268	1325	1498	1729	500	200	150	100	50	6000	6590
6594	变异圣企鹅	659	65	9	1	0	1000	10	688	400000	-1	-1	652	900000	702	400000	664	350000	-1	-1	-1	-1	-1	-1	-1	-1	-1	-1	-1	-1	-1	-1	87787	920	1052	1710	1052	1447	1153	1268	1325	1498	1729	500	200	150	100	50	6000	6590
6595	变异圣企鹅	659	65	9	1	0	1000	10	688	400000	-1	-1	652	900000	702	400000	664	350000	-1	-1	-1	-1	-1	-1	-1	-1	-1	-1	-1	-1	-1	-1	87787	965	1103	1793	1103	1517	1153	1268	1325	1498	1729	500	200	150	100	50	6000	6590
6599	圣企鹅宝宝	659	65	9	0	1	1000	10	688	400000	-1	-1	652	900000	702	400000	664	350000	-1	-1	-1	-1	-1	-1	-1	-1	-1	-1	-1	-1	-1	-1	87787	742	848	1379	848	1167	1153	1268	1325	1498	1729	500	200	150	100	50	6000	6590
6600	成年火鬃鼠	660	55	9	0	0	1000	10	694	300000	-1	-1	703	800000	662	400000	659	200000	-1	-1	-1	-1	-1	-1	-1	-1	-1	-1	-1	-1	-1	-1	84195	1428	1020	510	612	714	1051	1156	1208	1366	1576	50	100	150	200	500	6000	6600
6601	变异火鬃鼠	660	55	9	1	0	1000	10	694	300000	-1	-1	703	800000	662	400000	659	200000	-1	-1	-1	-1	-1	-1	-1	-1	-1	-1	-1	-1	-1	-1	84195	1535	1096	548	657	767	1051	1156	1208	1366	1576	50	100	150	200	500	6000	6600
6602	变异火鬃鼠	660	55	9	1	0	1000	10	694	300000	-1	-1	703	800000	662	400000	659	200000	-1	-1	-1	-1	-1	-1	-1	-1	-1	-1	-1	-1	-1	-1	84195	1642	1173	586	703	821	1051	1156	1208	1366	1576	50	100	150	200	500	6000	6600
6603	变异火鬃鼠	660	55	9	1	0	1000	10	694	300000	-1	-1	703	800000	662	400000	659	200000	-1	-1	-1	-1	-1	-1	-1	-1	-1	-1	-1	-1	-1	-1	84195	1749	1249	624	749	874	1051	1156	1208	1366	1576	50	100	150	200	500	6000	6600
6604	变异火鬃鼠	660	55	9	1	0	1000	10	694	300000	-1	-1	703	800000	662	400000	659	200000	-1	-1	-1	-1	-1	-1	-1	-1	-1	-1	-1	-1	-1	-1	84195	1856	1326	663	795	928	1051	1156	1208	1366	1576	50	100	150	200	500	6000	6600
6609	火鬃鼠宝宝	660	55	9	0	1	1000	10	694	300000	-1	-1	703	800000	662	400000	659	200000	-1	-1	-1	-1	-1	-1	-1	-1	-1	-1	-1	-1	-1	-1	84195	1428	1020	510	612	714	1051	1156	1208	1366	1576	50	100	150	200	500	6000	6600
6610	成年炎火鬃鼠	661	75	9	0	0	1000	10	694	300000	-1	-1	703	800000	662	400000	659	200000	-1	-1	-1	-1	-1	-1	-1	-1	-1	-1	-1	-1	-1	-1	91379	1542	1102	551	661	771	1255	1380	1443	1631	1882	50	100	150	200	500	6000	6610
6611	变异炎火鬃鼠	661	75	9	1	0	1000	10	694	300000	-1	-1	703	800000	662	400000	659	200000	-1	-1	-1	-1	-1	-1	-1	-1	-1	-1	-1	-1	-1	-1	91379	1619	1157	578	694	809	1255	1380	1443	1631	1882	50	100	150	200	500	6000	6610
6612	变异炎火鬃鼠	661	75	9	1	0	1000	10	694	300000	-1	-1	703	800000	662	400000	659	200000	-1	-1	-1	-1	-1	-1	-1	-1	-1	-1	-1	-1	-1	-1	91379	1697	1212	606	727	848	1255	1380	1443	1631	1882	50	100	150	200	500	6000	6610
6613	变异炎火鬃鼠	661	75	9	1	0	1000	10	694	300000	-1	-1	703	800000	662	400000	659	200000	-1	-1	-1	-1	-1	-1	-1	-1	-1	-1	-1	-1	-1	-1	91379	1774	1267	633	760	887	1255	1380	1443	1631	1882	50	100	150	200	500	6000	6610
6614	变异炎火鬃鼠	661	75	9	1	0	1000	10	694	300000	-1	-1	703	800000	662	400000	659	200000	-1	-1	-1	-1	-1	-1	-1	-1	-1	-1	-1	-1	-1	-1	91379	1851	1322	661	793	925	1255	1380	1443	1631	1882	50	100	150	200	500	6000	6610
6615	变异炎火鬃鼠	661	75	9	1	0	1000	10	694	300000	-1	-1	703	800000	662	400000	659	200000	-1	-1	-1	-1	-1	-1	-1	-1	-1	-1	-1	-1	-1	-1	91379	1928	1377	688	826	964	1255	1380	1443	1631	1882	50	100	150	200	500	6000	6610
6616	变异炎火鬃鼠	661	75	9	1	0	1000	10	694	300000	-1	-1	703	800000	662	400000	659	200000	-1	-1	-1	-1	-1	-1	-1	-1	-1	-1	-1	-1	-1	-1	91379	2005	1432	716	859	1002	1255	1380	1443	1631	1882	50	100	150	200	500	6000	6610
6619	炎火鬃鼠宝宝	661	75	9	0	1	1000	10	694	300000	-1	-1	703	800000	662	400000	659	200000	-1	-1	-1	-1	-1	-1	-1	-1	-1	-1	-1	-1	-1	-1	91379	1542	1102	551	661	771	1255	1380	1443	1631	1882	50	100	150	200	500	6000	6610
6620	成年玄翼兽	662	65	9	0	0	1000	10	698	300000	-1	-1	705	800000	734	400000	660	200000	-1	-1	-1	-1	-1	-1	-1	-1	-1	-1	-1	-1	-1	-1	87787	530	795	1496	742	1061	1153	1268	1325	1498	1729	500	200	150	100	50	6000	6620
6621	变异玄翼兽	662	65	9	1	0	1000	10	698	300000	-1	-1	705	800000	734	400000	660	200000	-1	-1	-1	-1	-1	-1	-1	-1	-1	-1	-1	-1	-1	-1	87787	562	843	1585	787	1124	1153	1268	1325	1498	1729	500	200	150	100	50	6000	6620
6622	变异玄翼兽	662	65	9	1	0	1000	10	698	300000	-1	-1	705	800000	734	400000	660	200000	-1	-1	-1	-1	-1	-1	-1	-1	-1	-1	-1	-1	-1	-1	87787	594	891	1675	831	1188	1153	1268	1325	1498	1729	500	200	150	100	50	6000	6620
6623	变异玄翼兽	662	65	9	1	0	1000	10	698	300000	-1	-1	705	800000	734	400000	660	200000	-1	-1	-1	-1	-1	-1	-1	-1	-1	-1	-1	-1	-1	-1	87787	625	938	1765	876	1251	1153	1268	1325	1498	1729	500	200	150	100	50	6000	6620
6624	变异玄翼兽	662	65	9	1	0	1000	10	698	300000	-1	-1	705	800000	734	400000	660	200000	-1	-1	-1	-1	-1	-1	-1	-1	-1	-1	-1	-1	-1	-1	87787	657	986	1855	920	1315	1153	1268	1325	1498	1729	500	200	150	100	50	6000	6620
6625	变异玄翼兽	662	65	9	1	0	1000	10	698	300000	-1	-1	705	800000	734	400000	660	200000	-1	-1	-1	-1	-1	-1	-1	-1	-1	-1	-1	-1	-1	-1	87787	689	1034	1944	965	1379	1153	1268	1325	1498	1729	500	200	150	100	50	6000	6620
6629	玄翼兽宝宝	662	65	9	0	1	1000	10	698	300000	-1	-1	705	800000	734	400000	660	200000	-1	-1	-1	-1	-1	-1	-1	-1	-1	-1	-1	-1	-1	-1	87787	530	795	1496	742	1061	1153	1268	1325	1498	1729	500	200	150	100	50	6000	6620
6630	成年蚩玄翼兽	663	75	9	0	0	1000	10	698	300000	-1	-1	705	800000	734	400000	660	200000	-1	-1	-1	-1	-1	-1	-1	-1	-1	-1	-1	-1	-1	-1	91379	551	826	1553	771	1102	1255	1380	1443	1631	1882	500	200	150	100	50	6000	6630
6631	变异蚩玄翼兽	663	75	9	1	0	1000	10	698	300000	-1	-1	705	800000	734	400000	660	200000	-1	-1	-1	-1	-1	-1	-1	-1	-1	-1	-1	-1	-1	-1	91379	578	867	1631	809	1157	1255	1380	1443	1631	1882	500	200	150	100	50	6000	6630
6632	变异蚩玄翼兽	663	75	9	1	0	1000	10	698	300000	-1	-1	705	800000	734	400000	660	200000	-1	-1	-1	-1	-1	-1	-1	-1	-1	-1	-1	-1	-1	-1	91379	606	909	1709	848	1212	1255	1380	1443	1631	1882	500	200	150	100	50	6000	6630
6633	变异蚩玄翼兽	663	75	9	1	0	1000	10	698	300000	-1	-1	705	800000	734	400000	660	200000	-1	-1	-1	-1	-1	-1	-1	-1	-1	-1	-1	-1	-1	-1	91379	633	950	1786	887	1267	1255	1380	1443	1631	1882	500	200	150	100	50	6000	6630
6634	变异蚩玄翼兽	663	75	9	1	0	1000	10	698	300000	-1	-1	705	800000	734	400000	660	200000	-1	-1	-1	-1	-1	-1	-1	-1	-1	-1	-1	-1	-1	-1	91379	661	991	1864	925	1322	1255	1380	1443	1631	1882	500	200	150	100	50	6000	6630
6635	变异蚩玄翼兽	663	75	9	1	0	1000	10	698	300000	-1	-1	705	800000	734	400000	660	200000	-1	-1	-1	-1	-1	-1	-1	-1	-1	-1	-1	-1	-1	-1	91379	688	1033	1942	964	1377	1255	1380	1443	1631	1882	500	200	150	100	50	6000	6630
6636	变异蚩玄翼兽	663	75	9	1	0	1000	10	698	300000	-1	-1	705	800000	734	400000	660	200000	-1	-1	-1	-1	-1	-1	-1	-1	-1	-1	-1	-1	-1	-1	91379	716	1074	2019	1002	1432	1255	1380	1443	1631	1882	500	200	150	100	50	6000	6630
6639	蚩玄翼兽宝宝	663	75	9	0	1	1000	10	698	300000	-1	-1	705	800000	734	400000	660	200000	-1	-1	-1	-1	-1	-1	-1	-1	-1	-1	-1	-1	-1	-1	91379	551	826	1553	771	1102	1255	1380	1443	1631	1882	500	200	150	100	50	6000	6630
6640	成年玉兔	664	5	9	0	0	100	10	739	300000	-1	-1	702	900000	670	250000	660	100000	-1	-1	-1	-1	-1	-1	-1	-1	-1	-1	-1	-1	-1	-1	77012	656	750	1219	750	1031	846	930	972	1099	1269	500	200	150	100	50	6000	6640
6641	变异玉兔	664	5	9	1	0	100	10	739	300000	-1	-1	702	900000	670	250000	660	100000	-1	-1	-1	-1	-1	-1	-1	-1	-1	-1	-1	-1	-1	-1	77012	755	862	1402	862	1186	846	930	972	1099	1269	500	200	150	100	50	6000	6640
6642	变异玉兔	664	5	9	1	0	100	10	739	300000	-1	-1	702	900000	670	250000	660	100000	-1	-1	-1	-1	-1	-1	-1	-1	-1	-1	-1	-1	-1	-1	77012	853	975	1585	975	1341	846	930	972	1099	1269	500	200	150	100	50	6000	6640
6649	玉兔宝宝	664	5	9	0	1	100	10	739	300000	-1	-1	702	900000	670	250000	660	100000	-1	-1	-1	-1	-1	-1	-1	-1	-1	-1	-1	-1	-1	-1	77012	656	750	1219	750	1031	846	930	972	1099	1269	500	200	150	100	50	6000	6640
6650	成年皓月玉兔	665	45	9	0	0	100	10	739	350000	-1	-1	702	900000	670	300000	660	150000	-1	-1	-1	-1	-1	-1	-1	-1	-1	-1	-1	-1	-1	-1	80604	685	783	1272	783	1076	948	1042	1090	1232	1422	500	200	150	100	50	6000	6650
6651	变异皓月玉兔	665	45	9	1	0	100	10	739	350000	-1	-1	702	900000	670	300000	660	150000	-1	-1	-1	-1	-1	-1	-1	-1	-1	-1	-1	-1	-1	-1	80604	753	861	1399	861	1184	948	1042	1090	1232	1422	500	200	150	100	50	6000	6650
6652	变异皓月玉兔	665	45	9	1	0	100	10	739	350000	-1	-1	702	900000	670	300000	660	150000	-1	-1	-1	-1	-1	-1	-1	-1	-1	-1	-1	-1	-1	-1	80604	822	939	1527	939	1292	948	1042	1090	1232	1422	500	200	150	100	50	6000	6650
6653	变异皓月玉兔	665	45	9	1	0	100	10	739	350000	-1	-1	702	900000	670	300000	660	150000	-1	-1	-1	-1	-1	-1	-1	-1	-1	-1	-1	-1	-1	-1	80604	890	1018	1654	1018	1399	948	1042	1090	1232	1422	500	200	150	100	50	6000	6650
6659	皓月玉兔宝宝	665	45	9	0	1	100	10	739	350000	-1	-1	702	900000	670	300000	660	150000	-1	-1	-1	-1	-1	-1	-1	-1	-1	-1	-1	-1	-1	-1	80604	685	783	1272	783	1076	948	1042	1090	1232	1422	500	200	150	100	50	6000	6650
6660	成年蟾宫玉兔	666	55	9	0	0	100	10	739	400000	-1	-1	702	900000	670	350000	660	200000	-1	-1	-1	-1	-1	-1	-1	-1	-1	-1	-1	-1	-1	-1	84195	714	816	1326	816	1122	1051	1156	1208	1366	1576	500	200	150	100	50	6000	6660
6661	变异蟾宫玉兔	666	55	9	1	0	100	10	739	400000	-1	-1	702	900000	670	350000	660	200000	-1	-1	-1	-1	-1	-1	-1	-1	-1	-1	-1	-1	-1	-1	84195	767	877	1425	877	1206	1051	1156	1208	1366	1576	500	200	150	100	50	6000	6660
6662	变异蟾宫玉兔	666	55	9	1	0	100	10	739	400000	-1	-1	702	900000	670	350000	660	200000	-1	-1	-1	-1	-1	-1	-1	-1	-1	-1	-1	-1	-1	-1	84195	821	938	1524	938	1290	1051	1156	1208	1366	1576	500	200	150	100	50	6000	6660
6663	变异蟾宫玉兔	666	55	9	1	0	100	10	739	400000	-1	-1	702	900000	670	350000	660	200000	-1	-1	-1	-1	-1	-1	-1	-1	-1	-1	-1	-1	-1	-1	84195	874	999	1624	999	1374	1051	1156	1208	1366	1576	500	200	150	100	50	6000	6660
6664	变异蟾宫玉兔	666	55	9	1	0	100	10	739	400000	-1	-1	702	900000	670	350000	660	200000	-1	-1	-1	-1	-1	-1	-1	-1	-1	-1	-1	-1	-1	-1	84195	928	1060	1723	1060	1458	1051	1156	1208	1366	1576	500	200	150	100	50	6000	6660
6669	蟾宫玉兔宝宝	666	55	9	0	1	100	10	739	400000	-1	-1	702	900000	670	350000	660	200000	-1	-1	-1	-1	-1	-1	-1	-1	-1	-1	-1	-1	-1	-1	84195	714	816	1326	816	1122	1051	1156	1208	1366	1576	500	200	150	100	50	6000	6660
6670	成年嫦娥玉兔	667	65	9	0	0	100	10	739	450000	-1	-1	702	900000	670	400000	660	250000	-1	-1	-1	-1	-1	-1	-1	-1	-1	-1	-1	-1	-1	-1	87787	742	848	1379	848	1167	1153	1268	1325	1498	1729	500	200	150	100	50	6000	6670
6671	变异嫦娥玉兔	667	65	9	1	0	100	10	739	450000	-1	-1	702	900000	670	400000	660	250000	-1	-1	-1	-1	-1	-1	-1	-1	-1	-1	-1	-1	-1	-1	87787	787	899	1462	899	1237	1153	1268	1325	1498	1729	500	200	150	100	50	6000	6670
6672	变异嫦娥玉兔	667	65	9	1	0	100	10	739	450000	-1	-1	702	900000	670	400000	660	250000	-1	-1	-1	-1	-1	-1	-1	-1	-1	-1	-1	-1	-1	-1	87787	831	950	1544	950	1307	1153	1268	1325	1498	1729	500	200	150	100	50	6000	6670
6673	变异嫦娥玉兔	667	65	9	1	0	100	10	739	450000	-1	-1	702	900000	670	400000	660	250000	-1	-1	-1	-1	-1	-1	-1	-1	-1	-1	-1	-1	-1	-1	87787	876	1001	1627	1001	1377	1153	1268	1325	1498	1729	500	200	150	100	50	6000	6670
6674	变异嫦娥玉兔	667	65	9	1	0	100	10	739	450000	-1	-1	702	900000	670	400000	660	250000	-1	-1	-1	-1	-1	-1	-1	-1	-1	-1	-1	-1	-1	-1	87787	920	1052	1710	1052	1447	1153	1268	1325	1498	1729	500	200	150	100	50	6000	6670
6675	变异嫦娥玉兔	667	65	9	1	0	100	10	739	450000	-1	-1	702	900000	670	400000	660	250000	-1	-1	-1	-1	-1	-1	-1	-1	-1	-1	-1	-1	-1	-1	87787	965	1103	1793	1103	1517	1153	1268	1325	1498	1729	500	200	150	100	50	6000	6670
6679	嫦娥玉兔宝宝	667	65	9	0	1	100	10	739	450000	-1	-1	702	900000	670	400000	660	250000	-1	-1	-1	-1	-1	-1	-1	-1	-1	-1	-1	-1	-1	-1	87787	742	848	1379	848	1167	1153	1268	1325	1498	1729	500	200	150	100	50	6000	6670
6680	成年尖牙暴龙	668	45	9	0	0	1000	10	694	300000	-1	-1	722	900000	706	250000	661	100000	-1	-1	-1	-1	-1	-1	-1	-1	-1	-1	-1	-1	-1	-1	84195	1428	1020	510	918	714	1051	1156	1208	1366	1576	50	150	200	100	500	6000	6680
6681	变异尖牙暴龙	668	45	9	1	0	1000	10	694	300000	-1	-1	722	900000	706	250000	661	100000	-1	-1	-1	-1	-1	-1	-1	-1	-1	-1	-1	-1	-1	-1	84195	1535	1096	548	986	767	1051	1156	1208	1366	1576	50	150	200	100	500	6000	6680
6682	变异尖牙暴龙	668	45	9	1	0	1000	10	694	300000	-1	-1	722	900000	706	250000	661	100000	-1	-1	-1	-1	-1	-1	-1	-1	-1	-1	-1	-1	-1	-1	84195	1642	1173	586	1055	821	1051	1156	1208	1366	1576	50	150	200	100	500	6000	6680
6683	变异尖牙暴龙	668	45	9	1	0	1000	10	694	300000	-1	-1	722	900000	706	250000	661	100000	-1	-1	-1	-1	-1	-1	-1	-1	-1	-1	-1	-1	-1	-1	84195	1749	1249	624	1124	874	1051	1156	1208	1366	1576	50	150	200	100	500	6000	6680
6689	尖牙暴龙宝宝	668	45	9	0	1	1000	10	694	300000	-1	-1	722	900000	706	250000	661	100000	-1	-1	-1	-1	-1	-1	-1	-1	-1	-1	-1	-1	-1	-1	84195	1428	1020	510	918	714	1051	1156	1208	1366	1576	50	150	200	100	500	6000	6680
6690	成年利牙暴龙	669	55	9	0	0	1000	10	694	350000	-1	-1	722	900000	706	300000	661	150000	-1	-1	-1	-1	-1	-1	-1	-1	-1	-1	-1	-1	-1	-1	87787	1485	1061	530	954	742	1153	1268	1325	1498	1729	50	150	200	100	500	6000	6690
6691	变异利牙暴龙	669	55	9	1	0	1000	10	694	350000	-1	-1	722	900000	706	300000	661	150000	-1	-1	-1	-1	-1	-1	-1	-1	-1	-1	-1	-1	-1	-1	87787	1574	1124	562	1012	787	1153	1268	1325	1498	1729	50	150	200	100	500	6000	6690
6692	变异利牙暴龙	669	55	9	1	0	1000	10	694	350000	-1	-1	722	900000	706	300000	661	150000	-1	-1	-1	-1	-1	-1	-1	-1	-1	-1	-1	-1	-1	-1	87787	1663	1188	594	1069	831	1153	1268	1325	1498	1729	50	150	200	100	500	6000	6690
6693	变异利牙暴龙	669	55	9	1	0	1000	10	694	350000	-1	-1	722	900000	706	300000	661	150000	-1	-1	-1	-1	-1	-1	-1	-1	-1	-1	-1	-1	-1	-1	87787	1752	1251	625	1126	876	1153	1268	1325	1498	1729	50	150	200	100	500	6000	6690
6694	变异利牙暴龙	669	55	9	1	0	1000	10	694	350000	-1	-1	722	900000	706	300000	661	150000	-1	-1	-1	-1	-1	-1	-1	-1	-1	-1	-1	-1	-1	-1	87787	1841	1315	657	1184	920	1153	1268	1325	1498	1729	50	150	200	100	500	6000	6690
6699	利牙暴龙宝宝	669	55	9	0	1	1000	10	694	350000	-1	-1	722	900000	706	300000	661	150000	-1	-1	-1	-1	-1	-1	-1	-1	-1	-1	-1	-1	-1	-1	87787	1485	1061	530	954	742	1153	1268	1325	1498	1729	50	150	200	100	500	6000	6690
6700	成年钢牙暴龙	670	65	9	0	0	1000	10	694	400000	-1	-1	722	900000	706	350000	661	200000	-1	-1	-1	-1	-1	-1	-1	-1	-1	-1	-1	-1	-1	-1	91379	1542	1102	551	991	771	1255	1380	1443	1631	1882	50	150	200	100	500	6000	6700
6701	变异钢牙暴龙	670	65	9	1	0	1000	10	694	400000	-1	-1	722	900000	706	350000	661	200000	-1	-1	-1	-1	-1	-1	-1	-1	-1	-1	-1	-1	-1	-1	91379	1619	1157	578	1041	809	1255	1380	1443	1631	1882	50	150	200	100	500	6000	6700
6702	变异钢牙暴龙	670	65	9	1	0	1000	10	694	400000	-1	-1	722	900000	706	350000	661	200000	-1	-1	-1	-1	-1	-1	-1	-1	-1	-1	-1	-1	-1	-1	91379	1697	1212	606	1090	848	1255	1380	1443	1631	1882	50	150	200	100	500	6000	6700
6703	变异钢牙暴龙	670	65	9	1	0	1000	10	694	400000	-1	-1	722	900000	706	350000	661	200000	-1	-1	-1	-1	-1	-1	-1	-1	-1	-1	-1	-1	-1	-1	91379	1774	1267	633	1140	887	1255	1380	1443	1631	1882	50	150	200	100	500	6000	6700
6704	变异钢牙暴龙	670	65	9	1	0	1000	10	694	400000	-1	-1	722	900000	706	350000	661	200000	-1	-1	-1	-1	-1	-1	-1	-1	-1	-1	-1	-1	-1	-1	91379	1851	1322	661	1190	925	1255	1380	1443	1631	1882	50	150	200	100	500	6000	6700
6705	变异钢牙暴龙	670	65	9	1	0	1000	10	694	400000	-1	-1	722	900000	706	350000	661	200000	-1	-1	-1	-1	-1	-1	-1	-1	-1	-1	-1	-1	-1	-1	91379	1928	1377	688	1239	964	1255	1380	1443	1631	1882	50	150	200	100	500	6000	6700
6709	钢牙暴龙宝宝	670	65	9	0	1	1000	10	694	400000	-1	-1	722	900000	706	400000	661	250000	-1	-1	-1	-1	-1	-1	-1	-1	-1	-1	-1	-1	-1	-1	91379	1542	1102	551	991	771	1255	1380	1443	1631	1882	50	150	200	100	500	6000	6700
6710	成年血牙暴龙	671	75	9	0	0	1000	10	694	450000	-1	-1	722	900000	706	400000	661	250000	-1	-1	-1	-1	-1	-1	-1	-1	-1	-1	-1	-1	-1	-1	91379	1542	1102	551	991	771	1255	1380	1443	1631	1882	50	150	200	100	500	6000	6710
6711	变异血牙暴龙	671	75	9	1	0	1000	10	694	450000	-1	-1	722	900000	706	400000	661	250000	-1	-1	-1	-1	-1	-1	-1	-1	-1	-1	-1	-1	-1	-1	91379	1619	1157	578	1041	809	1255	1380	1443	1631	1882	50	150	200	100	500	6000	6710
6712	变异血牙暴龙	671	75	9	1	0	1000	10	694	450000	-1	-1	722	900000	706	400000	661	250000	-1	-1	-1	-1	-1	-1	-1	-1	-1	-1	-1	-1	-1	-1	91379	1697	1212	606	1090	848	1255	1380	1443	1631	1882	50	150	200	100	500	6000	6710
6713	变异血牙暴龙	671	75	9	1	0	1000	10	694	450000	-1	-1	722	900000	706	400000	661	250000	-1	-1	-1	-1	-1	-1	-1	-1	-1	-1	-1	-1	-1	-1	91379	1774	1267	633	1140	887	1255	1380	1443	1631	1882	50	150	200	100	500	6000	6710
6714	变异血牙暴龙	671	75	9	1	0	1000	10	694	450000	-1	-1	722	900000	706	400000	661	250000	-1	-1	-1	-1	-1	-1	-1	-1	-1	-1	-1	-1	-1	-1	91379	1851	1322	661	1190	925	1255	1380	1443	1631	1882	50	150	200	100	500	6000	6710
6715	变异血牙暴龙	671	75	9	1	0	1000	10	694	450000	-1	-1	722	900000	706	400000	661	250000	-1	-1	-1	-1	-1	-1	-1	-1	-1	-1	-1	-1	-1	-1	91379	1928	1377	688	1239	964	1255	1380	1443	1631	1882	50	150	200	100	500	6000	6710
6716	变异血牙暴龙	671	75	9	1	0	1000	10	694	450000	-1	-1	722	900000	706	400000	661	250000	-1	-1	-1	-1	-1	-1	-1	-1	-1	-1	-1	-1	-1	-1	91379	2005	1432	716	1289	1002	1255	1380	1443	1631	1882	50	150	200	100	500	6000	6710
6719	血牙暴龙宝宝	671	75	9	0	1	1000	10	694	450000	-1	-1	722	900000	706	400000	661	250000	-1	-1	-1	-1	-1	-1	-1	-1	-1	-1	-1	-1	-1	-1	91379	1542	1102	551	991	771	1255	1380	1443	1631	1882	50	150	200	100	500	6000	6710
7500	成年鸭嘴兽	750	5	9	0	0	1000	10	736	300000	-1	-1	728	900000	656	250000	734	100000	664	5000	-1	-1	-1	-1	-1	-1	-1	-1	-1	-1	-1	-1	77012	656	750	1219	750	1031	846	930	972	1099	1269	500	200	150	100	50	6000	7500
7501	变异鸭嘴兽	750	5	9	1	0	1000	10	736	300000	-1	-1	728	900000	656	250000	734	100000	664	5000	-1	-1	-1	-1	-1	-1	-1	-1	-1	-1	-1	-1	77012	755	862	1402	862	1186	846	930	972	1099	1269	500	200	150	100	50	6000	7500
7502	变异鸭嘴兽	750	5	9	1	0	1000	10	736	300000	-1	-1	728	900000	656	250000	734	100000	664	5000	-1	-1	-1	-1	-1	-1	-1	-1	-1	-1	-1	-1	77012	853	975	1585	975	1341	846	930	972	1099	1269	500	200	150	100	50	6000	7500
7509	鸭嘴兽宝宝	750	5	9	0	1	1000	10	736	300000	-1	-1	728	900000	656	250000	734	100000	664	5000	-1	-1	-1	-1	-1	-1	-1	-1	-1	-1	-1	-1	77012	656	750	1219	750	1031	846	930	972	1099	1269	500	200	150	100	50	6000	7500
7510	成年鸭嘴兽	751	45	9	0	0	1000	10	736	350000	-1	-1	728	900000	656	300000	734	150000	664	7500	-1	-1	-1	-1	-1	-1	-1	-1	-1	-1	-1	-1	80604	685	783	1272	783	1076	948	1042	1090	1232	1422	500	200	150	100	50	6000	7510
7511	变异鸭嘴兽	751	45	9	1	0	1000	10	736	350000	-1	-1	728	900000	656	300000	734	150000	664	7500	-1	-1	-1	-1	-1	-1	-1	-1	-1	-1	-1	-1	80604	753	861	1399	861	1184	948	1042	1090	1232	1422	500	200	150	100	50	6000	7510
7512	变异鸭嘴兽	751	45	9	1	0	1000	10	736	350000	-1	-1	728	900000	656	300000	734	150000	664	7500	-1	-1	-1	-1	-1	-1	-1	-1	-1	-1	-1	-1	80604	822	939	1527	939	1292	948	1042	1090	1232	1422	500	200	150	100	50	6000	7510
7513	变异鸭嘴兽	751	45	9	1	0	1000	10	736	350000	-1	-1	728	900000	656	300000	734	150000	664	7500	-1	-1	-1	-1	-1	-1	-1	-1	-1	-1	-1	-1	80604	890	1018	1654	1018	1399	948	1042	1090	1232	1422	500	200	150	100	50	6000	7510
7519	鸭嘴兽宝宝	751	45	9	0	1	1000	10	736	350000	-1	-1	728	900000	656	300000	734	150000	664	7500	-1	-1	-1	-1	-1	-1	-1	-1	-1	-1	-1	-1	80604	685	783	1272	783	1076	948	1042	1090	1232	1422	500	200	150	100	50	6000	7510
7520	成年鸭嘴兽	752	55	9	0	0	1000	10	736	400000	-1	-1	728	900000	656	350000	734	200000	664	10000	-1	-1	-1	-1	-1	-1	-1	-1	-1	-1	-1	-1	84195	714	816	1326	816	1122	1051	1156	1208	1366	1576	500	200	150	100	50	6000	7520
7521	变异鸭嘴兽	752	55	9	1	0	1000	10	736	400000	-1	-1	728	900000	656	350000	734	200000	664	10000	-1	-1	-1	-1	-1	-1	-1	-1	-1	-1	-1	-1	84195	767	877	1425	877	1206	1051	1156	1208	1366	1576	500	200	150	100	50	6000	7520
7522	变异鸭嘴兽	752	55	9	1	0	1000	10	736	400000	-1	-1	728	900000	656	350000	734	200000	664	10000	-1	-1	-1	-1	-1	-1	-1	-1	-1	-1	-1	-1	84195	821	938	1524	938	1290	1051	1156	1208	1366	1576	500	200	150	100	50	6000	7520
7523	变异鸭嘴兽	752	55	9	1	0	1000	10	736	400000	-1	-1	728	900000	656	350000	734	200000	664	10000	-1	-1	-1	-1	-1	-1	-1	-1	-1	-1	-1	-1	84195	874	999	1624	999	1374	1051	1156	1208	1366	1576	500	200	150	100	50	6000	7520
7524	变异鸭嘴兽	752	55	9	1	0	1000	10	736	400000	-1	-1	728	900000	656	350000	734	200000	664	10000	-1	-1	-1	-1	-1	-1	-1	-1	-1	-1	-1	-1	84195	928	1060	1723	1060	1458	1051	1156	1208	1366	1576	500	200	150	100	50	6000	7520
7529	鸭嘴兽宝宝	752	55	9	0	1	1000	10	736	400000	-1	-1	728	900000	656	350000	734	200000	664	10000	-1	-1	-1	-1	-1	-1	-1	-1	-1	-1	-1	-1	84195	714	816	1326	816	1122	1051	1156	1208	1366	1576	500	200	150	100	50	6000	7520
7530	成年鸭嘴兽	753	65	9	0	0	1000	10	736	450000	-1	-1	728	900000	656	400000	734	250000	664	12500	-1	-1	-1	-1	-1	-1	-1	-1	-1	-1	-1	-1	87787	742	848	1379	848	1167	1153	1268	1325	1498	1729	500	200	150	100	50	6000	7530
7531	变异鸭嘴兽	753	65	9	1	0	1000	10	736	450000	-1	-1	728	900000	656	400000	734	250000	664	12500	-1	-1	-1	-1	-1	-1	-1	-1	-1	-1	-1	-1	87787	787	899	1462	899	1237	1153	1268	1325	1498	1729	500	200	150	100	50	6000	7530
7532	变异鸭嘴兽	753	65	9	1	0	1000	10	736	450000	-1	-1	728	900000	656	400000	734	250000	664	12500	-1	-1	-1	-1	-1	-1	-1	-1	-1	-1	-1	-1	87787	831	950	1544	950	1307	1153	1268	1325	1498	1729	500	200	150	100	50	6000	7530
7533	变异鸭嘴兽	753	65	9	1	0	1000	10	736	450000	-1	-1	728	900000	656	400000	734	250000	664	12500	-1	-1	-1	-1	-1	-1	-1	-1	-1	-1	-1	-1	87787	876	1001	1627	1001	1377	1153	1268	1325	1498	1729	500	200	150	100	50	6000	7530
7534	变异鸭嘴兽	753	65	9	1	0	1000	10	736	450000	-1	-1	728	900000	656	400000	734	250000	664	12500	-1	-1	-1	-1	-1	-1	-1	-1	-1	-1	-1	-1	87787	920	1052	1710	1052	1447	1153	1268	1325	1498	1729	500	200	150	100	50	6000	7530
7535	变异鸭嘴兽	753	65	9	1	0	1000	10	736	450000	-1	-1	728	900000	656	400000	734	250000	664	12500	-1	-1	-1	-1	-1	-1	-1	-1	-1	-1	-1	-1	87787	965	1103	1793	1103	1517	1153	1268	1325	1498	1729	500	200	150	100	50	6000	7530
7539	鸭嘴兽宝宝	753	65	9	0	1	1000	10	736	450000	-1	-1	728	900000	656	400000	734	250000	664	12500	-1	-1	-1	-1	-1	-1	-1	-1	-1	-1	-1	-1	87787	742	848	1379	848	1167	1153	1268	1325	1498	1729	500	200	150	100	50	6000	7530
7540	成年鸭嘴兽	754	75	9	0	0	1000	10	736	500000	-1	-1	728	900000	656	450000	734	300000	664	15000	-1	-1	-1	-1	-1	-1	-1	-1	-1	-1	-1	-1	91379	771	881	1432	881	1212	1255	1380	1443	1631	1882	500	200	150	100	50	6000	7540
7541	变异鸭嘴兽	754	75	9	1	0	1000	10	736	500000	-1	-1	728	900000	656	450000	734	300000	664	15000	-1	-1	-1	-1	-1	-1	-1	-1	-1	-1	-1	-1	91379	809	925	1504	925	1272	1255	1380	1443	1631	1882	500	200	150	100	50	6000	7540
7542	变异鸭嘴兽	754	75	9	1	0	1000	10	736	500000	-1	-1	728	900000	656	450000	734	300000	664	15000	-1	-1	-1	-1	-1	-1	-1	-1	-1	-1	-1	-1	91379	848	969	1575	969	1333	1255	1380	1443	1631	1882	500	200	150	100	50	6000	7540
7543	变异鸭嘴兽	754	75	9	1	0	1000	10	736	500000	-1	-1	728	900000	656	450000	734	300000	664	15000	-1	-1	-1	-1	-1	-1	-1	-1	-1	-1	-1	-1	91379	887	1013	1647	1013	1394	1255	1380	1443	1631	1882	500	200	150	100	50	6000	7540
7544	变异鸭嘴兽	754	75	9	1	0	1000	10	736	500000	-1	-1	728	900000	656	450000	734	300000	664	15000	-1	-1	-1	-1	-1	-1	-1	-1	-1	-1	-1	-1	91379	925	1057	1719	1057	1454	1255	1380	1443	1631	1882	500	200	150	100	50	6000	7540
7545	变异鸭嘴兽	754	75	9	1	0	1000	10	736	500000	-1	-1	728	900000	656	450000	734	300000	664	15000	-1	-1	-1	-1	-1	-1	-1	-1	-1	-1	-1	-1	91379	964	1102	1790	1102	1515	1255	1380	1443	1631	1882	500	200	150	100	50	6000	7540
7546	变异鸭嘴兽	754	75	9	1	0	1000	10	736	500000	-1	-1	728	900000	656	450000	734	300000	664	15000	-1	-1	-1	-1	-1	-1	-1	-1	-1	-1	-1	-1	91379	1002	1146	1862	1146	1575	1255	1380	1443	1631	1882	500	200	150	100	50	6000	7540
7549	鸭嘴兽宝宝	754	75	9	0	1	1000	10	736	500000	-1	-1	728	900000	656	450000	734	300000	664	15000	-1	-1	-1	-1	-1	-1	-1	-1	-1	-1	-1	-1	91379	771	881	1432	881	1212	1255	1380	1443	1631	1882	500	200	150	100	50	6000	7540
7550	成年鸭嘴兽	755	85	9	0	0	1000	10	736	550000	-1	-1	728	900000	656	500000	734	350000	664	17500	-1	-1	-1	-1	-1	-1	-1	-1	-1	-1	-1	-1	94971	799	913	1484	913	1256	1357	1492	1560	1764	2035	500	200	150	100	50	6000	7550
7551	变异鸭嘴兽	755	85	9	1	0	1000	10	736	550000	-1	-1	728	900000	656	500000	734	350000	664	17500	-1	-1	-1	-1	-1	-1	-1	-1	-1	-1	-1	-1	94971	833	952	1548	952	1310	1357	1492	1560	1764	2035	500	200	150	100	50	6000	7550
7552	变异鸭嘴兽	755	85	9	1	0	1000	10	736	550000	-1	-1	728	900000	656	500000	734	350000	664	17500	-1	-1	-1	-1	-1	-1	-1	-1	-1	-1	-1	-1	94971	867	991	1611	991	1363	1357	1492	1560	1764	2035	500	200	150	100	50	6000	7550
7553	变异鸭嘴兽	755	85	9	1	0	1000	10	736	550000	-1	-1	728	900000	656	500000	734	350000	664	17500	-1	-1	-1	-1	-1	-1	-1	-1	-1	-1	-1	-1	94971	902	1031	1675	1031	1417	1357	1492	1560	1764	2035	500	200	150	100	50	6000	7550
7554	变异鸭嘴兽	755	85	9	1	0	1000	10	736	550000	-1	-1	728	900000	656	500000	734	350000	664	17500	-1	-1	-1	-1	-1	-1	-1	-1	-1	-1	-1	-1	94971	936	1070	1739	1070	1471	1357	1492	1560	1764	2035	500	200	150	100	50	6000	7550
7555	变异鸭嘴兽	755	85	9	1	0	1000	10	736	550000	-1	-1	728	900000	656	500000	734	350000	664	17500	-1	-1	-1	-1	-1	-1	-1	-1	-1	-1	-1	-1	94971	970	1109	1802	1109	1525	1357	1492	1560	1764	2035	500	200	150	100	50	6000	7550
7556	变异鸭嘴兽	755	85	9	1	0	1000	10	736	550000	-1	-1	728	900000	656	500000	734	350000	664	17500	-1	-1	-1	-1	-1	-1	-1	-1	-1	-1	-1	-1	94971	1004	1148	1866	1148	1579	1357	1492	1560	1764	2035	500	200	150	100	50	6000	7550
7557	变异鸭嘴兽	755	85	9	1	0	1000	10	736	550000	-1	-1	728	900000	656	500000	734	350000	664	17500	-1	-1	-1	-1	-1	-1	-1	-1	-1	-1	-1	-1	94971	1039	1187	1929	1187	1633	1357	1492	1560	1764	2035	500	200	150	100	50	6000	7550
7559	鸭嘴兽宝宝	755	85	9	0	1	1000	10	736	550000	-1	-1	728	900000	656	500000	734	350000	664	17500	-1	-1	-1	-1	-1	-1	-1	-1	-1	-1	-1	-1	94971	799	913	1484	913	1256	1357	1492	1560	1764	2035	500	200	150	100	50	6000	7550
7560	成年鸭嘴兽	756	95	9	0	0	1000	10	736	600000	-1	-1	728	900000	656	550000	734	400000	664	20000	-1	-1	-1	-1	-1	-1	-1	-1	-1	-1	-1	-1	98563	828	946	1537	946	1301	1459	1604	1677	1896	2188	500	200	150	100	50	6000	7560
7561	变异鸭嘴兽	756	95	9	1	0	1000	10	736	600000	-1	-1	728	900000	656	550000	734	400000	664	20000	-1	-1	-1	-1	-1	-1	-1	-1	-1	-1	-1	-1	98563	859	981	1595	981	1350	1459	1604	1677	1896	2188	500	200	150	100	50	6000	7560
7562	变异鸭嘴兽	756	95	9	1	0	1000	10	736	600000	-1	-1	728	900000	656	550000	734	400000	664	20000	-1	-1	-1	-1	-1	-1	-1	-1	-1	-1	-1	-1	98563	890	1017	1653	1017	1398	1459	1604	1677	1896	2188	500	200	150	100	50	6000	7560
7563	变异鸭嘴兽	756	95	9	1	0	1000	10	736	600000	-1	-1	728	900000	656	550000	734	400000	664	20000	-1	-1	-1	-1	-1	-1	-1	-1	-1	-1	-1	-1	98563	921	1052	1710	1052	1447	1459	1604	1677	1896	2188	500	200	150	100	50	6000	7560
7564	变异鸭嘴兽	756	95	9	1	0	1000	10	736	600000	-1	-1	728	900000	656	550000	734	400000	664	20000	-1	-1	-1	-1	-1	-1	-1	-1	-1	-1	-1	-1	98563	952	1088	1768	1088	1496	1459	1604	1677	1896	2188	500	200	150	100	50	6000	7560
7565	变异鸭嘴兽	756	95	9	1	0	1000	10	736	600000	-1	-1	728	900000	656	550000	734	400000	664	20000	-1	-1	-1	-1	-1	-1	-1	-1	-1	-1	-1	-1	98563	983	1123	1826	1123	1545	1459	1604	1677	1896	2188	500	200	150	100	50	6000	7560
7566	变异鸭嘴兽	756	95	9	1	0	1000	10	736	600000	-1	-1	728	900000	656	550000	734	400000	664	20000	-1	-1	-1	-1	-1	-1	-1	-1	-1	-1	-1	-1	98563	1014	1159	1883	1159	1594	1459	1604	1677	1896	2188	500	200	150	100	50	6000	7560
7567	变异鸭嘴兽	756	95	9	1	0	1000	10	736	600000	-1	-1	728	900000	656	550000	734	400000	664	20000	-1	-1	-1	-1	-1	-1	-1	-1	-1	-1	-1	-1	98563	1045	1194	1941	1194	1642	1459	1604	1677	1896	2188	500	200	150	100	50	6000	7560
7568	变异鸭嘴兽	756	95	9	1	0	1000	10	736	600000	-1	-1	728	900000	656	550000	734	400000	664	20000	-1	-1	-1	-1	-1	-1	-1	-1	-1	-1	-1	-1	98563	1076	1230	1999	1230	1691	1459	1604	1677	1896	2188	500	200	150	100	50	6000	7560
7569	鸭嘴兽宝宝	756	95	9	0	1	1000	10	736	600000	-1	-1	728	900000	656	550000	734	400000	664	20000	-1	-1	-1	-1	-1	-1	-1	-1	-1	-1	-1	-1	98563	828	946	1537	946	1301	1459	1604	1677	1896	2188	500	200	150	100	50	6000	7560
7570	成年雪狐	757	5	9	0	0	1000	10	700	300000	-1	-1	734	900000	702	250000	712	100000	666	5000	-1	-1	-1	-1	-1	-1	-1	-1	-1	-1	-1	-1	77012	938	844	750	1219	656	846	930	972	1099	1269	100	200	150	500	50	6000	7570
7571	变异雪狐	757	5	9	1	0	1000	10	700	300000	-1	-1	734	900000	702	250000	712	100000	666	5000	-1	-1	-1	-1	-1	-1	-1	-1	-1	-1	-1	-1	77012	1078	970	862	1402	755	846	930	972	1099	1269	100	200	150	500	50	6000	7570
7572	变异雪狐	757	5	9	1	0	1000	10	700	300000	-1	-1	734	900000	702	250000	712	100000	666	5000	-1	-1	-1	-1	-1	-1	-1	-1	-1	-1	-1	-1	77012	1219	1097	975	1585	853	846	930	972	1099	1269	100	200	150	500	50	6000	7570
7579	雪狐宝宝	757	5	9	0	1	1000	10	700	300000	-1	-1	734	900000	702	250000	712	100000	666	5000	-1	-1	-1	-1	-1	-1	-1	-1	-1	-1	-1	-1	77012	938	844	750	1219	656	846	930	972	1099	1269	100	200	150	500	50	6000	7570
7580	成年雪狐	758	45	9	0	0	1000	10	700	350000	-1	-1	734	900000	702	300000	712	150000	666	7500	-1	-1	-1	-1	-1	-1	-1	-1	-1	-1	-1	-1	80604	979	881	783	1272	685	948	1042	1090	1232	1422	100	200	150	500	50	6000	7580
7581	变异雪狐	758	45	9	1	0	1000	10	700	350000	-1	-1	734	900000	702	300000	712	150000	666	7500	-1	-1	-1	-1	-1	-1	-1	-1	-1	-1	-1	-1	80604	1076	969	861	1399	753	948	1042	1090	1232	1422	100	200	150	500	50	6000	7580
7582	变异雪狐	758	45	9	1	0	1000	10	700	350000	-1	-1	734	900000	702	300000	712	150000	666	7500	-1	-1	-1	-1	-1	-1	-1	-1	-1	-1	-1	-1	80604	1174	1057	939	1527	822	948	1042	1090	1232	1422	100	200	150	500	50	6000	7580
7583	变异雪狐	758	45	9	1	0	1000	10	700	350000	-1	-1	734	900000	702	300000	712	150000	666	7500	-1	-1	-1	-1	-1	-1	-1	-1	-1	-1	-1	-1	80604	1272	1145	1018	1654	890	948	1042	1090	1232	1422	100	200	150	500	50	6000	7580
7589	雪狐宝宝	758	45	9	0	1	1000	10	700	350000	-1	-1	734	900000	702	300000	712	150000	666	7500	-1	-1	-1	-1	-1	-1	-1	-1	-1	-1	-1	-1	80604	979	881	783	1272	685	948	1042	1090	1232	1422	100	200	150	500	50	6000	7580
7590	成年雪狐	759	55	9	0	0	1000	10	700	400000	-1	-1	734	900000	702	350000	712	200000	666	10000	-1	-1	-1	-1	-1	-1	-1	-1	-1	-1	-1	-1	84195	1020	918	816	1326	714	1051	1156	1208	1366	1576	100	200	150	500	50	6000	7590
7591	变异雪狐	759	55	9	1	0	1000	10	700	400000	-1	-1	734	900000	702	350000	712	200000	666	10000	-1	-1	-1	-1	-1	-1	-1	-1	-1	-1	-1	-1	84195	1096	986	877	1425	767	1051	1156	1208	1366	1576	100	200	150	500	50	6000	7590
7592	变异雪狐	759	55	9	1	0	1000	10	700	400000	-1	-1	734	900000	702	350000	712	200000	666	10000	-1	-1	-1	-1	-1	-1	-1	-1	-1	-1	-1	-1	84195	1173	1055	938	1524	821	1051	1156	1208	1366	1576	100	200	150	500	50	6000	7590
7593	变异雪狐	759	55	9	1	0	1000	10	700	400000	-1	-1	734	900000	702	350000	712	200000	666	10000	-1	-1	-1	-1	-1	-1	-1	-1	-1	-1	-1	-1	84195	1249	1124	999	1624	874	1051	1156	1208	1366	1576	100	200	150	500	50	6000	7590
7594	变异雪狐	759	55	9	1	0	1000	10	700	400000	-1	-1	734	900000	702	350000	712	200000	666	10000	-1	-1	-1	-1	-1	-1	-1	-1	-1	-1	-1	-1	84195	1326	1193	1060	1723	928	1051	1156	1208	1366	1576	100	200	150	500	50	6000	7590
7599	雪狐宝宝	759	55	9	0	1	1000	10	700	400000	-1	-1	734	900000	702	350000	712	200000	666	10000	-1	-1	-1	-1	-1	-1	-1	-1	-1	-1	-1	-1	84195	1020	918	816	1326	714	1051	1156	1208	1366	1576	100	200	150	500	50	6000	7590
7600	成年雪狐	760	65	9	0	0	1000	10	700	450000	-1	-1	734	900000	702	400000	712	250000	666	12500	-1	-1	-1	-1	-1	-1	-1	-1	-1	-1	-1	-1	87787	1061	954	848	1379	742	1153	1268	1325	1498	1729	100	200	150	500	50	6000	7600
7601	变异雪狐	760	65	9	1	0	1000	10	700	450000	-1	-1	734	900000	702	400000	712	250000	666	12500	-1	-1	-1	-1	-1	-1	-1	-1	-1	-1	-1	-1	87787	1124	1012	899	1462	787	1153	1268	1325	1498	1729	100	200	150	500	50	6000	7600
7602	变异雪狐	760	65	9	1	0	1000	10	700	450000	-1	-1	734	900000	702	400000	712	250000	666	12500	-1	-1	-1	-1	-1	-1	-1	-1	-1	-1	-1	-1	87787	1188	1069	950	1544	831	1153	1268	1325	1498	1729	100	200	150	500	50	6000	7600
7603	变异雪狐	760	65	9	1	0	1000	10	700	450000	-1	-1	734	900000	702	400000	712	250000	666	12500	-1	-1	-1	-1	-1	-1	-1	-1	-1	-1	-1	-1	87787	1251	1126	1001	1627	876	1153	1268	1325	1498	1729	100	200	150	500	50	6000	7600
7604	变异雪狐	760	65	9	1	0	1000	10	700	450000	-1	-1	734	900000	702	400000	712	250000	666	12500	-1	-1	-1	-1	-1	-1	-1	-1	-1	-1	-1	-1	87787	1315	1184	1052	1710	920	1153	1268	1325	1498	1729	100	200	150	500	50	6000	7600
7605	变异雪狐	760	65	9	1	0	1000	10	700	450000	-1	-1	734	900000	702	400000	712	250000	666	12500	-1	-1	-1	-1	-1	-1	-1	-1	-1	-1	-1	-1	87787	1379	1241	1103	1793	965	1153	1268	1325	1498	1729	100	200	150	500	50	6000	7600
7609	雪狐宝宝	760	65	9	0	1	1000	10	700	450000	-1	-1	734	900000	702	400000	712	250000	666	12500	-1	-1	-1	-1	-1	-1	-1	-1	-1	-1	-1	-1	87787	1061	954	848	1379	742	1153	1268	1325	1498	1729	100	200	150	500	50	6000	7600
7610	成年雪狐	761	75	9	0	0	1000	10	700	500000	-1	-1	734	900000	702	450000	712	300000	666	15000	-1	-1	-1	-1	-1	-1	-1	-1	-1	-1	-1	-1	91379	1102	991	881	1432	771	1255	1380	1443	1631	1882	100	200	150	500	50	6000	7610
7611	变异雪狐	761	75	9	1	0	1000	10	700	500000	-1	-1	734	900000	702	450000	712	300000	666	15000	-1	-1	-1	-1	-1	-1	-1	-1	-1	-1	-1	-1	91379	1157	1041	925	1504	809	1255	1380	1443	1631	1882	100	200	150	500	50	6000	7610
7612	变异雪狐	761	75	9	1	0	1000	10	700	500000	-1	-1	734	900000	702	450000	712	300000	666	15000	-1	-1	-1	-1	-1	-1	-1	-1	-1	-1	-1	-1	91379	1212	1090	969	1575	848	1255	1380	1443	1631	1882	100	200	150	500	50	6000	7610
7613	变异雪狐	761	75	9	1	0	1000	10	700	500000	-1	-1	734	900000	702	450000	712	300000	666	15000	-1	-1	-1	-1	-1	-1	-1	-1	-1	-1	-1	-1	91379	1267	1140	1013	1647	887	1255	1380	1443	1631	1882	100	200	150	500	50	6000	7610
7614	变异雪狐	761	75	9	1	0	1000	10	700	500000	-1	-1	734	900000	702	450000	712	300000	666	15000	-1	-1	-1	-1	-1	-1	-1	-1	-1	-1	-1	-1	91379	1322	1190	1057	1719	925	1255	1380	1443	1631	1882	100	200	150	500	50	6000	7610
7615	变异雪狐	761	75	9	1	0	1000	10	700	500000	-1	-1	734	900000	702	450000	712	300000	666	15000	-1	-1	-1	-1	-1	-1	-1	-1	-1	-1	-1	-1	91379	1377	1239	1102	1790	964	1255	1380	1443	1631	1882	100	200	150	500	50	6000	7610
7616	变异雪狐	761	75	9	1	0	1000	10	700	500000	-1	-1	734	900000	702	450000	712	300000	666	15000	-1	-1	-1	-1	-1	-1	-1	-1	-1	-1	-1	-1	91379	1432	1289	1146	1862	1002	1255	1380	1443	1631	1882	100	200	150	500	50	6000	7610
7619	雪狐宝宝	761	75	9	0	1	1000	10	700	500000	-1	-1	734	900000	702	450000	712	300000	666	15000	-1	-1	-1	-1	-1	-1	-1	-1	-1	-1	-1	-1	91379	1102	991	881	1432	771	1255	1380	1443	1631	1882	100	200	150	500	50	6000	7610
7620	成年雪狐	762	85	9	0	0	1000	10	700	550000	-1	-1	734	900000	702	500000	712	350000	666	17500	-1	-1	-1	-1	-1	-1	-1	-1	-1	-1	-1	-1	94971	1142	1027	913	1484	799	1357	1492	1560	1764	2035	100	200	150	500	50	6000	7620
7621	变异雪狐	762	85	9	1	0	1000	10	700	550000	-1	-1	734	900000	702	500000	712	350000	666	17500	-1	-1	-1	-1	-1	-1	-1	-1	-1	-1	-1	-1	94971	1190	1071	952	1548	833	1357	1492	1560	1764	2035	100	200	150	500	50	6000	7620
7622	变异雪狐	762	85	9	1	0	1000	10	700	550000	-1	-1	734	900000	702	500000	712	350000	666	17500	-1	-1	-1	-1	-1	-1	-1	-1	-1	-1	-1	-1	94971	1239	1115	991	1611	867	1357	1492	1560	1764	2035	100	200	150	500	50	6000	7620
7623	变异雪狐	762	85	9	1	0	1000	10	700	550000	-1	-1	734	900000	702	500000	712	350000	666	17500	-1	-1	-1	-1	-1	-1	-1	-1	-1	-1	-1	-1	94971	1288	1159	1031	1675	902	1357	1492	1560	1764	2035	100	200	150	500	50	6000	7620
7624	变异雪狐	762	85	9	1	0	1000	10	700	550000	-1	-1	734	900000	702	500000	712	350000	666	17500	-1	-1	-1	-1	-1	-1	-1	-1	-1	-1	-1	-1	94971	1337	1203	1070	1739	936	1357	1492	1560	1764	2035	100	200	150	500	50	6000	7620
7625	变异雪狐	762	85	9	1	0	1000	10	700	550000	-1	-1	734	900000	702	500000	712	350000	666	17500	-1	-1	-1	-1	-1	-1	-1	-1	-1	-1	-1	-1	94971	1386	1248	1109	1802	970	1357	1492	1560	1764	2035	100	200	150	500	50	6000	7620
7626	变异雪狐	762	85	9	1	0	1000	10	700	550000	-1	-1	734	900000	702	500000	712	350000	666	17500	-1	-1	-1	-1	-1	-1	-1	-1	-1	-1	-1	-1	94971	1435	1292	1148	1866	1004	1357	1492	1560	1764	2035	100	200	150	500	50	6000	7620
7627	变异雪狐	762	85	9	1	0	1000	10	700	550000	-1	-1	734	900000	702	500000	712	350000	666	17500	-1	-1	-1	-1	-1	-1	-1	-1	-1	-1	-1	-1	94971	1484	1336	1187	1929	1039	1357	1492	1560	1764	2035	100	200	150	500	50	6000	7620
7629	雪狐宝宝	762	85	9	0	1	1000	10	700	550000	-1	-1	734	900000	702	500000	712	350000	666	17500	-1	-1	-1	-1	-1	-1	-1	-1	-1	-1	-1	-1	94971	1142	1027	913	1484	799	1357	1492	1560	1764	2035	100	200	150	500	50	6000	7620
7630	成年雪狐	763	95	9	0	0	1000	10	700	600000	-1	-1	734	900000	702	550000	712	400000	666	20000	-1	-1	-1	-1	-1	-1	-1	-1	-1	-1	-1	-1	98563	1183	1064	946	1537	828	1459	1604	1677	1896	2188	100	200	150	500	50	6000	7630
7631	变异雪狐	763	95	9	1	0	1000	10	700	600000	-1	-1	734	900000	702	550000	712	400000	666	20000	-1	-1	-1	-1	-1	-1	-1	-1	-1	-1	-1	-1	98563	1227	1104	981	1595	859	1459	1604	1677	1896	2188	100	200	150	500	50	6000	7630
7632	变异雪狐	763	95	9	1	0	1000	10	700	600000	-1	-1	734	900000	702	550000	712	400000	666	20000	-1	-1	-1	-1	-1	-1	-1	-1	-1	-1	-1	-1	98563	1271	1144	1017	1653	890	1459	1604	1677	1896	2188	100	200	150	500	50	6000	7630
7633	变异雪狐	763	95	9	1	0	1000	10	700	600000	-1	-1	734	900000	702	550000	712	400000	666	20000	-1	-1	-1	-1	-1	-1	-1	-1	-1	-1	-1	-1	98563	1316	1184	1052	1710	921	1459	1604	1677	1896	2188	100	200	150	500	50	6000	7630
7634	变异雪狐	763	95	9	1	0	1000	10	700	600000	-1	-1	734	900000	702	550000	712	400000	666	20000	-1	-1	-1	-1	-1	-1	-1	-1	-1	-1	-1	-1	98563	1360	1224	1088	1768	952	1459	1604	1677	1896	2188	100	200	150	500	50	6000	7630
7635	变异雪狐	763	95	9	1	0	1000	10	700	600000	-1	-1	734	900000	702	550000	712	400000	666	20000	-1	-1	-1	-1	-1	-1	-1	-1	-1	-1	-1	-1	98563	1404	1264	1123	1826	983	1459	1604	1677	1896	2188	100	200	150	500	50	6000	7630
7636	变异雪狐	763	95	9	1	0	1000	10	700	600000	-1	-1	734	900000	702	550000	712	400000	666	20000	-1	-1	-1	-1	-1	-1	-1	-1	-1	-1	-1	-1	98563	1449	1304	1159	1883	1014	1459	1604	1677	1896	2188	100	200	150	500	50	6000	7630
7637	变异雪狐	763	95	9	1	0	1000	10	700	600000	-1	-1	734	900000	702	550000	712	400000	666	20000	-1	-1	-1	-1	-1	-1	-1	-1	-1	-1	-1	-1	98563	1493	1344	1194	1941	1045	1459	1604	1677	1896	2188	100	200	150	500	50	6000	7630
7638	变异雪狐	763	95	9	1	0	1000	10	700	600000	-1	-1	734	900000	702	550000	712	400000	666	20000	-1	-1	-1	-1	-1	-1	-1	-1	-1	-1	-1	-1	98563	1537	1384	1230	1999	1076	1459	1604	1677	1896	2188	100	200	150	500	50	6000	7630
7639	雪狐宝宝	763	95	9	0	1	1000	10	700	600000	-1	-1	734	900000	702	550000	712	400000	666	20000	-1	-1	-1	-1	-1	-1	-1	-1	-1	-1	-1	-1	98563	1183	1064	946	1537	828	1459	1604	1677	1896	2188	100	200	150	500	50	6000	7630
7640	成年龙猫	764	5	9	0	0	1000	10	740	300000	-1	-1	722	900000	668	250000	716	100000	662	5000	-1	-1	-1	-1	-1	-1	-1	-1	-1	-1	-1	-1	77012	1294	966	469	844	656	846	930	972	1099	1269	50	150	200	100	500	6000	7640
7641	变异龙猫	764	5	9	1	0	1000	10	740	300000	-1	-1	722	900000	668	250000	716	100000	662	5000	-1	-1	-1	-1	-1	-1	-1	-1	-1	-1	-1	-1	77012	1488	1111	539	970	755	846	930	972	1099	1269	50	150	200	100	500	6000	7640
7642	变异龙猫	764	5	9	1	0	1000	10	740	300000	-1	-1	722	900000	668	250000	716	100000	662	5000	-1	-1	-1	-1	-1	-1	-1	-1	-1	-1	-1	-1	77012	1682	1255	609	1097	853	846	930	972	1099	1269	50	150	200	100	500	6000	7640
7649	龙猫宝宝	764	5	9	0	1	1000	10	740	300000	-1	-1	722	900000	668	250000	716	100000	662	5000	-1	-1	-1	-1	-1	-1	-1	-1	-1	-1	-1	-1	77012	1294	966	469	844	656	846	930	972	1099	1269	50	150	200	100	500	6000	7640
7650	成年龙猫	765	45	9	0	0	1000	10	740	350000	-1	-1	722	900000	668	300000	716	150000	662	7500	-1	-1	-1	-1	-1	-1	-1	-1	-1	-1	-1	-1	80604	1351	1008	489	881	685	948	1042	1090	1232	1422	50	150	200	100	500	6000	7650
7651	变异龙猫	765	45	9	1	0	1000	10	740	350000	-1	-1	722	900000	668	300000	716	150000	662	7500	-1	-1	-1	-1	-1	-1	-1	-1	-1	-1	-1	-1	80604	1486	1109	538	969	753	948	1042	1090	1232	1422	50	150	200	100	500	6000	7650
7652	变异龙猫	765	45	9	1	0	1000	10	740	350000	-1	-1	722	900000	668	300000	716	150000	662	7500	-1	-1	-1	-1	-1	-1	-1	-1	-1	-1	-1	-1	80604	1621	1210	587	1057	822	948	1042	1090	1232	1422	50	150	200	100	500	6000	7650
7653	变异龙猫	765	45	9	1	0	1000	10	740	350000	-1	-1	722	900000	668	300000	716	150000	662	7500	-1	-1	-1	-1	-1	-1	-1	-1	-1	-1	-1	-1	80604	1756	1310	636	1145	890	948	1042	1090	1232	1422	50	150	200	100	500	6000	7650
7659	龙猫宝宝	765	45	9	0	1	1000	10	740	350000	-1	-1	722	900000	668	300000	716	150000	662	7500	-1	-1	-1	-1	-1	-1	-1	-1	-1	-1	-1	-1	80604	1351	1008	489	881	685	948	1042	1090	1232	1422	50	150	200	100	500	6000	7650
7660	成年龙猫	766	55	9	0	0	1000	10	740	400000	-1	-1	722	900000	668	350000	716	200000	662	10000	-1	-1	-1	-1	-1	-1	-1	-1	-1	-1	-1	-1	84195	1407	1050	510	918	714	1051	1156	1208	1366	1576	50	150	200	100	500	6000	7660
7661	变异龙猫	766	55	9	1	0	1000	10	740	400000	-1	-1	722	900000	668	350000	716	200000	662	10000	-1	-1	-1	-1	-1	-1	-1	-1	-1	-1	-1	-1	84195	1513	1129	548	986	767	1051	1156	1208	1366	1576	50	150	200	100	500	6000	7660
7662	变异龙猫	766	55	9	1	0	1000	10	740	400000	-1	-1	722	900000	668	350000	716	200000	662	10000	-1	-1	-1	-1	-1	-1	-1	-1	-1	-1	-1	-1	84195	1618	1208	586	1055	821	1051	1156	1208	1366	1576	50	150	200	100	500	6000	7660
7663	变异龙猫	766	55	9	1	0	1000	10	740	400000	-1	-1	722	900000	668	350000	716	200000	662	10000	-1	-1	-1	-1	-1	-1	-1	-1	-1	-1	-1	-1	84195	1724	1286	624	1124	874	1051	1156	1208	1366	1576	50	150	200	100	500	6000	7660
7664	变异龙猫	766	55	9	1	0	1000	10	740	400000	-1	-1	722	900000	668	350000	716	200000	662	10000	-1	-1	-1	-1	-1	-1	-1	-1	-1	-1	-1	-1	84195	1829	1365	663	1193	928	1051	1156	1208	1366	1576	50	150	200	100	500	6000	7660
7669	龙猫宝宝	766	55	9	0	1	1000	10	740	400000	-1	-1	722	900000	668	350000	716	200000	662	10000	-1	-1	-1	-1	-1	-1	-1	-1	-1	-1	-1	-1	84195	1407	1050	510	918	714	1051	1156	1208	1366	1576	50	150	200	100	500	6000	7660
7670	成年龙猫	767	65	9	0	0	1000	10	740	450000	-1	-1	722	900000	668	400000	716	250000	662	12500	-1	-1	-1	-1	-1	-1	-1	-1	-1	-1	-1	-1	87787	1464	1092	530	954	742	1153	1268	1325	1498	1729	50	150	200	100	500	6000	7670
7671	变异龙猫	767	65	9	1	0	1000	10	740	450000	-1	-1	722	900000	668	400000	716	250000	662	12500	-1	-1	-1	-1	-1	-1	-1	-1	-1	-1	-1	-1	87787	1552	1158	562	1012	787	1153	1268	1325	1498	1729	50	150	200	100	500	6000	7670
7672	变异龙猫	767	65	9	1	0	1000	10	740	450000	-1	-1	722	900000	668	400000	716	250000	662	12500	-1	-1	-1	-1	-1	-1	-1	-1	-1	-1	-1	-1	87787	1639	1223	594	1069	831	1153	1268	1325	1498	1729	50	150	200	100	500	6000	7670
7673	变异龙猫	767	65	9	1	0	1000	10	740	450000	-1	-1	722	900000	668	400000	716	250000	662	12500	-1	-1	-1	-1	-1	-1	-1	-1	-1	-1	-1	-1	87787	1727	1289	625	1126	876	1153	1268	1325	1498	1729	50	150	200	100	500	6000	7670
7674	变异龙猫	767	65	9	1	0	1000	10	740	450000	-1	-1	722	900000	668	400000	716	250000	662	12500	-1	-1	-1	-1	-1	-1	-1	-1	-1	-1	-1	-1	87787	1815	1355	657	1184	920	1153	1268	1325	1498	1729	50	150	200	100	500	6000	7670
7675	变异龙猫	767	65	9	1	0	1000	10	740	450000	-1	-1	722	900000	668	400000	716	250000	662	12500	-1	-1	-1	-1	-1	-1	-1	-1	-1	-1	-1	-1	87787	1903	1420	689	1241	965	1153	1268	1325	1498	1729	50	150	200	100	500	6000	7670
7679	龙猫宝宝	767	65	9	0	1	1000	10	740	450000	-1	-1	722	900000	668	400000	716	250000	662	12500	-1	-1	-1	-1	-1	-1	-1	-1	-1	-1	-1	-1	87787	1464	1092	530	954	742	1153	1268	1325	1498	1729	50	150	200	100	500	6000	7670
7680	成年龙猫	768	75	9	0	0	1000	10	740	500000	-1	-1	722	900000	668	450000	716	300000	662	15000	-1	-1	-1	-1	-1	-1	-1	-1	-1	-1	-1	-1	91379	1520	1135	551	991	771	1255	1380	1443	1631	1882	50	150	200	100	500	6000	7680
7681	变异龙猫	768	75	9	1	0	1000	10	740	500000	-1	-1	722	900000	668	450000	716	300000	662	15000	-1	-1	-1	-1	-1	-1	-1	-1	-1	-1	-1	-1	91379	1596	1191	578	1041	809	1255	1380	1443	1631	1882	50	150	200	100	500	6000	7680
7682	变异龙猫	768	75	9	1	0	1000	10	740	500000	-1	-1	722	900000	668	450000	716	300000	662	15000	-1	-1	-1	-1	-1	-1	-1	-1	-1	-1	-1	-1	91379	1672	1248	606	1090	848	1255	1380	1443	1631	1882	50	150	200	100	500	6000	7680
7683	变异龙猫	768	75	9	1	0	1000	10	740	500000	-1	-1	722	900000	668	450000	716	300000	662	15000	-1	-1	-1	-1	-1	-1	-1	-1	-1	-1	-1	-1	91379	1748	1305	633	1140	887	1255	1380	1443	1631	1882	50	150	200	100	500	6000	7680
7684	变异龙猫	768	75	9	1	0	1000	10	740	500000	-1	-1	722	900000	668	450000	716	300000	662	15000	-1	-1	-1	-1	-1	-1	-1	-1	-1	-1	-1	-1	91379	1824	1362	661	1190	925	1255	1380	1443	1631	1882	50	150	200	100	500	6000	7680
7685	变异龙猫	768	75	9	1	0	1000	10	740	500000	-1	-1	722	900000	668	450000	716	300000	662	15000	-1	-1	-1	-1	-1	-1	-1	-1	-1	-1	-1	-1	91379	1900	1418	688	1239	964	1255	1380	1443	1631	1882	50	150	200	100	500	6000	7680
7686	变异龙猫	768	75	9	1	0	1000	10	740	500000	-1	-1	722	900000	668	450000	716	300000	662	15000	-1	-1	-1	-1	-1	-1	-1	-1	-1	-1	-1	-1	91379	1976	1475	716	1289	1002	1255	1380	1443	1631	1882	50	150	200	100	500	6000	7680
7689	龙猫宝宝	768	75	9	0	1	1000	10	740	500000	-1	-1	722	900000	668	450000	716	300000	662	15000	-1	-1	-1	-1	-1	-1	-1	-1	-1	-1	-1	-1	91379	1520	1135	551	991	771	1255	1380	1443	1631	1882	50	150	200	100	500	6000	7680
7690	成年龙猫	769	85	9	0	0	1000	10	740	550000	-1	-1	722	900000	668	500000	716	350000	662	17500	-1	-1	-1	-1	-1	-1	-1	-1	-1	-1	-1	-1	94971	1575	1176	571	1027	799	1357	1492	1560	1764	2035	50	150	200	100	500	6000	7690
7691	变异龙猫	769	85	9	1	0	1000	10	740	550000	-1	-1	722	900000	668	500000	716	350000	662	17500	-1	-1	-1	-1	-1	-1	-1	-1	-1	-1	-1	-1	94971	1643	1226	595	1071	833	1357	1492	1560	1764	2035	50	150	200	100	500	6000	7690
7692	变异龙猫	769	85	9	1	0	1000	10	740	550000	-1	-1	722	900000	668	500000	716	350000	662	17500	-1	-1	-1	-1	-1	-1	-1	-1	-1	-1	-1	-1	94971	1711	1277	619	1115	867	1357	1492	1560	1764	2035	50	150	200	100	500	6000	7690
7693	变异龙猫	769	85	9	1	0	1000	10	740	550000	-1	-1	722	900000	668	500000	716	350000	662	17500	-1	-1	-1	-1	-1	-1	-1	-1	-1	-1	-1	-1	94971	1778	1327	644	1159	902	1357	1492	1560	1764	2035	50	150	200	100	500	6000	7690
7694	变异龙猫	769	85	9	1	0	1000	10	740	550000	-1	-1	722	900000	668	500000	716	350000	662	17500	-1	-1	-1	-1	-1	-1	-1	-1	-1	-1	-1	-1	94971	1846	1377	668	1203	936	1357	1492	1560	1764	2035	50	150	200	100	500	6000	7690
7695	变异龙猫	769	85	9	1	0	1000	10	740	550000	-1	-1	722	900000	668	500000	716	350000	662	17500	-1	-1	-1	-1	-1	-1	-1	-1	-1	-1	-1	-1	94971	1913	1428	693	1248	970	1357	1492	1560	1764	2035	50	150	200	100	500	6000	7690
7696	变异龙猫	769	85	9	1	0	1000	10	740	550000	-1	-1	722	900000	668	500000	716	350000	662	17500	-1	-1	-1	-1	-1	-1	-1	-1	-1	-1	-1	-1	94971	1981	1478	717	1292	1004	1357	1492	1560	1764	2035	50	150	200	100	500	6000	7690
7697	变异龙猫	769	85	9	1	0	1000	10	740	550000	-1	-1	722	900000	668	500000	716	350000	662	17500	-1	-1	-1	-1	-1	-1	-1	-1	-1	-1	-1	-1	94971	2048	1529	742	1336	1039	1357	1492	1560	1764	2035	50	150	200	100	500	6000	7690
7699	龙猫宝宝	769	85	9	0	1	1000	10	740	550000	-1	-1	722	900000	668	500000	716	350000	662	17500	-1	-1	-1	-1	-1	-1	-1	-1	-1	-1	-1	-1	94971	1575	1176	571	1027	799	1357	1492	1560	1764	2035	50	150	200	100	500	6000	7690
7700	成年龙猫	770	95	9	0	0	1000	10	740	600000	-1	-1	722	900000	668	550000	716	400000	662	20000	-1	-1	-1	-1	-1	-1	-1	-1	-1	-1	-1	-1	98563	1632	1218	591	1064	828	1459	1604	1677	1896	2188	50	150	200	100	500	6000	7700
7701	变异龙猫	770	95	9	1	0	1000	10	740	600000	-1	-1	722	900000	668	550000	716	400000	662	20000	-1	-1	-1	-1	-1	-1	-1	-1	-1	-1	-1	-1	98563	1693	1264	613	1104	859	1459	1604	1677	1896	2188	50	150	200	100	500	6000	7700
7702	变异龙猫	770	95	9	1	0	1000	10	740	600000	-1	-1	722	900000	668	550000	716	400000	662	20000	-1	-1	-1	-1	-1	-1	-1	-1	-1	-1	-1	-1	98563	1754	1309	635	1144	890	1459	1604	1677	1896	2188	50	150	200	100	500	6000	7700
7703	变异龙猫	770	95	9	1	0	1000	10	740	600000	-1	-1	722	900000	668	550000	716	400000	662	20000	-1	-1	-1	-1	-1	-1	-1	-1	-1	-1	-1	-1	98563	1816	1355	658	1184	921	1459	1604	1677	1896	2188	50	150	200	100	500	6000	7700
7704	变异龙猫	770	95	9	1	0	1000	10	740	600000	-1	-1	722	900000	668	550000	716	400000	662	20000	-1	-1	-1	-1	-1	-1	-1	-1	-1	-1	-1	-1	98563	1877	1401	680	1224	952	1459	1604	1677	1896	2188	50	150	200	100	500	6000	7700
7705	变异龙猫	770	95	9	1	0	1000	10	740	600000	-1	-1	722	900000	668	550000	716	400000	662	20000	-1	-1	-1	-1	-1	-1	-1	-1	-1	-1	-1	-1	98563	1938	1446	702	1264	983	1459	1604	1677	1896	2188	50	150	200	100	500	6000	7700
7706	变异龙猫	770	95	9	1	0	1000	10	740	600000	-1	-1	722	900000	668	550000	716	400000	662	20000	-1	-1	-1	-1	-1	-1	-1	-1	-1	-1	-1	-1	98563	1999	1492	724	1304	1014	1459	1604	1677	1896	2188	50	150	200	100	500	6000	7700
7707	变异龙猫	770	95	9	1	0	1000	10	740	600000	-1	-1	722	900000	668	550000	716	400000	662	20000	-1	-1	-1	-1	-1	-1	-1	-1	-1	-1	-1	-1	98563	2061	1538	746	1344	1045	1459	1604	1677	1896	2188	50	150	200	100	500	6000	7700
7708	变异龙猫	770	95	9	1	0	1000	10	740	600000	-1	-1	722	900000	668	550000	716	400000	662	20000	-1	-1	-1	-1	-1	-1	-1	-1	-1	-1	-1	-1	98563	2122	1584	768	1384	1076	1459	1604	1677	1896	2188	50	150	200	100	500	6000	7700
7709	龙猫宝宝	770	95	9	0	1	1000	10	740	600000	-1	-1	722	900000	668	550000	716	400000	662	20000	-1	-1	-1	-1	-1	-1	-1	-1	-1	-1	-1	-1	98563	1632	1218	591	1064	828	1459	1604	1677	1896	2188	50	150	200	100	500	6000	7700
7710	成年犀鸟	771	5	9	0	0	10	10	688	300000	-1	-1	712	900000	703	250000	706	100000	670	5000	-1	-1	-1	-1	-1	-1	-1	-1	-1	-1	-1	-1	77012	656	750	1219	750	1031	846	930	972	1099	1269	500	100	150	200	50	6000	7710
7711	变异犀鸟	771	5	9	1	0	10	10	688	300000	-1	-1	712	900000	703	250000	706	100000	670	5000	-1	-1	-1	-1	-1	-1	-1	-1	-1	-1	-1	-1	77012	755	862	1402	862	1186	846	930	972	1099	1269	500	100	150	200	50	6000	7710
7712	变异犀鸟	771	5	9	1	0	10	10	688	300000	-1	-1	712	900000	703	250000	706	100000	670	5000	-1	-1	-1	-1	-1	-1	-1	-1	-1	-1	-1	-1	77012	853	975	1585	975	1341	846	930	972	1099	1269	500	100	150	200	50	6000	7710
7719	犀鸟宝宝	771	5	9	0	1	10	10	688	300000	-1	-1	712	900000	703	250000	706	100000	670	5000	-1	-1	-1	-1	-1	-1	-1	-1	-1	-1	-1	-1	77012	656	750	1219	750	1031	846	930	972	1099	1269	500	100	150	200	50	6000	7710
7720	成年犀鸟	772	45	9	0	0	10	10	688	350000	-1	-1	712	900000	703	300000	706	150000	670	7500	-1	-1	-1	-1	-1	-1	-1	-1	-1	-1	-1	-1	80604	685	783	1272	783	1076	948	1042	1090	1232	1422	500	100	150	200	50	6000	7720
7721	变异犀鸟	772	45	9	1	0	10	10	688	350000	-1	-1	712	900000	703	300000	706	150000	670	7500	-1	-1	-1	-1	-1	-1	-1	-1	-1	-1	-1	-1	80604	753	861	1399	861	1184	948	1042	1090	1232	1422	500	100	150	200	50	6000	7720
7722	变异犀鸟	772	45	9	1	0	10	10	688	350000	-1	-1	712	900000	703	300000	706	150000	670	7500	-1	-1	-1	-1	-1	-1	-1	-1	-1	-1	-1	-1	80604	822	939	1527	939	1292	948	1042	1090	1232	1422	500	100	150	200	50	6000	7720
7723	变异犀鸟	772	45	9	1	0	10	10	688	350000	-1	-1	712	900000	703	300000	706	150000	670	7500	-1	-1	-1	-1	-1	-1	-1	-1	-1	-1	-1	-1	80604	890	1018	1654	1018	1399	948	1042	1090	1232	1422	500	100	150	200	50	6000	7720
7729	犀鸟宝宝	772	45	9	0	1	10	10	688	350000	-1	-1	712	900000	703	300000	706	150000	670	7500	-1	-1	-1	-1	-1	-1	-1	-1	-1	-1	-1	-1	80604	685	783	1272	783	1076	948	1042	1090	1232	1422	500	100	150	200	50	6000	7720
7730	成年犀鸟	773	55	9	0	0	10	10	688	400000	-1	-1	712	900000	703	350000	706	200000	670	10000	-1	-1	-1	-1	-1	-1	-1	-1	-1	-1	-1	-1	84195	714	816	1326	816	1122	1051	1156	1208	1366	1576	500	100	150	200	50	6000	7730
7731	变异犀鸟	773	55	9	1	0	10	10	688	400000	-1	-1	712	900000	703	350000	706	200000	670	10000	-1	-1	-1	-1	-1	-1	-1	-1	-1	-1	-1	-1	84195	767	877	1425	877	1206	1051	1156	1208	1366	1576	500	100	150	200	50	6000	7730
7732	变异犀鸟	773	55	9	1	0	10	10	688	400000	-1	-1	712	900000	703	350000	706	200000	670	10000	-1	-1	-1	-1	-1	-1	-1	-1	-1	-1	-1	-1	84195	821	938	1524	938	1290	1051	1156	1208	1366	1576	500	100	150	200	50	6000	7730
7733	变异犀鸟	773	55	9	1	0	10	10	688	400000	-1	-1	712	900000	703	350000	706	200000	670	10000	-1	-1	-1	-1	-1	-1	-1	-1	-1	-1	-1	-1	84195	874	999	1624	999	1374	1051	1156	1208	1366	1576	500	100	150	200	50	6000	7730
7734	变异犀鸟	773	55	9	1	0	10	10	688	400000	-1	-1	712	900000	703	350000	706	200000	670	10000	-1	-1	-1	-1	-1	-1	-1	-1	-1	-1	-1	-1	84195	928	1060	1723	1060	1458	1051	1156	1208	1366	1576	500	100	150	200	50	6000	7730
7739	犀鸟宝宝	773	55	9	0	1	10	10	688	400000	-1	-1	712	900000	703	350000	706	200000	670	10000	-1	-1	-1	-1	-1	-1	-1	-1	-1	-1	-1	-1	84195	714	816	1326	816	1122	1051	1156	1208	1366	1576	500	100	150	200	50	6000	7730
7740	成年犀鸟	774	65	9	0	0	10	10	688	450000	-1	-1	712	900000	703	400000	706	250000	670	12500	-1	-1	-1	-1	-1	-1	-1	-1	-1	-1	-1	-1	87787	742	848	1379	848	1167	1153	1268	1325	1498	1729	500	100	150	200	50	6000	7740
7741	变异犀鸟	774	65	9	1	0	10	10	688	450000	-1	-1	712	900000	703	400000	706	250000	670	12500	-1	-1	-1	-1	-1	-1	-1	-1	-1	-1	-1	-1	87787	787	899	1462	899	1237	1153	1268	1325	1498	1729	500	100	150	200	50	6000	7740
7742	变异犀鸟	774	65	9	1	0	10	10	688	450000	-1	-1	712	900000	703	400000	706	250000	670	12500	-1	-1	-1	-1	-1	-1	-1	-1	-1	-1	-1	-1	87787	831	950	1544	950	1307	1153	1268	1325	1498	1729	500	100	150	200	50	6000	7740
7743	变异犀鸟	774	65	9	1	0	10	10	688	450000	-1	-1	712	900000	703	400000	706	250000	670	12500	-1	-1	-1	-1	-1	-1	-1	-1	-1	-1	-1	-1	87787	876	1001	1627	1001	1377	1153	1268	1325	1498	1729	500	100	150	200	50	6000	7740
7744	变异犀鸟	774	65	9	1	0	10	10	688	450000	-1	-1	712	900000	703	400000	706	250000	670	12500	-1	-1	-1	-1	-1	-1	-1	-1	-1	-1	-1	-1	87787	920	1052	1710	1052	1447	1153	1268	1325	1498	1729	500	100	150	200	50	6000	7740
7745	变异犀鸟	774	65	9	1	0	10	10	688	450000	-1	-1	712	900000	703	400000	706	250000	670	12500	-1	-1	-1	-1	-1	-1	-1	-1	-1	-1	-1	-1	87787	965	1103	1793	1103	1517	1153	1268	1325	1498	1729	500	100	150	200	50	6000	7740
7749	犀鸟宝宝	774	65	9	0	1	10	10	688	450000	-1	-1	712	900000	703	400000	706	250000	670	12500	-1	-1	-1	-1	-1	-1	-1	-1	-1	-1	-1	-1	87787	742	848	1379	848	1167	1153	1268	1325	1498	1729	500	100	150	200	50	6000	7740
7750	成年犀鸟	775	75	9	0	0	10	10	688	500000	-1	-1	712	900000	703	450000	706	300000	670	15000	-1	-1	-1	-1	-1	-1	-1	-1	-1	-1	-1	-1	91379	771	881	1432	881	1212	1255	1380	1443	1631	1882	500	100	150	200	50	6000	7750
7751	变异犀鸟	775	75	9	1	0	10	10	688	500000	-1	-1	712	900000	703	450000	706	300000	670	15000	-1	-1	-1	-1	-1	-1	-1	-1	-1	-1	-1	-1	91379	809	925	1504	925	1272	1255	1380	1443	1631	1882	500	100	150	200	50	6000	7750
7752	变异犀鸟	775	75	9	1	0	10	10	688	500000	-1	-1	712	900000	703	450000	706	300000	670	15000	-1	-1	-1	-1	-1	-1	-1	-1	-1	-1	-1	-1	91379	848	969	1575	969	1333	1255	1380	1443	1631	1882	500	100	150	200	50	6000	7750
7753	变异犀鸟	775	75	9	1	0	10	10	688	500000	-1	-1	712	900000	703	450000	706	300000	670	15000	-1	-1	-1	-1	-1	-1	-1	-1	-1	-1	-1	-1	91379	887	1013	1647	1013	1394	1255	1380	1443	1631	1882	500	100	150	200	50	6000	7750
7754	变异犀鸟	775	75	9	1	0	10	10	688	500000	-1	-1	712	900000	703	450000	706	300000	670	15000	-1	-1	-1	-1	-1	-1	-1	-1	-1	-1	-1	-1	91379	925	1057	1719	1057	1454	1255	1380	1443	1631	1882	500	100	150	200	50	6000	7750
7755	变异犀鸟	775	75	9	1	0	10	10	688	500000	-1	-1	712	900000	703	450000	706	300000	670	15000	-1	-1	-1	-1	-1	-1	-1	-1	-1	-1	-1	-1	91379	964	1102	1790	1102	1515	1255	1380	1443	1631	1882	500	100	150	200	50	6000	7750
7756	变异犀鸟	775	75	9	1	0	10	10	688	500000	-1	-1	712	900000	703	450000	706	300000	670	15000	-1	-1	-1	-1	-1	-1	-1	-1	-1	-1	-1	-1	91379	1002	1146	1862	1146	1575	1255	1380	1443	1631	1882	500	100	150	200	50	6000	7750
7759	犀鸟宝宝	775	75	9	0	1	10	10	688	500000	-1	-1	712	900000	703	450000	706	300000	670	15000	-1	-1	-1	-1	-1	-1	-1	-1	-1	-1	-1	-1	91379	771	881	1432	881	1212	1255	1380	1443	1631	1882	500	100	150	200	50	6000	7750
7760	成年犀鸟	776	85	9	0	0	10	10	688	550000	-1	-1	712	900000	703	500000	706	350000	670	17500	-1	-1	-1	-1	-1	-1	-1	-1	-1	-1	-1	-1	94971	799	913	1484	913	1256	1357	1492	1560	1764	2035	500	100	150	200	50	6000	7760
7761	变异犀鸟	776	85	9	1	0	10	10	688	550000	-1	-1	712	900000	703	500000	706	350000	670	17500	-1	-1	-1	-1	-1	-1	-1	-1	-1	-1	-1	-1	94971	833	952	1548	952	1310	1357	1492	1560	1764	2035	500	100	150	200	50	6000	7760
7762	变异犀鸟	776	85	9	1	0	10	10	688	550000	-1	-1	712	900000	703	500000	706	350000	670	17500	-1	-1	-1	-1	-1	-1	-1	-1	-1	-1	-1	-1	94971	867	991	1611	991	1363	1357	1492	1560	1764	2035	500	100	150	200	50	6000	7760
7763	变异犀鸟	776	85	9	1	0	10	10	688	550000	-1	-1	712	900000	703	500000	706	350000	670	17500	-1	-1	-1	-1	-1	-1	-1	-1	-1	-1	-1	-1	94971	902	1031	1675	1031	1417	1357	1492	1560	1764	2035	500	100	150	200	50	6000	7760
7764	变异犀鸟	776	85	9	1	0	10	10	688	550000	-1	-1	712	900000	703	500000	706	350000	670	17500	-1	-1	-1	-1	-1	-1	-1	-1	-1	-1	-1	-1	94971	936	1070	1739	1070	1471	1357	1492	1560	1764	2035	500	100	150	200	50	6000	7760
7765	变异犀鸟	776	85	9	1	0	10	10	688	550000	-1	-1	712	900000	703	500000	706	350000	670	17500	-1	-1	-1	-1	-1	-1	-1	-1	-1	-1	-1	-1	94971	970	1109	1802	1109	1525	1357	1492	1560	1764	2035	500	100	150	200	50	6000	7760
7766	变异犀鸟	776	85	9	1	0	10	10	688	550000	-1	-1	712	900000	703	500000	706	350000	670	17500	-1	-1	-1	-1	-1	-1	-1	-1	-1	-1	-1	-1	94971	1004	1148	1866	1148	1579	1357	1492	1560	1764	2035	500	100	150	200	50	6000	7760
7767	变异犀鸟	776	85	9	1	0	10	10	688	550000	-1	-1	712	900000	703	500000	706	350000	670	17500	-1	-1	-1	-1	-1	-1	-1	-1	-1	-1	-1	-1	94971	1039	1187	1929	1187	1633	1357	1492	1560	1764	2035	500	100	150	200	50	6000	7760
7769	犀鸟宝宝	776	85	9	0	1	10	10	688	550000	-1	-1	712	900000	703	500000	706	350000	670	17500	-1	-1	-1	-1	-1	-1	-1	-1	-1	-1	-1	-1	94971	799	913	1484	913	1256	1357	1492	1560	1764	2035	500	100	150	200	50	6000	7760
7770	成年犀鸟	777	95	9	0	0	10	10	688	600000	-1	-1	712	900000	703	550000	706	400000	670	20000	-1	-1	-1	-1	-1	-1	-1	-1	-1	-1	-1	-1	98563	828	946	1537	946	1301	1459	1604	1677	1896	2188	500	100	150	200	50	6000	7770
7771	变异犀鸟	777	95	9	1	0	10	10	688	600000	-1	-1	712	900000	703	550000	706	400000	670	20000	-1	-1	-1	-1	-1	-1	-1	-1	-1	-1	-1	-1	98563	859	981	1595	981	1350	1459	1604	1677	1896	2188	500	100	150	200	50	6000	7770
7772	变异犀鸟	777	95	9	1	0	10	10	688	600000	-1	-1	712	900000	703	550000	706	400000	670	20000	-1	-1	-1	-1	-1	-1	-1	-1	-1	-1	-1	-1	98563	890	1017	1653	1017	1398	1459	1604	1677	1896	2188	500	100	150	200	50	6000	7770
7773	变异犀鸟	777	95	9	1	0	10	10	688	600000	-1	-1	712	900000	703	550000	706	400000	670	20000	-1	-1	-1	-1	-1	-1	-1	-1	-1	-1	-1	-1	98563	921	1052	1710	1052	1447	1459	1604	1677	1896	2188	500	100	150	200	50	6000	7770
7774	变异犀鸟	777	95	9	1	0	10	10	688	600000	-1	-1	712	900000	703	550000	706	400000	670	20000	-1	-1	-1	-1	-1	-1	-1	-1	-1	-1	-1	-1	98563	952	1088	1768	1088	1496	1459	1604	1677	1896	2188	500	100	150	200	50	6000	7770
7775	变异犀鸟	777	95	9	1	0	10	10	688	600000	-1	-1	712	900000	703	550000	706	400000	670	20000	-1	-1	-1	-1	-1	-1	-1	-1	-1	-1	-1	-1	98563	983	1123	1826	1123	1545	1459	1604	1677	1896	2188	500	100	150	200	50	6000	7770
7776	变异犀鸟	777	95	9	1	0	10	10	688	600000	-1	-1	712	900000	703	550000	706	400000	670	20000	-1	-1	-1	-1	-1	-1	-1	-1	-1	-1	-1	-1	98563	1014	1159	1883	1159	1594	1459	1604	1677	1896	2188	500	100	150	200	50	6000	7770
7777	变异犀鸟	777	95	9	1	0	10	10	688	600000	-1	-1	712	900000	703	550000	706	400000	670	20000	-1	-1	-1	-1	-1	-1	-1	-1	-1	-1	-1	-1	98563	1045	1194	1941	1194	1642	1459	1604	1677	1896	2188	500	100	150	200	50	6000	7770
7778	变异犀鸟	777	95	9	1	0	10	10	688	600000	-1	-1	712	900000	703	550000	706	400000	670	20000	-1	-1	-1	-1	-1	-1	-1	-1	-1	-1	-1	-1	98563	1076	1230	1999	1230	1691	1459	1604	1677	1896	2188	500	100	150	200	50	6000	7770
7779	犀鸟宝宝	777	95	9	0	1	10	10	688	600000	-1	-1	712	900000	703	550000	706	400000	670	20000	-1	-1	-1	-1	-1	-1	-1	-1	-1	-1	-1	-1	98563	828	946	1537	946	1301	1459	1604	1677	1896	2188	500	100	150	200	50	6000	7770
7780	成年熊猫	778	5	9	0	0	100	10	690	300000	-1	-1	658	900000	718	250000	728	100000	668	5000	-1	-1	-1	-1	-1	-1	-1	-1	-1	-1	-1	-1	77012	750	1313	656	562	750	846	930	972	1099	1269	100	200	500	150	50	6000	7780
7781	变异熊猫	778	5	9	1	0	100	10	690	300000	-1	-1	658	900000	718	250000	728	100000	668	5000	-1	-1	-1	-1	-1	-1	-1	-1	-1	-1	-1	-1	77012	862	1510	755	647	862	846	930	972	1099	1269	100	200	500	150	50	6000	7780
7782	变异熊猫	778	5	9	1	0	100	10	690	300000	-1	-1	658	900000	718	250000	728	100000	668	5000	-1	-1	-1	-1	-1	-1	-1	-1	-1	-1	-1	-1	77012	975	1707	853	731	975	846	930	972	1099	1269	100	200	500	150	50	6000	7780
7789	熊猫宝宝	778	5	9	0	1	100	10	690	300000	-1	-1	658	900000	718	250000	728	100000	668	5000	-1	-1	-1	-1	-1	-1	-1	-1	-1	-1	-1	-1	77012	750	1313	656	562	750	846	930	972	1099	1269	100	200	500	150	50	6000	7780
7790	成年熊猫	779	45	9	0	0	100	10	690	350000	-1	-1	658	900000	718	300000	728	150000	668	7500	-1	-1	-1	-1	-1	-1	-1	-1	-1	-1	-1	-1	80604	783	1370	685	587	783	948	1042	1090	1232	1422	100	200	500	150	50	6000	7790
7791	变异熊猫	779	45	9	1	0	100	10	690	350000	-1	-1	658	900000	718	300000	728	150000	668	7500	-1	-1	-1	-1	-1	-1	-1	-1	-1	-1	-1	-1	80604	861	1507	753	646	861	948	1042	1090	1232	1422	100	200	500	150	50	6000	7790
7792	变异熊猫	779	45	9	1	0	100	10	690	350000	-1	-1	658	900000	718	300000	728	150000	668	7500	-1	-1	-1	-1	-1	-1	-1	-1	-1	-1	-1	-1	80604	939	1644	822	704	939	948	1042	1090	1232	1422	100	200	500	150	50	6000	7790
7793	变异熊猫	779	45	9	1	0	100	10	690	350000	-1	-1	658	900000	718	300000	728	150000	668	7500	-1	-1	-1	-1	-1	-1	-1	-1	-1	-1	-1	-1	80604	1018	1781	890	763	1018	948	1042	1090	1232	1422	100	200	500	150	50	6000	7790
7799	熊猫宝宝	779	45	9	0	1	100	10	690	350000	-1	-1	658	900000	718	300000	728	150000	668	7500	-1	-1	-1	-1	-1	-1	-1	-1	-1	-1	-1	-1	80604	783	1370	685	587	783	948	1042	1090	1232	1422	100	200	500	150	50	6000	7790
7800	成年熊猫	780	55	9	0	0	100	10	690	400000	-1	-1	658	900000	718	350000	728	200000	668	10000	-1	-1	-1	-1	-1	-1	-1	-1	-1	-1	-1	-1	84195	816	1428	714	612	816	1051	1156	1208	1366	1576	100	200	500	150	50	6000	7800
7801	变异熊猫	780	55	9	1	0	100	10	690	400000	-1	-1	658	900000	718	350000	728	200000	668	10000	-1	-1	-1	-1	-1	-1	-1	-1	-1	-1	-1	-1	84195	877	1535	767	657	877	1051	1156	1208	1366	1576	100	200	500	150	50	6000	7800
7802	变异熊猫	780	55	9	1	0	100	10	690	400000	-1	-1	658	900000	718	350000	728	200000	668	10000	-1	-1	-1	-1	-1	-1	-1	-1	-1	-1	-1	-1	84195	938	1642	821	703	938	1051	1156	1208	1366	1576	100	200	500	150	50	6000	7800
7803	变异熊猫	780	55	9	1	0	100	10	690	400000	-1	-1	658	900000	718	350000	728	200000	668	10000	-1	-1	-1	-1	-1	-1	-1	-1	-1	-1	-1	-1	84195	999	1749	874	749	999	1051	1156	1208	1366	1576	100	200	500	150	50	6000	7800
7804	变异熊猫	780	55	9	1	0	100	10	690	400000	-1	-1	658	900000	718	350000	728	200000	668	10000	-1	-1	-1	-1	-1	-1	-1	-1	-1	-1	-1	-1	84195	1060	1856	928	795	1060	1051	1156	1208	1366	1576	100	200	500	150	50	6000	7800
7809	熊猫宝宝	780	55	9	0	1	100	10	690	400000	-1	-1	658	900000	718	350000	728	200000	668	10000	-1	-1	-1	-1	-1	-1	-1	-1	-1	-1	-1	-1	84195	816	1428	714	612	816	1051	1156	1208	1366	1576	100	200	500	150	50	6000	7800
7810	成年熊猫	781	65	9	0	0	100	10	690	450000	-1	-1	658	900000	718	400000	728	250000	668	12500	-1	-1	-1	-1	-1	-1	-1	-1	-1	-1	-1	-1	87787	848	1485	742	636	848	1153	1268	1325	1498	1729	100	200	500	150	50	6000	7810
7811	变异熊猫	781	65	9	1	0	100	10	690	450000	-1	-1	658	900000	718	400000	728	250000	668	12500	-1	-1	-1	-1	-1	-1	-1	-1	-1	-1	-1	-1	87787	899	1574	787	674	899	1153	1268	1325	1498	1729	100	200	500	150	50	6000	7810
7812	变异熊猫	781	65	9	1	0	100	10	690	450000	-1	-1	658	900000	718	400000	728	250000	668	12500	-1	-1	-1	-1	-1	-1	-1	-1	-1	-1	-1	-1	87787	950	1663	831	712	950	1153	1268	1325	1498	1729	100	200	500	150	50	6000	7810
7813	变异熊猫	781	65	9	1	0	100	10	690	450000	-1	-1	658	900000	718	400000	728	250000	668	12500	-1	-1	-1	-1	-1	-1	-1	-1	-1	-1	-1	-1	87787	1001	1752	876	751	1001	1153	1268	1325	1498	1729	100	200	500	150	50	6000	7810
7814	变异熊猫	781	65	9	1	0	100	10	690	450000	-1	-1	658	900000	718	400000	728	250000	668	12500	-1	-1	-1	-1	-1	-1	-1	-1	-1	-1	-1	-1	87787	1052	1841	920	789	1052	1153	1268	1325	1498	1729	100	200	500	150	50	6000	7810
7815	变异熊猫	781	65	9	1	0	100	10	690	450000	-1	-1	658	900000	718	400000	728	250000	668	12500	-1	-1	-1	-1	-1	-1	-1	-1	-1	-1	-1	-1	87787	1103	1931	965	827	1103	1153	1268	1325	1498	1729	100	200	500	150	50	6000	7810
7819	熊猫宝宝	781	65	9	0	1	100	10	690	450000	-1	-1	658	900000	718	400000	728	250000	668	12500	-1	-1	-1	-1	-1	-1	-1	-1	-1	-1	-1	-1	87787	848	1485	742	636	848	1153	1268	1325	1498	1729	100	200	500	150	50	6000	7810
7820	成年熊猫	782	75	9	0	0	100	10	690	500000	-1	-1	658	900000	718	450000	728	300000	668	15000	-1	-1	-1	-1	-1	-1	-1	-1	-1	-1	-1	-1	91379	881	1542	771	661	881	1255	1380	1443	1631	1882	100	200	500	150	50	6000	7820
7821	变异熊猫	782	75	9	1	0	100	10	690	500000	-1	-1	658	900000	718	450000	728	300000	668	15000	-1	-1	-1	-1	-1	-1	-1	-1	-1	-1	-1	-1	91379	925	1619	809	694	925	1255	1380	1443	1631	1882	100	200	500	150	50	6000	7820
7822	变异熊猫	782	75	9	1	0	100	10	690	500000	-1	-1	658	900000	718	450000	728	300000	668	15000	-1	-1	-1	-1	-1	-1	-1	-1	-1	-1	-1	-1	91379	969	1697	848	727	969	1255	1380	1443	1631	1882	100	200	500	150	50	6000	7820
7823	变异熊猫	782	75	9	1	0	100	10	690	500000	-1	-1	658	900000	718	450000	728	300000	668	15000	-1	-1	-1	-1	-1	-1	-1	-1	-1	-1	-1	-1	91379	1013	1774	887	760	1013	1255	1380	1443	1631	1882	100	200	500	150	50	6000	7820
7824	变异熊猫	782	75	9	1	0	100	10	690	500000	-1	-1	658	900000	718	450000	728	300000	668	15000	-1	-1	-1	-1	-1	-1	-1	-1	-1	-1	-1	-1	91379	1057	1851	925	793	1057	1255	1380	1443	1631	1882	100	200	500	150	50	6000	7820
7825	变异熊猫	782	75	9	1	0	100	10	690	500000	-1	-1	658	900000	718	450000	728	300000	668	15000	-1	-1	-1	-1	-1	-1	-1	-1	-1	-1	-1	-1	91379	1102	1928	964	826	1102	1255	1380	1443	1631	1882	100	200	500	150	50	6000	7820
7826	变异熊猫	782	75	9	1	0	100	10	690	500000	-1	-1	658	900000	718	450000	728	300000	668	15000	-1	-1	-1	-1	-1	-1	-1	-1	-1	-1	-1	-1	91379	1146	2005	1002	859	1146	1255	1380	1443	1631	1882	100	200	500	150	50	6000	7820
7829	熊猫宝宝	782	75	9	0	1	100	10	690	500000	-1	-1	658	900000	718	450000	728	300000	668	15000	-1	-1	-1	-1	-1	-1	-1	-1	-1	-1	-1	-1	91379	881	1542	771	661	881	1255	1380	1443	1631	1882	100	200	500	150	50	6000	7820
7830	成年熊猫	783	85	9	0	0	100	10	690	550000	-1	-1	658	900000	718	500000	728	350000	668	17500	-1	-1	-1	-1	-1	-1	-1	-1	-1	-1	-1	-1	94971	913	1598	799	685	913	1357	1492	1560	1764	2035	100	200	500	150	50	6000	7830
7831	变异熊猫	783	85	9	1	0	100	10	690	550000	-1	-1	658	900000	718	500000	728	350000	668	17500	-1	-1	-1	-1	-1	-1	-1	-1	-1	-1	-1	-1	94971	952	1667	833	714	952	1357	1492	1560	1764	2035	100	200	500	150	50	6000	7830
7832	变异熊猫	783	85	9	1	0	100	10	690	550000	-1	-1	658	900000	718	500000	728	350000	668	17500	-1	-1	-1	-1	-1	-1	-1	-1	-1	-1	-1	-1	94971	991	1735	867	743	991	1357	1492	1560	1764	2035	100	200	500	150	50	6000	7830
7833	变异熊猫	783	85	9	1	0	100	10	690	550000	-1	-1	658	900000	718	500000	728	350000	668	17500	-1	-1	-1	-1	-1	-1	-1	-1	-1	-1	-1	-1	94971	1031	1804	902	773	1031	1357	1492	1560	1764	2035	100	200	500	150	50	6000	7830
7834	变异熊猫	783	85	9	1	0	100	10	690	550000	-1	-1	658	900000	718	500000	728	350000	668	17500	-1	-1	-1	-1	-1	-1	-1	-1	-1	-1	-1	-1	94971	1070	1872	936	802	1070	1357	1492	1560	1764	2035	100	200	500	150	50	6000	7830
7835	变异熊猫	783	85	9	1	0	100	10	690	550000	-1	-1	658	900000	718	500000	728	350000	668	17500	-1	-1	-1	-1	-1	-1	-1	-1	-1	-1	-1	-1	94971	1109	1941	970	832	1109	1357	1492	1560	1764	2035	100	200	500	150	50	6000	7830
7836	变异熊猫	783	85	9	1	0	100	10	690	550000	-1	-1	658	900000	718	500000	728	350000	668	17500	-1	-1	-1	-1	-1	-1	-1	-1	-1	-1	-1	-1	94971	1148	2009	1004	861	1148	1357	1492	1560	1764	2035	100	200	500	150	50	6000	7830
7837	变异熊猫	783	85	9	1	0	100	10	690	550000	-1	-1	658	900000	718	500000	728	350000	668	17500	-1	-1	-1	-1	-1	-1	-1	-1	-1	-1	-1	-1	94971	1187	2078	1039	890	1187	1357	1492	1560	1764	2035	100	200	500	150	50	6000	7830
7839	熊猫宝宝	783	85	9	0	1	100	10	690	550000	-1	-1	658	900000	718	500000	728	350000	668	17500	-1	-1	-1	-1	-1	-1	-1	-1	-1	-1	-1	-1	94971	913	1598	799	685	913	1357	1492	1560	1764	2035	100	200	500	150	50	6000	7830
7840	成年熊猫	784	95	9	0	0	100	10	690	600000	-1	-1	658	900000	718	550000	728	400000	668	20000	-1	-1	-1	-1	-1	-1	-1	-1	-1	-1	-1	-1	98563	946	1656	828	709	946	1459	1604	1677	1896	2188	100	200	500	150	50	6000	7840
7841	变异熊猫	784	95	9	1	0	100	10	690	600000	-1	-1	658	900000	718	550000	728	400000	668	20000	-1	-1	-1	-1	-1	-1	-1	-1	-1	-1	-1	-1	98563	981	1718	859	736	981	1459	1604	1677	1896	2188	100	200	500	150	50	6000	7840
7842	变异熊猫	784	95	9	1	0	100	10	690	600000	-1	-1	658	900000	718	550000	728	400000	668	20000	-1	-1	-1	-1	-1	-1	-1	-1	-1	-1	-1	-1	98563	1017	1780	890	763	1017	1459	1604	1677	1896	2188	100	200	500	150	50	6000	7840
7843	变异熊猫	784	95	9	1	0	100	10	690	600000	-1	-1	658	900000	718	550000	728	400000	668	20000	-1	-1	-1	-1	-1	-1	-1	-1	-1	-1	-1	-1	98563	1052	1842	921	789	1052	1459	1604	1677	1896	2188	100	200	500	150	50	6000	7840
7844	变异熊猫	784	95	9	1	0	100	10	690	600000	-1	-1	658	900000	718	550000	728	400000	668	20000	-1	-1	-1	-1	-1	-1	-1	-1	-1	-1	-1	-1	98563	1088	1904	952	816	1088	1459	1604	1677	1896	2188	100	200	500	150	50	6000	7840
7845	变异熊猫	784	95	9	1	0	100	10	690	600000	-1	-1	658	900000	718	550000	728	400000	668	20000	-1	-1	-1	-1	-1	-1	-1	-1	-1	-1	-1	-1	98563	1123	1966	983	842	1123	1459	1604	1677	1896	2188	100	200	500	150	50	6000	7840
7846	变异熊猫	784	95	9	1	0	100	10	690	600000	-1	-1	658	900000	718	550000	728	400000	668	20000	-1	-1	-1	-1	-1	-1	-1	-1	-1	-1	-1	-1	98563	1159	2028	1014	869	1159	1459	1604	1677	1896	2188	100	200	500	150	50	6000	7840
7847	变异熊猫	784	95	9	1	0	100	10	690	600000	-1	-1	658	900000	718	550000	728	400000	668	20000	-1	-1	-1	-1	-1	-1	-1	-1	-1	-1	-1	-1	98563	1194	2090	1045	896	1194	1459	1604	1677	1896	2188	100	200	500	150	50	6000	7840
7848	变异熊猫	784	95	9	1	0	100	10	690	600000	-1	-1	658	900000	718	550000	728	400000	668	20000	-1	-1	-1	-1	-1	-1	-1	-1	-1	-1	-1	-1	98563	1230	2153	1076	922	1230	1459	1604	1677	1896	2188	100	200	500	150	50	6000	7840
7849	熊猫宝宝	784	95	9	0	1	100	10	690	600000	-1	-1	658	900000	718	550000	728	400000	668	20000	-1	-1	-1	-1	-1	-1	-1	-1	-1	-1	-1	-1	98563	946	1656	828	709	946	1459	1604	1677	1896	2188	100	200	500	150	50	6000	7840
7850	成年螃蟹	785	5	9	0	0	10	10	684	300000	-1	-1	726	900000	661	250000	702	100000	662	5000	-1	-1	-1	-1	-1	-1	-1	-1	-1	-1	-1	-1	77012	1219	1031	656	844	656	846	930	972	1099	1269	200	150	50	100	500	6000	7850
7851	变异螃蟹	785	5	9	1	0	10	10	684	300000	-1	-1	726	900000	661	250000	702	100000	662	5000	-1	-1	-1	-1	-1	-1	-1	-1	-1	-1	-1	-1	77012	1402	1186	755	970	755	846	930	972	1099	1269	200	150	50	100	500	6000	7850
7852	变异螃蟹	785	5	9	1	0	10	10	684	300000	-1	-1	726	900000	661	250000	702	100000	662	5000	-1	-1	-1	-1	-1	-1	-1	-1	-1	-1	-1	-1	77012	1585	1341	853	1097	853	846	930	972	1099	1269	200	150	50	100	500	6000	7850
7859	螃蟹宝宝	785	5	9	0	1	10	10	684	300000	-1	-1	726	900000	661	250000	702	100000	662	5000	-1	-1	-1	-1	-1	-1	-1	-1	-1	-1	-1	-1	77012	1219	1031	656	844	656	846	930	972	1099	1269	200	150	50	100	500	6000	7850
7860	成年螃蟹	786	45	9	0	0	10	10	684	350000	-1	-1	726	900000	661	300000	702	150000	662	7500	-1	-1	-1	-1	-1	-1	-1	-1	-1	-1	-1	-1	80604	1272	1076	685	881	685	948	1042	1090	1232	1422	200	150	50	100	500	6000	7860
7861	变异螃蟹	786	45	9	1	0	10	10	684	350000	-1	-1	726	900000	661	300000	702	150000	662	7500	-1	-1	-1	-1	-1	-1	-1	-1	-1	-1	-1	-1	80604	1399	1184	753	969	753	948	1042	1090	1232	1422	200	150	50	100	500	6000	7860
7862	变异螃蟹	786	45	9	1	0	10	10	684	350000	-1	-1	726	900000	661	300000	702	150000	662	7500	-1	-1	-1	-1	-1	-1	-1	-1	-1	-1	-1	-1	80604	1527	1292	822	1057	822	948	1042	1090	1232	1422	200	150	50	100	500	6000	7860
7863	变异螃蟹	786	45	9	1	0	10	10	684	350000	-1	-1	726	900000	661	300000	702	150000	662	7500	-1	-1	-1	-1	-1	-1	-1	-1	-1	-1	-1	-1	80604	1654	1399	890	1145	890	948	1042	1090	1232	1422	200	150	50	100	500	6000	7860
7869	螃蟹宝宝	786	45	9	0	1	10	10	684	350000	-1	-1	726	900000	661	300000	702	150000	662	7500	-1	-1	-1	-1	-1	-1	-1	-1	-1	-1	-1	-1	80604	1272	1076	685	881	685	948	1042	1090	1232	1422	200	150	50	100	500	6000	7860
7870	成年螃蟹	787	55	9	0	0	10	10	684	400000	-1	-1	726	900000	661	350000	702	200000	662	10000	-1	-1	-1	-1	-1	-1	-1	-1	-1	-1	-1	-1	84195	1326	1122	714	918	714	1051	1156	1208	1366	1576	200	150	50	100	500	6000	7870
7871	变异螃蟹	787	55	9	1	0	10	10	684	400000	-1	-1	726	900000	661	350000	702	200000	662	10000	-1	-1	-1	-1	-1	-1	-1	-1	-1	-1	-1	-1	84195	1425	1206	767	986	767	1051	1156	1208	1366	1576	200	150	50	100	500	6000	7870
7872	变异螃蟹	787	55	9	1	0	10	10	684	400000	-1	-1	726	900000	661	350000	702	200000	662	10000	-1	-1	-1	-1	-1	-1	-1	-1	-1	-1	-1	-1	84195	1524	1290	821	1055	821	1051	1156	1208	1366	1576	200	150	50	100	500	6000	7870
7873	变异螃蟹	787	55	9	1	0	10	10	684	400000	-1	-1	726	900000	661	350000	702	200000	662	10000	-1	-1	-1	-1	-1	-1	-1	-1	-1	-1	-1	-1	84195	1624	1374	874	1124	874	1051	1156	1208	1366	1576	200	150	50	100	500	6000	7870
7874	变异螃蟹	787	55	9	1	0	10	10	684	400000	-1	-1	726	900000	661	350000	702	200000	662	10000	-1	-1	-1	-1	-1	-1	-1	-1	-1	-1	-1	-1	84195	1723	1458	928	1193	928	1051	1156	1208	1366	1576	200	150	50	100	500	6000	7870
7879	螃蟹宝宝	787	55	9	0	1	10	10	684	400000	-1	-1	726	900000	661	350000	702	200000	662	10000	-1	-1	-1	-1	-1	-1	-1	-1	-1	-1	-1	-1	84195	1326	1122	714	918	714	1051	1156	1208	1366	1576	200	150	50	100	500	6000	7870
7880	成年螃蟹	788	65	9	0	0	10	10	684	450000	-1	-1	726	900000	661	400000	702	250000	662	12500	-1	-1	-1	-1	-1	-1	-1	-1	-1	-1	-1	-1	87787	1379	1167	742	954	742	1153	1268	1325	1498	1729	200	150	50	100	500	6000	7880
7881	变异螃蟹	788	65	9	1	0	10	10	684	450000	-1	-1	726	900000	661	400000	702	250000	662	12500	-1	-1	-1	-1	-1	-1	-1	-1	-1	-1	-1	-1	87787	1462	1237	787	1012	787	1153	1268	1325	1498	1729	200	150	50	100	500	6000	7880
7882	变异螃蟹	788	65	9	1	0	10	10	684	450000	-1	-1	726	900000	661	400000	702	250000	662	12500	-1	-1	-1	-1	-1	-1	-1	-1	-1	-1	-1	-1	87787	1544	1307	831	1069	831	1153	1268	1325	1498	1729	200	150	50	100	500	6000	7880
7883	变异螃蟹	788	65	9	1	0	10	10	684	450000	-1	-1	726	900000	661	400000	702	250000	662	12500	-1	-1	-1	-1	-1	-1	-1	-1	-1	-1	-1	-1	87787	1627	1377	876	1126	876	1153	1268	1325	1498	1729	200	150	50	100	500	6000	7880
7884	变异螃蟹	788	65	9	1	0	10	10	684	450000	-1	-1	726	900000	661	400000	702	250000	662	12500	-1	-1	-1	-1	-1	-1	-1	-1	-1	-1	-1	-1	87787	1710	1447	920	1184	920	1153	1268	1325	1498	1729	200	150	50	100	500	6000	7880
7885	变异螃蟹	788	65	9	1	0	10	10	684	450000	-1	-1	726	900000	661	400000	702	250000	662	12500	-1	-1	-1	-1	-1	-1	-1	-1	-1	-1	-1	-1	87787	1793	1517	965	1241	965	1153	1268	1325	1498	1729	200	150	50	100	500	6000	7880
7889	螃蟹宝宝	788	65	9	0	1	10	10	684	450000	-1	-1	726	900000	661	400000	702	250000	662	12500	-1	-1	-1	-1	-1	-1	-1	-1	-1	-1	-1	-1	87787	1379	1167	742	954	742	1153	1268	1325	1498	1729	200	150	50	100	500	6000	7880
7890	成年螃蟹	789	75	9	0	0	10	10	684	500000	-1	-1	726	900000	661	450000	702	300000	662	15000	-1	-1	-1	-1	-1	-1	-1	-1	-1	-1	-1	-1	91379	1432	1212	771	991	771	1255	1380	1443	1631	1882	200	150	50	100	500	6000	7890
7891	变异螃蟹	789	75	9	1	0	10	10	684	500000	-1	-1	726	900000	661	450000	702	300000	662	15000	-1	-1	-1	-1	-1	-1	-1	-1	-1	-1	-1	-1	91379	1504	1272	809	1041	809	1255	1380	1443	1631	1882	200	150	50	100	500	6000	7890
7892	变异螃蟹	789	75	9	1	0	10	10	684	500000	-1	-1	726	900000	661	450000	702	300000	662	15000	-1	-1	-1	-1	-1	-1	-1	-1	-1	-1	-1	-1	91379	1575	1333	848	1090	848	1255	1380	1443	1631	1882	200	150	50	100	500	6000	7890
7893	变异螃蟹	789	75	9	1	0	10	10	684	500000	-1	-1	726	900000	661	450000	702	300000	662	15000	-1	-1	-1	-1	-1	-1	-1	-1	-1	-1	-1	-1	91379	1647	1394	887	1140	887	1255	1380	1443	1631	1882	200	150	50	100	500	6000	7890
7894	变异螃蟹	789	75	9	1	0	10	10	684	500000	-1	-1	726	900000	661	450000	702	300000	662	15000	-1	-1	-1	-1	-1	-1	-1	-1	-1	-1	-1	-1	91379	1719	1454	925	1190	925	1255	1380	1443	1631	1882	200	150	50	100	500	6000	7890
7895	变异螃蟹	789	75	9	1	0	10	10	684	500000	-1	-1	726	900000	661	450000	702	300000	662	15000	-1	-1	-1	-1	-1	-1	-1	-1	-1	-1	-1	-1	91379	1790	1515	964	1239	964	1255	1380	1443	1631	1882	200	150	50	100	500	6000	7890
7896	变异螃蟹	789	75	9	1	0	10	10	684	500000	-1	-1	726	900000	661	450000	702	300000	662	15000	-1	-1	-1	-1	-1	-1	-1	-1	-1	-1	-1	-1	91379	1862	1575	1002	1289	1002	1255	1380	1443	1631	1882	200	150	50	100	500	6000	7890
7899	螃蟹宝宝	789	75	9	0	1	10	10	684	500000	-1	-1	726	900000	661	450000	702	300000	662	15000	-1	-1	-1	-1	-1	-1	-1	-1	-1	-1	-1	-1	91379	1432	1212	771	991	771	1255	1380	1443	1631	1882	200	150	50	100	500	6000	7890
7900	成年螃蟹	790	85	9	0	0	10	10	684	550000	-1	-1	726	900000	661	500000	702	350000	662	17500	-1	-1	-1	-1	-1	-1	-1	-1	-1	-1	-1	-1	94971	1484	1256	799	1027	799	1357	1492	1560	1764	2035	200	150	50	100	500	6000	7900
7901	变异螃蟹	790	85	9	1	0	10	10	684	550000	-1	-1	726	900000	661	500000	702	350000	662	17500	-1	-1	-1	-1	-1	-1	-1	-1	-1	-1	-1	-1	94971	1548	1310	833	1071	833	1357	1492	1560	1764	2035	200	150	50	100	500	6000	7900
7902	变异螃蟹	790	85	9	1	0	10	10	684	550000	-1	-1	726	900000	661	500000	702	350000	662	17500	-1	-1	-1	-1	-1	-1	-1	-1	-1	-1	-1	-1	94971	1611	1363	867	1115	867	1357	1492	1560	1764	2035	200	150	50	100	500	6000	7900
7903	变异螃蟹	790	85	9	1	0	10	10	684	550000	-1	-1	726	900000	661	500000	702	350000	662	17500	-1	-1	-1	-1	-1	-1	-1	-1	-1	-1	-1	-1	94971	1675	1417	902	1159	902	1357	1492	1560	1764	2035	200	150	50	100	500	6000	7900
7904	变异螃蟹	790	85	9	1	0	10	10	684	550000	-1	-1	726	900000	661	500000	702	350000	662	17500	-1	-1	-1	-1	-1	-1	-1	-1	-1	-1	-1	-1	94971	1739	1471	936	1203	936	1357	1492	1560	1764	2035	200	150	50	100	500	6000	7900
7905	变异螃蟹	790	85	9	1	0	10	10	684	550000	-1	-1	726	900000	661	500000	702	350000	662	17500	-1	-1	-1	-1	-1	-1	-1	-1	-1	-1	-1	-1	94971	1802	1525	970	1248	970	1357	1492	1560	1764	2035	200	150	50	100	500	6000	7900
7906	变异螃蟹	790	85	9	1	0	10	10	684	550000	-1	-1	726	900000	661	500000	702	350000	662	17500	-1	-1	-1	-1	-1	-1	-1	-1	-1	-1	-1	-1	94971	1866	1579	1004	1292	1004	1357	1492	1560	1764	2035	200	150	50	100	500	6000	7900
7907	变异螃蟹	790	85	9	1	0	10	10	684	550000	-1	-1	726	900000	661	500000	702	350000	662	17500	-1	-1	-1	-1	-1	-1	-1	-1	-1	-1	-1	-1	94971	1929	1633	1039	1336	1039	1357	1492	1560	1764	2035	200	150	50	100	500	6000	7900
7909	螃蟹宝宝	790	85	9	0	1	10	10	684	550000	-1	-1	726	900000	661	500000	702	350000	662	17500	-1	-1	-1	-1	-1	-1	-1	-1	-1	-1	-1	-1	94971	1484	1256	799	1027	799	1357	1492	1560	1764	2035	200	150	50	100	500	6000	7900
7910	成年螃蟹	791	95	9	0	0	10	10	684	600000	-1	-1	726	900000	661	550000	702	400000	662	20000	-1	-1	-1	-1	-1	-1	-1	-1	-1	-1	-1	-1	98563	1537	1301	828	1064	828	1459	1604	1677	1896	2188	200	150	50	100	500	6000	7910
7911	变异螃蟹	791	95	9	1	0	10	10	684	600000	-1	-1	726	900000	661	550000	702	400000	662	20000	-1	-1	-1	-1	-1	-1	-1	-1	-1	-1	-1	-1	98563	1595	1350	859	1104	859	1459	1604	1677	1896	2188	200	150	50	100	500	6000	7910
7912	变异螃蟹	791	95	9	1	0	10	10	684	600000	-1	-1	726	900000	661	550000	702	400000	662	20000	-1	-1	-1	-1	-1	-1	-1	-1	-1	-1	-1	-1	98563	1653	1398	890	1144	890	1459	1604	1677	1896	2188	200	150	50	100	500	6000	7910
7913	变异螃蟹	791	95	9	1	0	10	10	684	600000	-1	-1	726	900000	661	550000	702	400000	662	20000	-1	-1	-1	-1	-1	-1	-1	-1	-1	-1	-1	-1	98563	1710	1447	921	1184	921	1459	1604	1677	1896	2188	200	150	50	100	500	6000	7910
7914	变异螃蟹	791	95	9	1	0	10	10	684	600000	-1	-1	726	900000	661	550000	702	400000	662	20000	-1	-1	-1	-1	-1	-1	-1	-1	-1	-1	-1	-1	98563	1768	1496	952	1224	952	1459	1604	1677	1896	2188	200	150	50	100	500	6000	7910
7915	变异螃蟹	791	95	9	1	0	10	10	684	600000	-1	-1	726	900000	661	550000	702	400000	662	20000	-1	-1	-1	-1	-1	-1	-1	-1	-1	-1	-1	-1	98563	1826	1545	983	1264	983	1459	1604	1677	1896	2188	200	150	50	100	500	6000	7910
7916	变异螃蟹	791	95	9	1	0	10	10	684	600000	-1	-1	726	900000	661	550000	702	400000	662	20000	-1	-1	-1	-1	-1	-1	-1	-1	-1	-1	-1	-1	98563	1883	1594	1014	1304	1014	1459	1604	1677	1896	2188	200	150	50	100	500	6000	7910
7917	变异螃蟹	791	95	9	1	0	10	10	684	600000	-1	-1	726	900000	661	550000	702	400000	662	20000	-1	-1	-1	-1	-1	-1	-1	-1	-1	-1	-1	-1	98563	1941	1642	1045	1344	1045	1459	1604	1677	1896	2188	200	150	50	100	500	6000	7910
7918	变异螃蟹	791	95	9	1	0	10	10	684	600000	-1	-1	726	900000	661	550000	702	400000	662	20000	-1	-1	-1	-1	-1	-1	-1	-1	-1	-1	-1	-1	98563	1999	1691	1076	1384	1076	1459	1604	1677	1896	2188	200	150	50	100	500	6000	7910
7919	螃蟹宝宝	791	95	9	0	1	10	10	684	600000	-1	-1	726	900000	661	550000	702	400000	662	20000	-1	-1	-1	-1	-1	-1	-1	-1	-1	-1	-1	-1	98563	1537	1301	828	1064	828	1459	1604	1677	1896	2188	200	150	50	100	500	6000	7910
7920	成年蝴蝶	792	5	9	0	0	100	10	700	300000	-1	-1	704	900000	712	250000	660	100000	664	5000	-1	-1	-1	-1	-1	-1	-1	-1	-1	-1	-1	-1	77012	656	750	1219	750	1031	846	930	972	1099	1269	500	200	150	100	50	6000	7920
7921	变异蝴蝶	792	5	9	1	0	100	10	700	300000	-1	-1	704	900000	712	250000	660	100000	664	5000	-1	-1	-1	-1	-1	-1	-1	-1	-1	-1	-1	-1	77012	755	862	1402	862	1186	846	930	972	1099	1269	500	200	150	100	50	6000	7920
7922	变异蝴蝶	792	5	9	1	0	100	10	700	300000	-1	-1	704	900000	712	250000	660	100000	664	5000	-1	-1	-1	-1	-1	-1	-1	-1	-1	-1	-1	-1	77012	853	975	1585	975	1341	846	930	972	1099	1269	500	200	150	100	50	6000	7920
7929	蝴蝶宝宝	792	5	9	0	1	100	10	700	300000	-1	-1	704	900000	712	250000	660	100000	664	5000	-1	-1	-1	-1	-1	-1	-1	-1	-1	-1	-1	-1	77012	656	750	1219	750	1031	846	930	972	1099	1269	500	200	150	100	50	6000	7920
7930	成年蝴蝶	793	45	9	0	0	100	10	700	350000	-1	-1	704	900000	712	300000	660	150000	664	7500	-1	-1	-1	-1	-1	-1	-1	-1	-1	-1	-1	-1	80604	685	783	1272	783	1076	948	1042	1090	1232	1422	500	200	150	100	50	6000	7930
7931	变异蝴蝶	793	45	9	1	0	100	10	700	350000	-1	-1	704	900000	712	300000	660	150000	664	7500	-1	-1	-1	-1	-1	-1	-1	-1	-1	-1	-1	-1	80604	753	861	1399	861	1184	948	1042	1090	1232	1422	500	200	150	100	50	6000	7930
7932	变异蝴蝶	793	45	9	1	0	100	10	700	350000	-1	-1	704	900000	712	300000	660	150000	664	7500	-1	-1	-1	-1	-1	-1	-1	-1	-1	-1	-1	-1	80604	822	939	1527	939	1292	948	1042	1090	1232	1422	500	200	150	100	50	6000	7930
7933	变异蝴蝶	793	45	9	1	0	100	10	700	350000	-1	-1	704	900000	712	300000	660	150000	664	7500	-1	-1	-1	-1	-1	-1	-1	-1	-1	-1	-1	-1	80604	890	1018	1654	1018	1399	948	1042	1090	1232	1422	500	200	150	100	50	6000	7930
7939	蝴蝶宝宝	793	45	9	0	1	100	10	700	350000	-1	-1	704	900000	712	300000	660	150000	664	7500	-1	-1	-1	-1	-1	-1	-1	-1	-1	-1	-1	-1	80604	685	783	1272	783	1076	948	1042	1090	1232	1422	500	200	150	100	50	6000	7930
7940	成年蝴蝶	794	55	9	0	0	100	10	700	400000	-1	-1	704	900000	712	350000	660	200000	664	10000	-1	-1	-1	-1	-1	-1	-1	-1	-1	-1	-1	-1	84195	714	816	1326	816	1122	1051	1156	1208	1366	1576	500	200	150	100	50	6000	7940
7941	变异蝴蝶	794	55	9	1	0	100	10	700	400000	-1	-1	704	900000	712	350000	660	200000	664	10000	-1	-1	-1	-1	-1	-1	-1	-1	-1	-1	-1	-1	84195	767	877	1425	877	1206	1051	1156	1208	1366	1576	500	200	150	100	50	6000	7940
7942	变异蝴蝶	794	55	9	1	0	100	10	700	400000	-1	-1	704	900000	712	350000	660	200000	664	10000	-1	-1	-1	-1	-1	-1	-1	-1	-1	-1	-1	-1	84195	821	938	1524	938	1290	1051	1156	1208	1366	1576	500	200	150	100	50	6000	7940
7943	变异蝴蝶	794	55	9	1	0	100	10	700	400000	-1	-1	704	900000	712	350000	660	200000	664	10000	-1	-1	-1	-1	-1	-1	-1	-1	-1	-1	-1	-1	84195	874	999	1624	999	1374	1051	1156	1208	1366	1576	500	200	150	100	50	6000	7940
7944	变异蝴蝶	794	55	9	1	0	100	10	700	400000	-1	-1	704	900000	712	350000	660	200000	664	10000	-1	-1	-1	-1	-1	-1	-1	-1	-1	-1	-1	-1	84195	928	1060	1723	1060	1458	1051	1156	1208	1366	1576	500	200	150	100	50	6000	7940
7949	蝴蝶宝宝	794	55	9	0	1	100	10	700	400000	-1	-1	704	900000	712	350000	660	200000	664	10000	-1	-1	-1	-1	-1	-1	-1	-1	-1	-1	-1	-1	84195	714	816	1326	816	1122	1051	1156	1208	1366	1576	500	200	150	100	50	6000	7940
7950	成年蝴蝶	795	65	9	0	0	100	10	700	450000	-1	-1	704	900000	712	400000	660	250000	664	12500	-1	-1	-1	-1	-1	-1	-1	-1	-1	-1	-1	-1	87787	742	848	1379	848	1167	1153	1268	1325	1498	1729	500	200	150	100	50	6000	7950
7951	变异蝴蝶	795	65	9	1	0	100	10	700	450000	-1	-1	704	900000	712	400000	660	250000	664	12500	-1	-1	-1	-1	-1	-1	-1	-1	-1	-1	-1	-1	87787	787	899	1462	899	1237	1153	1268	1325	1498	1729	500	200	150	100	50	6000	7950
7952	变异蝴蝶	795	65	9	1	0	100	10	700	450000	-1	-1	704	900000	712	400000	660	250000	664	12500	-1	-1	-1	-1	-1	-1	-1	-1	-1	-1	-1	-1	87787	831	950	1544	950	1307	1153	1268	1325	1498	1729	500	200	150	100	50	6000	7950
7953	变异蝴蝶	795	65	9	1	0	100	10	700	450000	-1	-1	704	900000	712	400000	660	250000	664	12500	-1	-1	-1	-1	-1	-1	-1	-1	-1	-1	-1	-1	87787	876	1001	1627	1001	1377	1153	1268	1325	1498	1729	500	200	150	100	50	6000	7950
7954	变异蝴蝶	795	65	9	1	0	100	10	700	450000	-1	-1	704	900000	712	400000	660	250000	664	12500	-1	-1	-1	-1	-1	-1	-1	-1	-1	-1	-1	-1	87787	920	1052	1710	1052	1447	1153	1268	1325	1498	1729	500	200	150	100	50	6000	7950
7955	变异蝴蝶	795	65	9	1	0	100	10	700	450000	-1	-1	704	900000	712	400000	660	250000	664	12500	-1	-1	-1	-1	-1	-1	-1	-1	-1	-1	-1	-1	87787	965	1103	1793	1103	1517	1153	1268	1325	1498	1729	500	200	150	100	50	6000	7950
7959	蝴蝶宝宝	795	65	9	0	1	100	10	700	450000	-1	-1	704	900000	712	400000	660	250000	664	12500	-1	-1	-1	-1	-1	-1	-1	-1	-1	-1	-1	-1	87787	742	848	1379	848	1167	1153	1268	1325	1498	1729	500	200	150	100	50	6000	7950
7960	成年蝴蝶	796	75	9	0	0	100	10	700	500000	-1	-1	704	900000	712	450000	660	300000	664	15000	-1	-1	-1	-1	-1	-1	-1	-1	-1	-1	-1	-1	91379	771	881	1432	881	1212	1255	1380	1443	1631	1882	500	200	150	100	50	6000	7960
7961	变异蝴蝶	796	75	9	1	0	100	10	700	500000	-1	-1	704	900000	712	450000	660	300000	664	15000	-1	-1	-1	-1	-1	-1	-1	-1	-1	-1	-1	-1	91379	809	925	1504	925	1272	1255	1380	1443	1631	1882	500	200	150	100	50	6000	7960
7962	变异蝴蝶	796	75	9	1	0	100	10	700	500000	-1	-1	704	900000	712	450000	660	300000	664	15000	-1	-1	-1	-1	-1	-1	-1	-1	-1	-1	-1	-1	91379	848	969	1575	969	1333	1255	1380	1443	1631	1882	500	200	150	100	50	6000	7960
7963	变异蝴蝶	796	75	9	1	0	100	10	700	500000	-1	-1	704	900000	712	450000	660	300000	664	15000	-1	-1	-1	-1	-1	-1	-1	-1	-1	-1	-1	-1	91379	887	1013	1647	1013	1394	1255	1380	1443	1631	1882	500	200	150	100	50	6000	7960
7964	变异蝴蝶	796	75	9	1	0	100	10	700	500000	-1	-1	704	900000	712	450000	660	300000	664	15000	-1	-1	-1	-1	-1	-1	-1	-1	-1	-1	-1	-1	91379	925	1057	1719	1057	1454	1255	1380	1443	1631	1882	500	200	150	100	50	6000	7960
7965	变异蝴蝶	796	75	9	1	0	100	10	700	500000	-1	-1	704	900000	712	450000	660	300000	664	15000	-1	-1	-1	-1	-1	-1	-1	-1	-1	-1	-1	-1	91379	964	1102	1790	1102	1515	1255	1380	1443	1631	1882	500	200	150	100	50	6000	7960
7966	变异蝴蝶	796	75	9	1	0	100	10	700	500000	-1	-1	704	900000	712	450000	660	300000	664	15000	-1	-1	-1	-1	-1	-1	-1	-1	-1	-1	-1	-1	91379	1002	1146	1862	1146	1575	1255	1380	1443	1631	1882	500	200	150	100	50	6000	7960
7969	蝴蝶宝宝	796	75	9	0	1	100	10	700	500000	-1	-1	704	900000	712	450000	660	300000	664	15000	-1	-1	-1	-1	-1	-1	-1	-1	-1	-1	-1	-1	91379	771	881	1432	881	1212	1255	1380	1443	1631	1882	500	200	150	100	50	6000	7960
7970	成年蝴蝶	797	85	9	0	0	100	10	700	550000	-1	-1	704	900000	712	500000	660	350000	664	17500	-1	-1	-1	-1	-1	-1	-1	-1	-1	-1	-1	-1	94971	799	913	1484	913	1256	1357	1492	1560	1764	2035	500	200	150	100	50	6000	7970
7971	变异蝴蝶	797	85	9	1	0	100	10	700	550000	-1	-1	704	900000	712	500000	660	350000	664	17500	-1	-1	-1	-1	-1	-1	-1	-1	-1	-1	-1	-1	94971	833	952	1548	952	1310	1357	1492	1560	1764	2035	500	200	150	100	50	6000	7970
7972	变异蝴蝶	797	85	9	1	0	100	10	700	550000	-1	-1	704	900000	712	500000	660	350000	664	17500	-1	-1	-1	-1	-1	-1	-1	-1	-1	-1	-1	-1	94971	867	991	1611	991	1363	1357	1492	1560	1764	2035	500	200	150	100	50	6000	7970
7973	变异蝴蝶	797	85	9	1	0	100	10	700	550000	-1	-1	704	900000	712	500000	660	350000	664	17500	-1	-1	-1	-1	-1	-1	-1	-1	-1	-1	-1	-1	94971	902	1031	1675	1031	1417	1357	1492	1560	1764	2035	500	200	150	100	50	6000	7970
7974	变异蝴蝶	797	85	9	1	0	100	10	700	550000	-1	-1	704	900000	712	500000	660	350000	664	17500	-1	-1	-1	-1	-1	-1	-1	-1	-1	-1	-1	-1	94971	936	1070	1739	1070	1471	1357	1492	1560	1764	2035	500	200	150	100	50	6000	7970
7975	变异蝴蝶	797	85	9	1	0	100	10	700	550000	-1	-1	704	900000	712	500000	660	350000	664	17500	-1	-1	-1	-1	-1	-1	-1	-1	-1	-1	-1	-1	94971	970	1109	1802	1109	1525	1357	1492	1560	1764	2035	500	200	150	100	50	6000	7970
7976	变异蝴蝶	797	85	9	1	0	100	10	700	550000	-1	-1	704	900000	712	500000	660	350000	664	17500	-1	-1	-1	-1	-1	-1	-1	-1	-1	-1	-1	-1	94971	1004	1148	1866	1148	1579	1357	1492	1560	1764	2035	500	200	150	100	50	6000	7970
7977	变异蝴蝶	797	85	9	1	0	100	10	700	550000	-1	-1	704	900000	712	500000	660	350000	664	17500	-1	-1	-1	-1	-1	-1	-1	-1	-1	-1	-1	-1	94971	1039	1187	1929	1187	1633	1357	1492	1560	1764	2035	500	200	150	100	50	6000	7970
7979	蝴蝶宝宝	797	85	9	0	1	100	10	700	550000	-1	-1	704	900000	712	500000	660	350000	664	17500	-1	-1	-1	-1	-1	-1	-1	-1	-1	-1	-1	-1	94971	799	913	1484	913	1256	1357	1492	1560	1764	2035	500	200	150	100	50	6000	7970
7980	成年蝴蝶	798	95	9	0	0	100	10	700	600000	-1	-1	704	900000	712	550000	660	400000	664	20000	-1	-1	-1	-1	-1	-1	-1	-1	-1	-1	-1	-1	98563	828	946	1537	946	1301	1459	1604	1677	1896	2188	500	200	150	100	50	6000	7980
7981	变异蝴蝶	798	95	9	1	0	100	10	700	600000	-1	-1	704	900000	712	550000	660	400000	664	20000	-1	-1	-1	-1	-1	-1	-1	-1	-1	-1	-1	-1	98563	859	981	1595	981	1350	1459	1604	1677	1896	2188	500	200	150	100	50	6000	7980
7982	变异蝴蝶	798	95	9	1	0	100	10	700	600000	-1	-1	704	900000	712	550000	660	400000	664	20000	-1	-1	-1	-1	-1	-1	-1	-1	-1	-1	-1	-1	98563	890	1017	1653	1017	1398	1459	1604	1677	1896	2188	500	200	150	100	50	6000	7980
7983	变异蝴蝶	798	95	9	1	0	100	10	700	600000	-1	-1	704	900000	712	550000	660	400000	664	20000	-1	-1	-1	-1	-1	-1	-1	-1	-1	-1	-1	-1	98563	921	1052	1710	1052	1447	1459	1604	1677	1896	2188	500	200	150	100	50	6000	7980
7984	变异蝴蝶	798	95	9	1	0	100	10	700	600000	-1	-1	704	900000	712	550000	660	400000	664	20000	-1	-1	-1	-1	-1	-1	-1	-1	-1	-1	-1	-1	98563	952	1088	1768	1088	1496	1459	1604	1677	1896	2188	500	200	150	100	50	6000	7980
7985	变异蝴蝶	798	95	9	1	0	100	10	700	600000	-1	-1	704	900000	712	550000	660	400000	664	20000	-1	-1	-1	-1	-1	-1	-1	-1	-1	-1	-1	-1	98563	983	1123	1826	1123	1545	1459	1604	1677	1896	2188	500	200	150	100	50	6000	7980
7986	变异蝴蝶	798	95	9	1	0	100	10	700	600000	-1	-1	704	900000	712	550000	660	400000	664	20000	-1	-1	-1	-1	-1	-1	-1	-1	-1	-1	-1	-1	98563	1014	1159	1883	1159	1594	1459	1604	1677	1896	2188	500	200	150	100	50	6000	7980
7987	变异蝴蝶	798	95	9	1	0	100	10	700	600000	-1	-1	704	900000	712	550000	660	400000	664	20000	-1	-1	-1	-1	-1	-1	-1	-1	-1	-1	-1	-1	98563	1045	1194	1941	1194	1642	1459	1604	1677	1896	2188	500	200	150	100	50	6000	7980
7988	变异蝴蝶	798	95	9	1	0	100	10	700	600000	-1	-1	704	900000	712	550000	660	400000	664	20000	-1	-1	-1	-1	-1	-1	-1	-1	-1	-1	-1	-1	98563	1076	1230	1999	1230	1691	1459	1604	1677	1896	2188	500	200	150	100	50	6000	7980
7989	蝴蝶宝宝	798	95	9	0	1	100	10	700	600000	-1	-1	704	900000	712	550000	660	400000	664	20000	-1	-1	-1	-1	-1	-1	-1	-1	-1	-1	-1	-1	98563	828	946	1537	946	1301	1459	1604	1677	1896	2188	500	200	150	100	50	6000	7980
7990	成年蜗牛	799	5	9	0	0	100	10	686	300000	-1	-1	656	900000	728	250000	716	100000	668	5000	-1	-1	-1	-1	-1	-1	-1	-1	-1	-1	-1	-1	77012	844	1219	750	750	844	846	930	972	1099	1269	200	500	150	100	50	6000	7990
7991	变异蜗牛	799	5	9	1	0	100	10	686	300000	-1	-1	656	900000	728	250000	716	100000	668	5000	-1	-1	-1	-1	-1	-1	-1	-1	-1	-1	-1	-1	77012	970	1402	862	862	970	846	930	972	1099	1269	200	500	150	100	50	6000	7990
7992	变异蜗牛	799	5	9	1	0	100	10	686	300000	-1	-1	656	900000	728	250000	716	100000	668	5000	-1	-1	-1	-1	-1	-1	-1	-1	-1	-1	-1	-1	77012	1097	1585	975	975	1097	846	930	972	1099	1269	200	500	150	100	50	6000	7990
7999	蜗牛宝宝	799	5	9	0	1	100	10	686	300000	-1	-1	656	900000	728	250000	716	100000	668	5000	-1	-1	-1	-1	-1	-1	-1	-1	-1	-1	-1	-1	77012	844	1219	750	750	844	846	930	972	1099	1269	200	500	150	100	50	6000	7990
8000	成年蜗牛	800	45	9	0	0	100	10	686	350000	-1	-1	656	900000	728	300000	716	150000	668	7500	-1	-1	-1	-1	-1	-1	-1	-1	-1	-1	-1	-1	80604	881	1272	783	783	881	948	1042	1090	1232	1422	200	500	150	100	50	6000	8000
8001	变异蜗牛	800	45	9	1	0	100	10	686	350000	-1	-1	656	900000	728	300000	716	150000	668	7500	-1	-1	-1	-1	-1	-1	-1	-1	-1	-1	-1	-1	80604	969	1399	861	861	969	948	1042	1090	1232	1422	200	500	150	100	50	6000	8000
8002	变异蜗牛	800	45	9	1	0	100	10	686	350000	-1	-1	656	900000	728	300000	716	150000	668	7500	-1	-1	-1	-1	-1	-1	-1	-1	-1	-1	-1	-1	80604	1057	1527	939	939	1057	948	1042	1090	1232	1422	200	500	150	100	50	6000	8000
8003	变异蜗牛	800	45	9	1	0	100	10	686	350000	-1	-1	656	900000	728	300000	716	150000	668	7500	-1	-1	-1	-1	-1	-1	-1	-1	-1	-1	-1	-1	80604	1145	1654	1018	1018	1145	948	1042	1090	1232	1422	200	500	150	100	50	6000	8000
8009	蜗牛宝宝	800	45	9	0	1	100	10	686	350000	-1	-1	656	900000	728	300000	716	150000	668	7500	-1	-1	-1	-1	-1	-1	-1	-1	-1	-1	-1	-1	80604	881	1272	783	783	881	948	1042	1090	1232	1422	200	500	150	100	50	6000	8000
8010	成年蜗牛	801	55	9	0	0	100	10	686	400000	-1	-1	656	900000	728	350000	716	200000	668	10000	-1	-1	-1	-1	-1	-1	-1	-1	-1	-1	-1	-1	84195	918	1326	816	816	918	1051	1156	1208	1366	1576	200	500	150	100	50	6000	8010
8011	变异蜗牛	801	55	9	1	0	100	10	686	400000	-1	-1	656	900000	728	350000	716	200000	668	10000	-1	-1	-1	-1	-1	-1	-1	-1	-1	-1	-1	-1	84195	986	1425	877	877	986	1051	1156	1208	1366	1576	200	500	150	100	50	6000	8010
8012	变异蜗牛	801	55	9	1	0	100	10	686	400000	-1	-1	656	900000	728	350000	716	200000	668	10000	-1	-1	-1	-1	-1	-1	-1	-1	-1	-1	-1	-1	84195	1055	1524	938	938	1055	1051	1156	1208	1366	1576	200	500	150	100	50	6000	8010
8013	变异蜗牛	801	55	9	1	0	100	10	686	400000	-1	-1	656	900000	728	350000	716	200000	668	10000	-1	-1	-1	-1	-1	-1	-1	-1	-1	-1	-1	-1	84195	1124	1624	999	999	1124	1051	1156	1208	1366	1576	200	500	150	100	50	6000	8010
8014	变异蜗牛	801	55	9	1	0	100	10	686	400000	-1	-1	656	900000	728	350000	716	200000	668	10000	-1	-1	-1	-1	-1	-1	-1	-1	-1	-1	-1	-1	84195	1193	1723	1060	1060	1193	1051	1156	1208	1366	1576	200	500	150	100	50	6000	8010
8019	蜗牛宝宝	801	55	9	0	1	100	10	686	400000	-1	-1	656	900000	728	350000	716	200000	668	10000	-1	-1	-1	-1	-1	-1	-1	-1	-1	-1	-1	-1	84195	918	1326	816	816	918	1051	1156	1208	1366	1576	200	500	150	100	50	6000	8010
8020	成年蜗牛	802	65	9	0	0	100	10	686	450000	-1	-1	656	900000	728	400000	716	250000	668	12500	-1	-1	-1	-1	-1	-1	-1	-1	-1	-1	-1	-1	87787	954	1379	848	848	954	1153	1268	1325	1498	1729	200	500	150	100	50	6000	8020
8021	变异蜗牛	802	65	9	1	0	100	10	686	450000	-1	-1	656	900000	728	400000	716	250000	668	12500	-1	-1	-1	-1	-1	-1	-1	-1	-1	-1	-1	-1	87787	1012	1462	899	899	1012	1153	1268	1325	1498	1729	200	500	150	100	50	6000	8020
8022	变异蜗牛	802	65	9	1	0	100	10	686	450000	-1	-1	656	900000	728	400000	716	250000	668	12500	-1	-1	-1	-1	-1	-1	-1	-1	-1	-1	-1	-1	87787	1069	1544	950	950	1069	1153	1268	1325	1498	1729	200	500	150	100	50	6000	8020
8023	变异蜗牛	802	65	9	1	0	100	10	686	450000	-1	-1	656	900000	728	400000	716	250000	668	12500	-1	-1	-1	-1	-1	-1	-1	-1	-1	-1	-1	-1	87787	1126	1627	1001	1001	1126	1153	1268	1325	1498	1729	200	500	150	100	50	6000	8020
8024	变异蜗牛	802	65	9	1	0	100	10	686	450000	-1	-1	656	900000	728	400000	716	250000	668	12500	-1	-1	-1	-1	-1	-1	-1	-1	-1	-1	-1	-1	87787	1184	1710	1052	1052	1184	1153	1268	1325	1498	1729	200	500	150	100	50	6000	8020
8025	变异蜗牛	802	65	9	1	0	100	10	686	450000	-1	-1	656	900000	728	400000	716	250000	668	12500	-1	-1	-1	-1	-1	-1	-1	-1	-1	-1	-1	-1	87787	1241	1793	1103	1103	1241	1153	1268	1325	1498	1729	200	500	150	100	50	6000	8020
8029	蜗牛宝宝	802	65	9	0	1	100	10	686	450000	-1	-1	656	900000	728	400000	716	250000	668	12500	-1	-1	-1	-1	-1	-1	-1	-1	-1	-1	-1	-1	87787	954	1379	848	848	954	1153	1268	1325	1498	1729	200	500	150	100	50	6000	8020
8030	成年蜗牛	803	75	9	0	0	100	10	686	500000	-1	-1	656	900000	728	450000	716	300000	668	15000	-1	-1	-1	-1	-1	-1	-1	-1	-1	-1	-1	-1	91379	991	1432	881	881	991	1255	1380	1443	1631	1882	200	500	150	100	50	6000	8030
8031	变异蜗牛	803	75	9	1	0	100	10	686	500000	-1	-1	656	900000	728	450000	716	300000	668	15000	-1	-1	-1	-1	-1	-1	-1	-1	-1	-1	-1	-1	91379	1041	1504	925	925	1041	1255	1380	1443	1631	1882	200	500	150	100	50	6000	8030
8032	变异蜗牛	803	75	9	1	0	100	10	686	500000	-1	-1	656	900000	728	450000	716	300000	668	15000	-1	-1	-1	-1	-1	-1	-1	-1	-1	-1	-1	-1	91379	1090	1575	969	969	1090	1255	1380	1443	1631	1882	200	500	150	100	50	6000	8030
8033	变异蜗牛	803	75	9	1	0	100	10	686	500000	-1	-1	656	900000	728	450000	716	300000	668	15000	-1	-1	-1	-1	-1	-1	-1	-1	-1	-1	-1	-1	91379	1140	1647	1013	1013	1140	1255	1380	1443	1631	1882	200	500	150	100	50	6000	8030
8034	变异蜗牛	803	75	9	1	0	100	10	686	500000	-1	-1	656	900000	728	450000	716	300000	668	15000	-1	-1	-1	-1	-1	-1	-1	-1	-1	-1	-1	-1	91379	1190	1719	1057	1057	1190	1255	1380	1443	1631	1882	200	500	150	100	50	6000	8030
8035	变异蜗牛	803	75	9	1	0	100	10	686	500000	-1	-1	656	900000	728	450000	716	300000	668	15000	-1	-1	-1	-1	-1	-1	-1	-1	-1	-1	-1	-1	91379	1239	1790	1102	1102	1239	1255	1380	1443	1631	1882	200	500	150	100	50	6000	8030
8036	变异蜗牛	803	75	9	1	0	100	10	686	500000	-1	-1	656	900000	728	450000	716	300000	668	15000	-1	-1	-1	-1	-1	-1	-1	-1	-1	-1	-1	-1	91379	1289	1862	1146	1146	1289	1255	1380	1443	1631	1882	200	500	150	100	50	6000	8030
8039	蜗牛宝宝	803	75	9	0	1	100	10	686	500000	-1	-1	656	900000	728	450000	716	300000	668	15000	-1	-1	-1	-1	-1	-1	-1	-1	-1	-1	-1	-1	91379	991	1432	881	881	991	1255	1380	1443	1631	1882	200	500	150	100	50	6000	8030
8040	成年蜗牛	804	85	9	0	0	100	10	686	550000	-1	-1	656	900000	728	500000	716	350000	668	17500	-1	-1	-1	-1	-1	-1	-1	-1	-1	-1	-1	-1	94971	1027	1484	913	913	1027	1357	1492	1560	1764	2035	200	500	150	100	50	6000	8040
8041	变异蜗牛	804	85	9	1	0	100	10	686	550000	-1	-1	656	900000	728	500000	716	350000	668	17500	-1	-1	-1	-1	-1	-1	-1	-1	-1	-1	-1	-1	94971	1071	1548	952	952	1071	1357	1492	1560	1764	2035	200	500	150	100	50	6000	8040
8042	变异蜗牛	804	85	9	1	0	100	10	686	550000	-1	-1	656	900000	728	500000	716	350000	668	17500	-1	-1	-1	-1	-1	-1	-1	-1	-1	-1	-1	-1	94971	1115	1611	991	991	1115	1357	1492	1560	1764	2035	200	500	150	100	50	6000	8040
8043	变异蜗牛	804	85	9	1	0	100	10	686	550000	-1	-1	656	900000	728	500000	716	350000	668	17500	-1	-1	-1	-1	-1	-1	-1	-1	-1	-1	-1	-1	94971	1159	1675	1031	1031	1159	1357	1492	1560	1764	2035	200	500	150	100	50	6000	8040
8044	变异蜗牛	804	85	9	1	0	100	10	686	550000	-1	-1	656	900000	728	500000	716	350000	668	17500	-1	-1	-1	-1	-1	-1	-1	-1	-1	-1	-1	-1	94971	1203	1739	1070	1070	1203	1357	1492	1560	1764	2035	200	500	150	100	50	6000	8040
8045	变异蜗牛	804	85	9	1	0	100	10	686	550000	-1	-1	656	900000	728	500000	716	350000	668	17500	-1	-1	-1	-1	-1	-1	-1	-1	-1	-1	-1	-1	94971	1248	1802	1109	1109	1248	1357	1492	1560	1764	2035	200	500	150	100	50	6000	8040
8046	变异蜗牛	804	85	9	1	0	100	10	686	550000	-1	-1	656	900000	728	500000	716	350000	668	17500	-1	-1	-1	-1	-1	-1	-1	-1	-1	-1	-1	-1	94971	1292	1866	1148	1148	1292	1357	1492	1560	1764	2035	200	500	150	100	50	6000	8040
8047	变异蜗牛	804	85	9	1	0	100	10	686	550000	-1	-1	656	900000	728	500000	716	350000	668	17500	-1	-1	-1	-1	-1	-1	-1	-1	-1	-1	-1	-1	94971	1336	1929	1187	1187	1336	1357	1492	1560	1764	2035	200	500	150	100	50	6000	8040
8049	蜗牛宝宝	804	85	9	0	1	100	10	686	550000	-1	-1	656	900000	728	500000	716	350000	668	17500	-1	-1	-1	-1	-1	-1	-1	-1	-1	-1	-1	-1	94971	1027	1484	913	913	1027	1357	1492	1560	1764	2035	200	500	150	100	50	6000	8040
8050	成年蜗牛	805	95	9	0	0	100	10	686	600000	-1	-1	656	900000	728	550000	716	400000	668	20000	-1	-1	-1	-1	-1	-1	-1	-1	-1	-1	-1	-1	98563	1064	1537	946	946	1064	1459	1604	1677	1896	2188	200	500	150	100	50	6000	8050
8051	变异蜗牛	805	95	9	1	0	100	10	686	600000	-1	-1	656	900000	728	550000	716	400000	668	20000	-1	-1	-1	-1	-1	-1	-1	-1	-1	-1	-1	-1	98563	1104	1595	981	981	1104	1459	1604	1677	1896	2188	200	500	150	100	50	6000	8050
8052	变异蜗牛	805	95	9	1	0	100	10	686	600000	-1	-1	656	900000	728	550000	716	400000	668	20000	-1	-1	-1	-1	-1	-1	-1	-1	-1	-1	-1	-1	98563	1144	1653	1017	1017	1144	1459	1604	1677	1896	2188	200	500	150	100	50	6000	8050
8053	变异蜗牛	805	95	9	1	0	100	10	686	600000	-1	-1	656	900000	728	550000	716	400000	668	20000	-1	-1	-1	-1	-1	-1	-1	-1	-1	-1	-1	-1	98563	1184	1710	1052	1052	1184	1459	1604	1677	1896	2188	200	500	150	100	50	6000	8050
8054	变异蜗牛	805	95	9	1	0	100	10	686	600000	-1	-1	656	900000	728	550000	716	400000	668	20000	-1	-1	-1	-1	-1	-1	-1	-1	-1	-1	-1	-1	98563	1224	1768	1088	1088	1224	1459	1604	1677	1896	2188	200	500	150	100	50	6000	8050
8055	变异蜗牛	805	95	9	1	0	100	10	686	600000	-1	-1	656	900000	728	550000	716	400000	668	20000	-1	-1	-1	-1	-1	-1	-1	-1	-1	-1	-1	-1	98563	1264	1826	1123	1123	1264	1459	1604	1677	1896	2188	200	500	150	100	50	6000	8050
8056	变异蜗牛	805	95	9	1	0	100	10	686	600000	-1	-1	656	900000	728	550000	716	400000	668	20000	-1	-1	-1	-1	-1	-1	-1	-1	-1	-1	-1	-1	98563	1304	1883	1159	1159	1304	1459	1604	1677	1896	2188	200	500	150	100	50	6000	8050
8057	变异蜗牛	805	95	9	1	0	100	10	686	600000	-1	-1	656	900000	728	550000	716	400000	668	20000	-1	-1	-1	-1	-1	-1	-1	-1	-1	-1	-1	-1	98563	1344	1941	1194	1194	1344	1459	1604	1677	1896	2188	200	500	150	100	50	6000	8050
8058	变异蜗牛	805	95	9	1	0	100	10	686	600000	-1	-1	656	900000	728	550000	716	400000	668	20000	-1	-1	-1	-1	-1	-1	-1	-1	-1	-1	-1	-1	98563	1384	1999	1230	1230	1384	1459	1604	1677	1896	2188	200	500	150	100	50	6000	8050
8059	蜗牛宝宝	805	95	9	0	1	100	10	686	600000	-1	-1	656	900000	728	550000	716	400000	668	20000	-1	-1	-1	-1	-1	-1	-1	-1	-1	-1	-1	-1	98563	1064	1537	946	946	1064	1459	1604	1677	1896	2188	200	500	150	100	50	6000	8050
8060	成年蝎子	806	5	9	0	0	10	10	694	300000	-1	-1	659	900000	726	250000	704	100000	662	5000	-1	-1	-1	-1	-1	-1	-1	-1	-1	-1	-1	-1	77012	1219	1031	656	844	656	846	930	972	1099	1269	100	500	50	150	200	6000	8060
8061	变异蝎子	806	5	9	1	0	10	10	694	300000	-1	-1	659	900000	726	250000	704	100000	662	5000	-1	-1	-1	-1	-1	-1	-1	-1	-1	-1	-1	-1	77012	1402	1186	755	970	755	846	930	972	1099	1269	100	500	50	150	200	6000	8060
8062	变异蝎子	806	5	9	1	0	10	10	694	300000	-1	-1	659	900000	726	250000	704	100000	662	5000	-1	-1	-1	-1	-1	-1	-1	-1	-1	-1	-1	-1	77012	1585	1341	853	1097	853	846	930	972	1099	1269	100	500	50	150	200	6000	8060
8069	蝎子宝宝	806	5	9	0	1	10	10	694	300000	-1	-1	659	900000	726	250000	704	100000	662	5000	-1	-1	-1	-1	-1	-1	-1	-1	-1	-1	-1	-1	77012	1219	1031	656	844	656	846	930	972	1099	1269	100	500	50	150	200	6000	8060
8070	成年蝎子	807	45	9	0	0	10	10	694	350000	-1	-1	659	900000	726	300000	704	150000	662	7500	-1	-1	-1	-1	-1	-1	-1	-1	-1	-1	-1	-1	80604	1272	1076	685	881	685	948	1042	1090	1232	1422	100	500	50	150	200	6000	8070
8071	变异蝎子	807	45	9	1	0	10	10	694	350000	-1	-1	659	900000	726	300000	704	150000	662	7500	-1	-1	-1	-1	-1	-1	-1	-1	-1	-1	-1	-1	80604	1399	1184	753	969	753	948	1042	1090	1232	1422	100	500	50	150	200	6000	8070
8072	变异蝎子	807	45	9	1	0	10	10	694	350000	-1	-1	659	900000	726	300000	704	150000	662	7500	-1	-1	-1	-1	-1	-1	-1	-1	-1	-1	-1	-1	80604	1527	1292	822	1057	822	948	1042	1090	1232	1422	100	500	50	150	200	6000	8070
8073	变异蝎子	807	45	9	1	0	10	10	694	350000	-1	-1	659	900000	726	300000	704	150000	662	7500	-1	-1	-1	-1	-1	-1	-1	-1	-1	-1	-1	-1	80604	1654	1399	890	1145	890	948	1042	1090	1232	1422	100	500	50	150	200	6000	8070
8079	蝎子宝宝	807	45	9	0	1	10	10	694	350000	-1	-1	659	900000	726	300000	704	150000	662	7500	-1	-1	-1	-1	-1	-1	-1	-1	-1	-1	-1	-1	80604	1272	1076	685	881	685	948	1042	1090	1232	1422	100	500	50	150	200	6000	8070
8080	成年蝎子	808	55	9	0	0	10	10	694	400000	-1	-1	659	900000	726	350000	704	200000	662	10000	-1	-1	-1	-1	-1	-1	-1	-1	-1	-1	-1	-1	84195	1326	1122	714	918	714	1051	1156	1208	1366	1576	100	500	50	150	200	6000	8080
8081	变异蝎子	808	55	9	1	0	10	10	694	400000	-1	-1	659	900000	726	350000	704	200000	662	10000	-1	-1	-1	-1	-1	-1	-1	-1	-1	-1	-1	-1	84195	1425	1206	767	986	767	1051	1156	1208	1366	1576	100	500	50	150	200	6000	8080
8082	变异蝎子	808	55	9	1	0	10	10	694	400000	-1	-1	659	900000	726	350000	704	200000	662	10000	-1	-1	-1	-1	-1	-1	-1	-1	-1	-1	-1	-1	84195	1524	1290	821	1055	821	1051	1156	1208	1366	1576	100	500	50	150	200	6000	8080
8083	变异蝎子	808	55	9	1	0	10	10	694	400000	-1	-1	659	900000	726	350000	704	200000	662	10000	-1	-1	-1	-1	-1	-1	-1	-1	-1	-1	-1	-1	84195	1624	1374	874	1124	874	1051	1156	1208	1366	1576	100	500	50	150	200	6000	8080
8084	变异蝎子	808	55	9	1	0	10	10	694	400000	-1	-1	659	900000	726	350000	704	200000	662	10000	-1	-1	-1	-1	-1	-1	-1	-1	-1	-1	-1	-1	84195	1723	1458	928	1193	928	1051	1156	1208	1366	1576	100	500	50	150	200	6000	8080
8089	蝎子宝宝	808	55	9	0	1	10	10	694	400000	-1	-1	659	900000	726	350000	704	200000	662	10000	-1	-1	-1	-1	-1	-1	-1	-1	-1	-1	-1	-1	84195	1326	1122	714	918	714	1051	1156	1208	1366	1576	100	500	50	150	200	6000	8080
8090	成年蝎子	809	65	9	0	0	10	10	694	450000	-1	-1	659	900000	726	400000	704	250000	662	12500	-1	-1	-1	-1	-1	-1	-1	-1	-1	-1	-1	-1	87787	1379	1167	742	954	742	1153	1268	1325	1498	1729	100	500	50	150	200	6000	8090
8091	变异蝎子	809	65	9	1	0	10	10	694	450000	-1	-1	659	900000	726	400000	704	250000	662	12500	-1	-1	-1	-1	-1	-1	-1	-1	-1	-1	-1	-1	87787	1462	1237	787	1012	787	1153	1268	1325	1498	1729	100	500	50	150	200	6000	8090
8092	变异蝎子	809	65	9	1	0	10	10	694	450000	-1	-1	659	900000	726	400000	704	250000	662	12500	-1	-1	-1	-1	-1	-1	-1	-1	-1	-1	-1	-1	87787	1544	1307	831	1069	831	1153	1268	1325	1498	1729	100	500	50	150	200	6000	8090
8093	变异蝎子	809	65	9	1	0	10	10	694	450000	-1	-1	659	900000	726	400000	704	250000	662	12500	-1	-1	-1	-1	-1	-1	-1	-1	-1	-1	-1	-1	87787	1627	1377	876	1126	876	1153	1268	1325	1498	1729	100	500	50	150	200	6000	8090
8094	变异蝎子	809	65	9	1	0	10	10	694	450000	-1	-1	659	900000	726	400000	704	250000	662	12500	-1	-1	-1	-1	-1	-1	-1	-1	-1	-1	-1	-1	87787	1710	1447	920	1184	920	1153	1268	1325	1498	1729	100	500	50	150	200	6000	8090
8095	变异蝎子	809	65	9	1	0	10	10	694	450000	-1	-1	659	900000	726	400000	704	250000	662	12500	-1	-1	-1	-1	-1	-1	-1	-1	-1	-1	-1	-1	87787	1793	1517	965	1241	965	1153	1268	1325	1498	1729	100	500	50	150	200	6000	8090
8099	蝎子宝宝	809	65	9	0	1	10	10	694	450000	-1	-1	659	900000	726	400000	704	250000	662	12500	-1	-1	-1	-1	-1	-1	-1	-1	-1	-1	-1	-1	87787	1379	1167	742	954	742	1153	1268	1325	1498	1729	100	500	50	150	200	6000	8090
8100	成年蝎子	810	75	9	0	0	10	10	694	500000	-1	-1	659	900000	726	450000	704	300000	662	15000	-1	-1	-1	-1	-1	-1	-1	-1	-1	-1	-1	-1	91379	1432	1212	771	991	771	1255	1380	1443	1631	1882	100	500	50	150	200	6000	8100
8101	变异蝎子	810	75	9	1	0	10	10	694	500000	-1	-1	659	900000	726	450000	704	300000	662	15000	-1	-1	-1	-1	-1	-1	-1	-1	-1	-1	-1	-1	91379	1504	1272	809	1041	809	1255	1380	1443	1631	1882	100	500	50	150	200	6000	8100
8102	变异蝎子	810	75	9	1	0	10	10	694	500000	-1	-1	659	900000	726	450000	704	300000	662	15000	-1	-1	-1	-1	-1	-1	-1	-1	-1	-1	-1	-1	91379	1575	1333	848	1090	848	1255	1380	1443	1631	1882	100	500	50	150	200	6000	8100
8103	变异蝎子	810	75	9	1	0	10	10	694	500000	-1	-1	659	900000	726	450000	704	300000	662	15000	-1	-1	-1	-1	-1	-1	-1	-1	-1	-1	-1	-1	91379	1647	1394	887	1140	887	1255	1380	1443	1631	1882	100	500	50	150	200	6000	8100
8104	变异蝎子	810	75	9	1	0	10	10	694	500000	-1	-1	659	900000	726	450000	704	300000	662	15000	-1	-1	-1	-1	-1	-1	-1	-1	-1	-1	-1	-1	91379	1719	1454	925	1190	925	1255	1380	1443	1631	1882	100	500	50	150	200	6000	8100
8105	变异蝎子	810	75	9	1	0	10	10	694	500000	-1	-1	659	900000	726	450000	704	300000	662	15000	-1	-1	-1	-1	-1	-1	-1	-1	-1	-1	-1	-1	91379	1790	1515	964	1239	964	1255	1380	1443	1631	1882	100	500	50	150	200	6000	8100
8106	变异蝎子	810	75	9	1	0	10	10	694	500000	-1	-1	659	900000	726	450000	704	300000	662	15000	-1	-1	-1	-1	-1	-1	-1	-1	-1	-1	-1	-1	91379	1862	1575	1002	1289	1002	1255	1380	1443	1631	1882	100	500	50	150	200	6000	8100
8109	蝎子宝宝	810	75	9	0	1	10	10	694	500000	-1	-1	659	900000	726	450000	704	300000	662	15000	-1	-1	-1	-1	-1	-1	-1	-1	-1	-1	-1	-1	91379	1432	1212	771	991	771	1255	1380	1443	1631	1882	100	500	50	150	200	6000	8100
8110	成年蝎子	811	85	9	0	0	10	10	694	550000	-1	-1	659	900000	726	500000	704	350000	662	17500	-1	-1	-1	-1	-1	-1	-1	-1	-1	-1	-1	-1	94971	1484	1256	799	1027	799	1357	1492	1560	1764	2035	100	500	50	150	200	6000	8110
8111	变异蝎子	811	85	9	1	0	10	10	694	550000	-1	-1	659	900000	726	500000	704	350000	662	17500	-1	-1	-1	-1	-1	-1	-1	-1	-1	-1	-1	-1	94971	1548	1310	833	1071	833	1357	1492	1560	1764	2035	100	500	50	150	200	6000	8110
8112	变异蝎子	811	85	9	1	0	10	10	694	550000	-1	-1	659	900000	726	500000	704	350000	662	17500	-1	-1	-1	-1	-1	-1	-1	-1	-1	-1	-1	-1	94971	1611	1363	867	1115	867	1357	1492	1560	1764	2035	100	500	50	150	200	6000	8110
8113	变异蝎子	811	85	9	1	0	10	10	694	550000	-1	-1	659	900000	726	500000	704	350000	662	17500	-1	-1	-1	-1	-1	-1	-1	-1	-1	-1	-1	-1	94971	1675	1417	902	1159	902	1357	1492	1560	1764	2035	100	500	50	150	200	6000	8110
8114	变异蝎子	811	85	9	1	0	10	10	694	550000	-1	-1	659	900000	726	500000	704	350000	662	17500	-1	-1	-1	-1	-1	-1	-1	-1	-1	-1	-1	-1	94971	1739	1471	936	1203	936	1357	1492	1560	1764	2035	100	500	50	150	200	6000	8110
8115	变异蝎子	811	85	9	1	0	10	10	694	550000	-1	-1	659	900000	726	500000	704	350000	662	17500	-1	-1	-1	-1	-1	-1	-1	-1	-1	-1	-1	-1	94971	1802	1525	970	1248	970	1357	1492	1560	1764	2035	100	500	50	150	200	6000	8110
8116	变异蝎子	811	85	9	1	0	10	10	694	550000	-1	-1	659	900000	726	500000	704	350000	662	17500	-1	-1	-1	-1	-1	-1	-1	-1	-1	-1	-1	-1	94971	1866	1579	1004	1292	1004	1357	1492	1560	1764	2035	100	500	50	150	200	6000	8110
8117	变异蝎子	811	85	9	1	0	10	10	694	550000	-1	-1	659	900000	726	500000	704	350000	662	17500	-1	-1	-1	-1	-1	-1	-1	-1	-1	-1	-1	-1	94971	1929	1633	1039	1336	1039	1357	1492	1560	1764	2035	100	500	50	150	200	6000	8110
8119	蝎子宝宝	811	85	9	0	1	10	10	694	550000	-1	-1	659	900000	726	500000	704	350000	662	17500	-1	-1	-1	-1	-1	-1	-1	-1	-1	-1	-1	-1	94971	1484	1256	799	1027	799	1357	1492	1560	1764	2035	100	500	50	150	200	6000	8110
8120	成年蝎子	812	95	9	0	0	10	10	694	600000	-1	-1	659	900000	726	550000	704	400000	662	20000	-1	-1	-1	-1	-1	-1	-1	-1	-1	-1	-1	-1	98563	1537	1301	828	1064	828	1459	1604	1677	1896	2188	100	500	50	150	200	6000	8120
8121	变异蝎子	812	95	9	1	0	10	10	694	600000	-1	-1	659	900000	726	550000	704	400000	662	20000	-1	-1	-1	-1	-1	-1	-1	-1	-1	-1	-1	-1	98563	1595	1350	859	1104	859	1459	1604	1677	1896	2188	100	500	50	150	200	6000	8120
8122	变异蝎子	812	95	9	1	0	10	10	694	600000	-1	-1	659	900000	726	550000	704	400000	662	20000	-1	-1	-1	-1	-1	-1	-1	-1	-1	-1	-1	-1	98563	1653	1398	890	1144	890	1459	1604	1677	1896	2188	100	500	50	150	200	6000	8120
8123	变异蝎子	812	95	9	1	0	10	10	694	600000	-1	-1	659	900000	726	550000	704	400000	662	20000	-1	-1	-1	-1	-1	-1	-1	-1	-1	-1	-1	-1	98563	1710	1447	921	1184	921	1459	1604	1677	1896	2188	100	500	50	150	200	6000	8120
8124	变异蝎子	812	95	9	1	0	10	10	694	600000	-1	-1	659	900000	726	550000	704	400000	662	20000	-1	-1	-1	-1	-1	-1	-1	-1	-1	-1	-1	-1	98563	1768	1496	952	1224	952	1459	1604	1677	1896	2188	100	500	50	150	200	6000	8120
8125	变异蝎子	812	95	9	1	0	10	10	694	600000	-1	-1	659	900000	726	550000	704	400000	662	20000	-1	-1	-1	-1	-1	-1	-1	-1	-1	-1	-1	-1	98563	1826	1545	983	1264	983	1459	1604	1677	1896	2188	100	500	50	150	200	6000	8120
8126	变异蝎子	812	95	9	1	0	10	10	694	600000	-1	-1	659	900000	726	550000	704	400000	662	20000	-1	-1	-1	-1	-1	-1	-1	-1	-1	-1	-1	-1	98563	1883	1594	1014	1304	1014	1459	1604	1677	1896	2188	100	500	50	150	200	6000	8120
8127	变异蝎子	812	95	9	1	0	10	10	694	600000	-1	-1	659	900000	726	550000	704	400000	662	20000	-1	-1	-1	-1	-1	-1	-1	-1	-1	-1	-1	-1	98563	1941	1642	1045	1344	1045	1459	1604	1677	1896	2188	100	500	50	150	200	6000	8120
8128	变异蝎子	812	95	9	1	0	10	10	694	600000	-1	-1	659	900000	726	550000	704	400000	662	20000	-1	-1	-1	-1	-1	-1	-1	-1	-1	-1	-1	-1	98563	1999	1691	1076	1384	1076	1459	1604	1677	1896	2188	100	500	50	150	200	6000	8120
8129	蝎子宝宝	812	95	9	0	1	10	10	694	600000	-1	-1	659	900000	726	550000	704	400000	662	20000	-1	-1	-1	-1	-1	-1	-1	-1	-1	-1	-1	-1	98563	1537	1301	828	1064	828	1459	1604	1677	1896	2188	100	500	50	150	200	6000	8120
8130	成年穿山甲	813	5	9	0	0	10	10	686	300000	-1	-1	718	900000	668	250000	705	100000	661	5000	-1	-1	-1	-1	-1	-1	-1	-1	-1	-1	-1	-1	77012	844	1219	750	750	844	846	930	972	1099	1269	500	200	150	100	50	6000	8130
8131	变异穿山甲	813	5	9	1	0	10	10	686	300000	-1	-1	718	900000	668	250000	705	100000	661	5000	-1	-1	-1	-1	-1	-1	-1	-1	-1	-1	-1	-1	77012	970	1402	862	862	970	846	930	972	1099	1269	500	200	150	100	50	6000	8130
8132	变异穿山甲	813	5	9	1	0	10	10	686	300000	-1	-1	718	900000	668	250000	705	100000	661	5000	-1	-1	-1	-1	-1	-1	-1	-1	-1	-1	-1	-1	77012	1097	1585	975	975	1097	846	930	972	1099	1269	500	200	150	100	50	6000	8130
8139	穿山甲宝宝	813	5	9	0	1	10	10	686	300000	-1	-1	718	900000	668	250000	705	100000	661	5000	-1	-1	-1	-1	-1	-1	-1	-1	-1	-1	-1	-1	77012	844	1219	750	750	844	846	930	972	1099	1269	500	200	150	100	50	6000	8130
8140	成年穿山甲	814	45	9	0	0	10	10	686	350000	-1	-1	718	900000	668	300000	705	150000	661	7500	-1	-1	-1	-1	-1	-1	-1	-1	-1	-1	-1	-1	80604	881	1272	783	783	881	948	1042	1090	1232	1422	500	200	150	100	50	6000	8140
8141	变异穿山甲	814	45	9	1	0	10	10	686	350000	-1	-1	718	900000	668	300000	705	150000	661	7500	-1	-1	-1	-1	-1	-1	-1	-1	-1	-1	-1	-1	80604	969	1399	861	861	969	948	1042	1090	1232	1422	500	200	150	100	50	6000	8140
8142	变异穿山甲	814	45	9	1	0	10	10	686	350000	-1	-1	718	900000	668	300000	705	150000	661	7500	-1	-1	-1	-1	-1	-1	-1	-1	-1	-1	-1	-1	80604	1057	1527	939	939	1057	948	1042	1090	1232	1422	500	200	150	100	50	6000	8140
8143	变异穿山甲	814	45	9	1	0	10	10	686	350000	-1	-1	718	900000	668	300000	705	150000	661	7500	-1	-1	-1	-1	-1	-1	-1	-1	-1	-1	-1	-1	80604	1145	1654	1018	1018	1145	948	1042	1090	1232	1422	500	200	150	100	50	6000	8140
8149	穿山甲宝宝	814	45	9	0	1	10	10	686	350000	-1	-1	718	900000	668	300000	705	150000	661	7500	-1	-1	-1	-1	-1	-1	-1	-1	-1	-1	-1	-1	80604	881	1272	783	783	881	948	1042	1090	1232	1422	500	200	150	100	50	6000	8140
8150	成年穿山甲	815	55	9	0	0	10	10	686	400000	-1	-1	718	900000	668	350000	705	200000	661	10000	-1	-1	-1	-1	-1	-1	-1	-1	-1	-1	-1	-1	84195	918	1326	816	816	918	1051	1156	1208	1366	1576	500	200	150	100	50	6000	8150
8151	变异穿山甲	815	55	9	1	0	10	10	686	400000	-1	-1	718	900000	668	350000	705	200000	661	10000	-1	-1	-1	-1	-1	-1	-1	-1	-1	-1	-1	-1	84195	986	1425	877	877	986	1051	1156	1208	1366	1576	500	200	150	100	50	6000	8150
8152	变异穿山甲	815	55	9	1	0	10	10	686	400000	-1	-1	718	900000	668	350000	705	200000	661	10000	-1	-1	-1	-1	-1	-1	-1	-1	-1	-1	-1	-1	84195	1055	1524	938	938	1055	1051	1156	1208	1366	1576	500	200	150	100	50	6000	8150
8153	变异穿山甲	815	55	9	1	0	10	10	686	400000	-1	-1	718	900000	668	350000	705	200000	661	10000	-1	-1	-1	-1	-1	-1	-1	-1	-1	-1	-1	-1	84195	1124	1624	999	999	1124	1051	1156	1208	1366	1576	500	200	150	100	50	6000	8150
8154	变异穿山甲	815	55	9	1	0	10	10	686	400000	-1	-1	718	900000	668	350000	705	200000	661	10000	-1	-1	-1	-1	-1	-1	-1	-1	-1	-1	-1	-1	84195	1193	1723	1060	1060	1193	1051	1156	1208	1366	1576	500	200	150	100	50	6000	8150
8159	穿山甲宝宝	815	55	9	0	1	10	10	686	400000	-1	-1	718	900000	668	350000	705	200000	661	10000	-1	-1	-1	-1	-1	-1	-1	-1	-1	-1	-1	-1	84195	918	1326	816	816	918	1051	1156	1208	1366	1576	500	200	150	100	50	6000	8150
8160	成年穿山甲	816	65	9	0	0	10	10	686	450000	-1	-1	718	900000	668	400000	705	250000	661	12500	-1	-1	-1	-1	-1	-1	-1	-1	-1	-1	-1	-1	87787	954	1379	848	848	954	1153	1268	1325	1498	1729	500	200	150	100	50	6000	8160
8161	变异穿山甲	816	65	9	1	0	10	10	686	450000	-1	-1	718	900000	668	400000	705	250000	661	12500	-1	-1	-1	-1	-1	-1	-1	-1	-1	-1	-1	-1	87787	1012	1462	899	899	1012	1153	1268	1325	1498	1729	500	200	150	100	50	6000	8160
8162	变异穿山甲	816	65	9	1	0	10	10	686	450000	-1	-1	718	900000	668	400000	705	250000	661	12500	-1	-1	-1	-1	-1	-1	-1	-1	-1	-1	-1	-1	87787	1069	1544	950	950	1069	1153	1268	1325	1498	1729	500	200	150	100	50	6000	8160
8163	变异穿山甲	816	65	9	1	0	10	10	686	450000	-1	-1	718	900000	668	400000	705	250000	661	12500	-1	-1	-1	-1	-1	-1	-1	-1	-1	-1	-1	-1	87787	1126	1627	1001	1001	1126	1153	1268	1325	1498	1729	500	200	150	100	50	6000	8160
8164	变异穿山甲	816	65	9	1	0	10	10	686	450000	-1	-1	718	900000	668	400000	705	250000	661	12500	-1	-1	-1	-1	-1	-1	-1	-1	-1	-1	-1	-1	87787	1184	1710	1052	1052	1184	1153	1268	1325	1498	1729	500	200	150	100	50	6000	8160
8165	变异穿山甲	816	65	9	1	0	10	10	686	450000	-1	-1	718	900000	668	400000	705	250000	661	12500	-1	-1	-1	-1	-1	-1	-1	-1	-1	-1	-1	-1	87787	1241	1793	1103	1103	1241	1153	1268	1325	1498	1729	500	200	150	100	50	6000	8160
8169	穿山甲宝宝	816	65	9	0	1	10	10	686	450000	-1	-1	718	900000	668	400000	705	250000	661	12500	-1	-1	-1	-1	-1	-1	-1	-1	-1	-1	-1	-1	87787	954	1379	848	848	954	1153	1268	1325	1498	1729	500	200	150	100	50	6000	8160
8170	成年穿山甲	817	75	9	0	0	10	10	686	500000	-1	-1	718	900000	668	450000	705	300000	661	15000	-1	-1	-1	-1	-1	-1	-1	-1	-1	-1	-1	-1	91379	991	1432	881	881	991	1255	1380	1443	1631	1882	500	200	150	100	50	6000	8170
8171	变异穿山甲	817	75	9	1	0	10	10	686	500000	-1	-1	718	900000	668	450000	705	300000	661	15000	-1	-1	-1	-1	-1	-1	-1	-1	-1	-1	-1	-1	91379	1041	1504	925	925	1041	1255	1380	1443	1631	1882	500	200	150	100	50	6000	8170
8172	变异穿山甲	817	75	9	1	0	10	10	686	500000	-1	-1	718	900000	668	450000	705	300000	661	15000	-1	-1	-1	-1	-1	-1	-1	-1	-1	-1	-1	-1	91379	1090	1575	969	969	1090	1255	1380	1443	1631	1882	500	200	150	100	50	6000	8170
8173	变异穿山甲	817	75	9	1	0	10	10	686	500000	-1	-1	718	900000	668	450000	705	300000	661	15000	-1	-1	-1	-1	-1	-1	-1	-1	-1	-1	-1	-1	91379	1140	1647	1013	1013	1140	1255	1380	1443	1631	1882	500	200	150	100	50	6000	8170
8174	变异穿山甲	817	75	9	1	0	10	10	686	500000	-1	-1	718	900000	668	450000	705	300000	661	15000	-1	-1	-1	-1	-1	-1	-1	-1	-1	-1	-1	-1	91379	1190	1719	1057	1057	1190	1255	1380	1443	1631	1882	500	200	150	100	50	6000	8170
8175	变异穿山甲	817	75	9	1	0	10	10	686	500000	-1	-1	718	900000	668	450000	705	300000	661	15000	-1	-1	-1	-1	-1	-1	-1	-1	-1	-1	-1	-1	91379	1239	1790	1102	1102	1239	1255	1380	1443	1631	1882	500	200	150	100	50	6000	8170
8176	变异穿山甲	817	75	9	1	0	10	10	686	500000	-1	-1	718	900000	668	450000	705	300000	661	15000	-1	-1	-1	-1	-1	-1	-1	-1	-1	-1	-1	-1	91379	1289	1862	1146	1146	1289	1255	1380	1443	1631	1882	500	200	150	100	50	6000	8170
8179	穿山甲宝宝	817	75	9	0	1	10	10	686	500000	-1	-1	718	900000	668	450000	705	300000	661	15000	-1	-1	-1	-1	-1	-1	-1	-1	-1	-1	-1	-1	91379	991	1432	881	881	991	1255	1380	1443	1631	1882	500	200	150	100	50	6000	8170
8180	成年雷麟	818	85	9	0	0	10	10	694	550000	-1	-1	659	900000	668	500000	705	350000	661	17500	-1	-1	-1	-1	-1	-1	-1	-1	-1	-1	-1	-1	94971	1484	1256	799	1027	799	1357	1492	1560	1764	2035	50	100	150	200	500	6000	8180
8181	变异雷麟	818	85	9	1	0	10	10	694	550000	-1	-1	659	900000	668	500000	705	350000	661	17500	-1	-1	-1	-1	-1	-1	-1	-1	-1	-1	-1	-1	94971	1548	1310	833	1071	833	1357	1492	1560	1764	2035	50	100	150	200	500	6000	8180
8182	变异雷麟	818	85	9	1	0	10	10	694	550000	-1	-1	659	900000	668	500000	705	350000	661	17500	-1	-1	-1	-1	-1	-1	-1	-1	-1	-1	-1	-1	94971	1611	1363	867	1115	867	1357	1492	1560	1764	2035	50	100	150	200	500	6000	8180
8183	变异雷麟	818	85	9	1	0	10	10	694	550000	-1	-1	659	900000	668	500000	705	350000	661	17500	-1	-1	-1	-1	-1	-1	-1	-1	-1	-1	-1	-1	94971	1675	1417	902	1159	902	1357	1492	1560	1764	2035	50	100	150	200	500	6000	8180
8184	变异雷麟	818	85	9	1	0	10	10	694	550000	-1	-1	659	900000	668	500000	705	350000	661	17500	-1	-1	-1	-1	-1	-1	-1	-1	-1	-1	-1	-1	94971	1739	1471	936	1203	936	1357	1492	1560	1764	2035	50	100	150	200	500	6000	8180
8185	变异雷麟	818	85	9	1	0	10	10	694	550000	-1	-1	659	900000	668	500000	705	350000	661	17500	-1	-1	-1	-1	-1	-1	-1	-1	-1	-1	-1	-1	94971	1802	1525	970	1248	970	1357	1492	1560	1764	2035	50	100	150	200	500	6000	8180
8186	变异雷麟	818	85	9	1	0	10	10	694	550000	-1	-1	659	900000	668	500000	705	350000	661	17500	-1	-1	-1	-1	-1	-1	-1	-1	-1	-1	-1	-1	94971	1866	1579	1004	1292	1004	1357	1492	1560	1764	2035	50	100	150	200	500	6000	8180
8187	变异雷麟	818	85	9	1	0	10	10	694	550000	-1	-1	659	900000	668	500000	705	350000	661	17500	-1	-1	-1	-1	-1	-1	-1	-1	-1	-1	-1	-1	94971	1929	1633	1039	1336	1039	1357	1492	1560	1764	2035	50	100	150	200	500	6000	8180
8189	雷麟宝宝	818	85	9	0	1	10	10	694	550000	-1	-1	659	900000	668	500000	705	350000	661	17500	-1	-1	-1	-1	-1	-1	-1	-1	-1	-1	-1	-1	94971	1484	1256	799	1027	799	1357	1492	1560	1764	2035	500	200	150	100	50	6000	8180
8190	成年穿山甲	819	95	9	0	0	10	10	686	600000	-1	-1	718	900000	668	550000	705	400000	661	20000	-1	-1	-1	-1	-1	-1	-1	-1	-1	-1	-1	-1	98563	1064	1537	946	946	1064	1459	1604	1677	1896	2188	500	200	150	100	50	6000	8190
8191	变异穿山甲	819	95	9	1	0	10	10	686	600000	-1	-1	718	900000	668	550000	705	400000	661	20000	-1	-1	-1	-1	-1	-1	-1	-1	-1	-1	-1	-1	98563	1104	1595	981	981	1104	1459	1604	1677	1896	2188	500	200	150	100	50	6000	8190
8192	变异穿山甲	819	95	9	1	0	10	10	686	600000	-1	-1	718	900000	668	550000	705	400000	661	20000	-1	-1	-1	-1	-1	-1	-1	-1	-1	-1	-1	-1	98563	1144	1653	1017	1017	1144	1459	1604	1677	1896	2188	500	200	150	100	50	6000	8190
8193	变异穿山甲	819	95	9	1	0	10	10	686	600000	-1	-1	718	900000	668	550000	705	400000	661	20000	-1	-1	-1	-1	-1	-1	-1	-1	-1	-1	-1	-1	98563	1184	1710	1052	1052	1184	1459	1604	1677	1896	2188	500	200	150	100	50	6000	8190
8194	变异穿山甲	819	95	9	1	0	10	10	686	600000	-1	-1	718	900000	668	550000	705	400000	661	20000	-1	-1	-1	-1	-1	-1	-1	-1	-1	-1	-1	-1	98563	1224	1768	1088	1088	1224	1459	1604	1677	1896	2188	500	200	150	100	50	6000	8190
8195	变异穿山甲	819	95	9	1	0	10	10	686	600000	-1	-1	718	900000	668	550000	705	400000	661	20000	-1	-1	-1	-1	-1	-1	-1	-1	-1	-1	-1	-1	98563	1264	1826	1123	1123	1264	1459	1604	1677	1896	2188	500	200	150	100	50	6000	8190
8196	变异穿山甲	819	95	9	1	0	10	10	686	600000	-1	-1	718	900000	668	550000	705	400000	661	20000	-1	-1	-1	-1	-1	-1	-1	-1	-1	-1	-1	-1	98563	1304	1883	1159	1159	1304	1459	1604	1677	1896	2188	500	200	150	100	50	6000	8190
8197	变异穿山甲	819	95	9	1	0	10	10	686	600000	-1	-1	718	900000	668	550000	705	400000	661	20000	-1	-1	-1	-1	-1	-1	-1	-1	-1	-1	-1	-1	98563	1344	1941	1194	1194	1344	1459	1604	1677	1896	2188	500	200	150	100	50	6000	8190
8198	变异穿山甲	819	95	9	1	0	10	10	686	600000	-1	-1	718	900000	668	550000	705	400000	661	20000	-1	-1	-1	-1	-1	-1	-1	-1	-1	-1	-1	-1	98563	1384	1999	1230	1230	1384	1459	1604	1677	1896	2188	500	200	150	100	50	6000	8190
8199	穿山甲宝宝	819	95	9	0	1	10	10	686	600000	-1	-1	718	900000	668	550000	705	400000	661	20000	-1	-1	-1	-1	-1	-1	-1	-1	-1	-1	-1	-1	98563	1064	1537	946	946	1064	1459	1604	1677	1896	2188	500	200	150	100	50	6000	8190
8200	成年大甲虫	820	5	9	0	0	100	10	688	300000	-1	-1	706	900000	710	250000	722	100000	668	5000	-1	-1	-1	-1	-1	-1	-1	-1	-1	-1	-1	-1	77012	844	1219	750	750	844	846	930	972	1099	1269	100	500	50	150	200	6000	8200
8201	变异大甲虫	820	5	9	1	0	100	10	688	300000	-1	-1	706	900000	710	250000	722	100000	668	5000	-1	-1	-1	-1	-1	-1	-1	-1	-1	-1	-1	-1	77012	970	1402	862	862	970	846	930	972	1099	1269	100	500	50	150	200	6000	8200
8202	变异大甲虫	820	5	9	1	0	100	10	688	300000	-1	-1	706	900000	710	250000	722	100000	668	5000	-1	-1	-1	-1	-1	-1	-1	-1	-1	-1	-1	-1	77012	1097	1585	975	975	1097	846	930	972	1099	1269	100	500	50	150	200	6000	8200
8209	大甲虫宝宝	820	5	9	0	1	100	10	688	300000	-1	-1	706	900000	710	250000	722	100000	668	5000	-1	-1	-1	-1	-1	-1	-1	-1	-1	-1	-1	-1	77012	844	1219	750	750	844	846	930	972	1099	1269	100	500	50	150	200	6000	8200
8210	成年大甲虫	821	45	9	0	0	100	10	688	350000	-1	-1	706	900000	710	300000	722	150000	668	7500	-1	-1	-1	-1	-1	-1	-1	-1	-1	-1	-1	-1	80604	881	1272	783	783	881	948	1042	1090	1232	1422	100	500	50	150	200	6000	8210
8211	变异大甲虫	821	45	9	1	0	100	10	688	350000	-1	-1	706	900000	710	300000	722	150000	668	7500	-1	-1	-1	-1	-1	-1	-1	-1	-1	-1	-1	-1	80604	969	1399	861	861	969	948	1042	1090	1232	1422	100	500	50	150	200	6000	8210
8212	变异大甲虫	821	45	9	1	0	100	10	688	350000	-1	-1	706	900000	710	300000	722	150000	668	7500	-1	-1	-1	-1	-1	-1	-1	-1	-1	-1	-1	-1	80604	1057	1527	939	939	1057	948	1042	1090	1232	1422	100	500	50	150	200	6000	8210
8213	变异大甲虫	821	45	9	1	0	100	10	688	350000	-1	-1	706	900000	710	300000	722	150000	668	7500	-1	-1	-1	-1	-1	-1	-1	-1	-1	-1	-1	-1	80604	1145	1654	1018	1018	1145	948	1042	1090	1232	1422	100	500	50	150	200	6000	8210
8219	大甲虫宝宝	821	45	9	0	1	100	10	688	350000	-1	-1	706	900000	710	300000	722	150000	668	7500	-1	-1	-1	-1	-1	-1	-1	-1	-1	-1	-1	-1	80604	881	1272	783	783	881	948	1042	1090	1232	1422	100	500	50	150	200	6000	8210
8220	成年大甲虫	822	55	9	0	0	100	10	688	400000	-1	-1	706	900000	710	350000	722	200000	668	10000	-1	-1	-1	-1	-1	-1	-1	-1	-1	-1	-1	-1	84195	918	1326	816	816	918	1051	1156	1208	1366	1576	100	500	50	150	200	6000	8220
8221	变异大甲虫	822	55	9	1	0	100	10	688	400000	-1	-1	706	900000	710	350000	722	200000	668	10000	-1	-1	-1	-1	-1	-1	-1	-1	-1	-1	-1	-1	84195	986	1425	877	877	986	1051	1156	1208	1366	1576	100	500	50	150	200	6000	8220
8222	变异大甲虫	822	55	9	1	0	100	10	688	400000	-1	-1	706	900000	710	350000	722	200000	668	10000	-1	-1	-1	-1	-1	-1	-1	-1	-1	-1	-1	-1	84195	1055	1524	938	938	1055	1051	1156	1208	1366	1576	100	500	50	150	200	6000	8220
8223	变异大甲虫	822	55	9	1	0	100	10	688	400000	-1	-1	706	900000	710	350000	722	200000	668	10000	-1	-1	-1	-1	-1	-1	-1	-1	-1	-1	-1	-1	84195	1124	1624	999	999	1124	1051	1156	1208	1366	1576	100	500	50	150	200	6000	8220
8224	变异大甲虫	822	55	9	1	0	100	10	688	400000	-1	-1	706	900000	710	350000	722	200000	668	10000	-1	-1	-1	-1	-1	-1	-1	-1	-1	-1	-1	-1	84195	1193	1723	1060	1060	1193	1051	1156	1208	1366	1576	100	500	50	150	200	6000	8220
8229	大甲虫宝宝	822	55	9	0	1	100	10	688	400000	-1	-1	706	900000	710	350000	722	200000	668	10000	-1	-1	-1	-1	-1	-1	-1	-1	-1	-1	-1	-1	84195	918	1326	816	816	918	1051	1156	1208	1366	1576	100	500	50	150	200	6000	8220
8230	成年大甲虫	823	65	9	0	0	100	10	688	450000	-1	-1	706	900000	710	400000	722	250000	668	12500	-1	-1	-1	-1	-1	-1	-1	-1	-1	-1	-1	-1	87787	954	1379	848	848	954	1153	1268	1325	1498	1729	100	500	50	150	200	6000	8230
8231	变异大甲虫	823	65	9	1	0	100	10	688	450000	-1	-1	706	900000	710	400000	722	250000	668	12500	-1	-1	-1	-1	-1	-1	-1	-1	-1	-1	-1	-1	87787	1012	1462	899	899	1012	1153	1268	1325	1498	1729	100	500	50	150	200	6000	8230
8232	变异大甲虫	823	65	9	1	0	100	10	688	450000	-1	-1	706	900000	710	400000	722	250000	668	12500	-1	-1	-1	-1	-1	-1	-1	-1	-1	-1	-1	-1	87787	1069	1544	950	950	1069	1153	1268	1325	1498	1729	100	500	50	150	200	6000	8230
8233	变异大甲虫	823	65	9	1	0	100	10	688	450000	-1	-1	706	900000	710	400000	722	250000	668	12500	-1	-1	-1	-1	-1	-1	-1	-1	-1	-1	-1	-1	87787	1126	1627	1001	1001	1126	1153	1268	1325	1498	1729	100	500	50	150	200	6000	8230
8234	变异大甲虫	823	65	9	1	0	100	10	688	450000	-1	-1	706	900000	710	400000	722	250000	668	12500	-1	-1	-1	-1	-1	-1	-1	-1	-1	-1	-1	-1	87787	1184	1710	1052	1052	1184	1153	1268	1325	1498	1729	100	500	50	150	200	6000	8230
8235	变异大甲虫	823	65	9	1	0	100	10	688	450000	-1	-1	706	900000	710	400000	722	250000	668	12500	-1	-1	-1	-1	-1	-1	-1	-1	-1	-1	-1	-1	87787	1241	1793	1103	1103	1241	1153	1268	1325	1498	1729	100	500	50	150	200	6000	8230
8239	大甲虫宝宝	823	65	9	0	1	100	10	688	450000	-1	-1	706	900000	710	400000	722	250000	668	12500	-1	-1	-1	-1	-1	-1	-1	-1	-1	-1	-1	-1	87787	954	1379	848	848	954	1153	1268	1325	1498	1729	100	500	50	150	200	6000	8230
8240	成年大甲虫	824	75	9	0	0	100	10	688	500000	-1	-1	706	900000	710	450000	722	300000	668	15000	-1	-1	-1	-1	-1	-1	-1	-1	-1	-1	-1	-1	91379	991	1432	881	881	991	1255	1380	1443	1631	1882	100	500	50	150	200	6000	8240
8241	变异大甲虫	824	75	9	1	0	100	10	688	500000	-1	-1	706	900000	710	450000	722	300000	668	15000	-1	-1	-1	-1	-1	-1	-1	-1	-1	-1	-1	-1	91379	1041	1504	925	925	1041	1255	1380	1443	1631	1882	100	500	50	150	200	6000	8240
8242	变异大甲虫	824	75	9	1	0	100	10	688	500000	-1	-1	706	900000	710	450000	722	300000	668	15000	-1	-1	-1	-1	-1	-1	-1	-1	-1	-1	-1	-1	91379	1090	1575	969	969	1090	1255	1380	1443	1631	1882	100	500	50	150	200	6000	8240
8243	变异大甲虫	824	75	9	1	0	100	10	688	500000	-1	-1	706	900000	710	450000	722	300000	668	15000	-1	-1	-1	-1	-1	-1	-1	-1	-1	-1	-1	-1	91379	1140	1647	1013	1013	1140	1255	1380	1443	1631	1882	100	500	50	150	200	6000	8240
8244	变异大甲虫	824	75	9	1	0	100	10	688	500000	-1	-1	706	900000	710	450000	722	300000	668	15000	-1	-1	-1	-1	-1	-1	-1	-1	-1	-1	-1	-1	91379	1190	1719	1057	1057	1190	1255	1380	1443	1631	1882	100	500	50	150	200	6000	8240
8245	变异大甲虫	824	75	9	1	0	100	10	688	500000	-1	-1	706	900000	710	450000	722	300000	668	15000	-1	-1	-1	-1	-1	-1	-1	-1	-1	-1	-1	-1	91379	1239	1790	1102	1102	1239	1255	1380	1443	1631	1882	100	500	50	150	200	6000	8240
8246	变异大甲虫	824	75	9	1	0	100	10	688	500000	-1	-1	706	900000	710	450000	722	300000	668	15000	-1	-1	-1	-1	-1	-1	-1	-1	-1	-1	-1	-1	91379	1289	1862	1146	1146	1289	1255	1380	1443	1631	1882	100	500	50	150	200	6000	8240
8249	大甲虫宝宝	824	75	9	0	1	100	10	688	500000	-1	-1	706	900000	710	450000	722	300000	668	15000	-1	-1	-1	-1	-1	-1	-1	-1	-1	-1	-1	-1	91379	991	1432	881	881	991	1255	1380	1443	1631	1882	100	500	50	150	200	6000	8240
8250	成年大甲虫	825	85	9	0	0	100	10	688	550000	-1	-1	706	900000	710	500000	722	350000	668	17500	-1	-1	-1	-1	-1	-1	-1	-1	-1	-1	-1	-1	94971	1027	1484	913	913	1027	1357	1492	1560	1764	2035	100	500	50	150	200	6000	8250
8251	变异大甲虫	825	85	9	1	0	100	10	688	550000	-1	-1	706	900000	710	500000	722	350000	668	17500	-1	-1	-1	-1	-1	-1	-1	-1	-1	-1	-1	-1	94971	1071	1548	952	952	1071	1357	1492	1560	1764	2035	100	500	50	150	200	6000	8250
8252	变异大甲虫	825	85	9	1	0	100	10	688	550000	-1	-1	706	900000	710	500000	722	350000	668	17500	-1	-1	-1	-1	-1	-1	-1	-1	-1	-1	-1	-1	94971	1115	1611	991	991	1115	1357	1492	1560	1764	2035	100	500	50	150	200	6000	8250
8253	变异大甲虫	825	85	9	1	0	100	10	688	550000	-1	-1	706	900000	710	500000	722	350000	668	17500	-1	-1	-1	-1	-1	-1	-1	-1	-1	-1	-1	-1	94971	1159	1675	1031	1031	1159	1357	1492	1560	1764	2035	100	500	50	150	200	6000	8250
8254	变异大甲虫	825	85	9	1	0	100	10	688	550000	-1	-1	706	900000	710	500000	722	350000	668	17500	-1	-1	-1	-1	-1	-1	-1	-1	-1	-1	-1	-1	94971	1203	1739	1070	1070	1203	1357	1492	1560	1764	2035	100	500	50	150	200	6000	8250
8255	变异大甲虫	825	85	9	1	0	100	10	688	550000	-1	-1	706	900000	710	500000	722	350000	668	17500	-1	-1	-1	-1	-1	-1	-1	-1	-1	-1	-1	-1	94971	1248	1802	1109	1109	1248	1357	1492	1560	1764	2035	100	500	50	150	200	6000	8250
8256	变异大甲虫	825	85	9	1	0	100	10	688	550000	-1	-1	706	900000	710	500000	722	350000	668	17500	-1	-1	-1	-1	-1	-1	-1	-1	-1	-1	-1	-1	94971	1292	1866	1148	1148	1292	1357	1492	1560	1764	2035	100	500	50	150	200	6000	8250
8257	变异大甲虫	825	85	9	1	0	100	10	688	550000	-1	-1	706	900000	710	500000	722	350000	668	17500	-1	-1	-1	-1	-1	-1	-1	-1	-1	-1	-1	-1	94971	1336	1929	1187	1187	1336	1357	1492	1560	1764	2035	100	500	50	150	200	6000	8250
8259	大甲虫宝宝	825	85	9	0	1	100	10	688	550000	-1	-1	706	900000	710	500000	722	350000	668	17500	-1	-1	-1	-1	-1	-1	-1	-1	-1	-1	-1	-1	94971	1027	1484	913	913	1027	1357	1492	1560	1764	2035	100	500	50	150	200	6000	8250
8260	成年大甲虫	826	95	9	0	0	100	10	688	600000	-1	-1	706	900000	710	550000	722	400000	668	20000	-1	-1	-1	-1	-1	-1	-1	-1	-1	-1	-1	-1	98563	1064	1537	946	946	1064	1459	1604	1677	1896	2188	100	500	50	150	200	6000	8260
8261	变异大甲虫	826	95	9	1	0	100	10	688	600000	-1	-1	706	900000	710	550000	722	400000	668	20000	-1	-1	-1	-1	-1	-1	-1	-1	-1	-1	-1	-1	98563	1104	1595	981	981	1104	1459	1604	1677	1896	2188	100	500	50	150	200	6000	8260
8262	变异大甲虫	826	95	9	1	0	100	10	688	600000	-1	-1	706	900000	710	550000	722	400000	668	20000	-1	-1	-1	-1	-1	-1	-1	-1	-1	-1	-1	-1	98563	1144	1653	1017	1017	1144	1459	1604	1677	1896	2188	100	500	50	150	200	6000	8260
8263	变异大甲虫	826	95	9	1	0	100	10	688	600000	-1	-1	706	900000	710	550000	722	400000	668	20000	-1	-1	-1	-1	-1	-1	-1	-1	-1	-1	-1	-1	98563	1184	1710	1052	1052	1184	1459	1604	1677	1896	2188	100	500	50	150	200	6000	8260
8264	变异大甲虫	826	95	9	1	0	100	10	688	600000	-1	-1	706	900000	710	550000	722	400000	668	20000	-1	-1	-1	-1	-1	-1	-1	-1	-1	-1	-1	-1	98563	1224	1768	1088	1088	1224	1459	1604	1677	1896	2188	100	500	50	150	200	6000	8260
8265	变异大甲虫	826	95	9	1	0	100	10	688	600000	-1	-1	706	900000	710	550000	722	400000	668	20000	-1	-1	-1	-1	-1	-1	-1	-1	-1	-1	-1	-1	98563	1264	1826	1123	1123	1264	1459	1604	1677	1896	2188	100	500	50	150	200	6000	8260
8266	变异大甲虫	826	95	9	1	0	100	10	688	600000	-1	-1	706	900000	710	550000	722	400000	668	20000	-1	-1	-1	-1	-1	-1	-1	-1	-1	-1	-1	-1	98563	1304	1883	1159	1159	1304	1459	1604	1677	1896	2188	100	500	50	150	200	6000	8260
8267	变异大甲虫	826	95	9	1	0	100	10	688	600000	-1	-1	706	900000	710	550000	722	400000	668	20000	-1	-1	-1	-1	-1	-1	-1	-1	-1	-1	-1	-1	98563	1344	1941	1194	1194	1344	1459	1604	1677	1896	2188	100	500	50	150	200	6000	8260
8268	变异大甲虫	826	95	9	1	0	100	10	688	600000	-1	-1	706	900000	710	550000	722	400000	668	20000	-1	-1	-1	-1	-1	-1	-1	-1	-1	-1	-1	-1	98563	1384	1999	1230	1230	1384	1459	1604	1677	1896	2188	100	500	50	150	200	6000	8260
8269	大甲虫宝宝	826	95	9	0	1	100	10	688	600000	-1	-1	706	900000	710	550000	722	400000	668	20000	-1	-1	-1	-1	-1	-1	-1	-1	-1	-1	-1	-1	98563	1064	1537	946	946	1064	1459	1604	1677	1896	2188	100	500	50	150	200	6000	8260
8270	成年当扈	827	5	9	0	0	10	10	688	300000	-1	-1	706	900000	710	250000	728	100000	670	5000	-1	-1	-1	-1	-1	-1	-1	-1	-1	-1	-1	-1	77012	656	750	1219	750	1031	846	930	972	1099	1269	500	200	150	100	50	6000	8270
8271	变异当扈	827	5	9	1	0	10	10	688	300000	-1	-1	706	900000	710	250000	728	100000	670	5000	-1	-1	-1	-1	-1	-1	-1	-1	-1	-1	-1	-1	77012	755	862	1402	862	1186	846	930	972	1099	1269	500	200	150	100	50	6000	8270
8272	变异当扈	827	5	9	1	0	10	10	688	300000	-1	-1	706	900000	710	250000	728	100000	670	5000	-1	-1	-1	-1	-1	-1	-1	-1	-1	-1	-1	-1	77012	853	975	1585	975	1341	846	930	972	1099	1269	500	200	150	100	50	6000	8270
8279	当扈宝宝	827	5	9	0	1	10	10	688	300000	-1	-1	706	900000	710	250000	728	100000	670	5000	-1	-1	-1	-1	-1	-1	-1	-1	-1	-1	-1	-1	77012	656	750	1219	750	1031	846	930	972	1099	1269	500	200	150	100	50	6000	8270
8280	成年当扈	828	45	9	0	0	10	10	688	350000	-1	-1	706	900000	710	300000	728	150000	670	7500	-1	-1	-1	-1	-1	-1	-1	-1	-1	-1	-1	-1	80604	685	783	1272	783	1076	948	1042	1090	1232	1422	500	200	150	100	50	6000	8280
8281	变异当扈	828	45	9	1	0	10	10	688	350000	-1	-1	706	900000	710	300000	728	150000	670	7500	-1	-1	-1	-1	-1	-1	-1	-1	-1	-1	-1	-1	80604	753	861	1399	861	1184	948	1042	1090	1232	1422	500	200	150	100	50	6000	8280
8282	变异当扈	828	45	9	1	0	10	10	688	350000	-1	-1	706	900000	710	300000	728	150000	670	7500	-1	-1	-1	-1	-1	-1	-1	-1	-1	-1	-1	-1	80604	822	939	1527	939	1292	948	1042	1090	1232	1422	500	200	150	100	50	6000	8280
8283	变异当扈	828	45	9	1	0	10	10	688	350000	-1	-1	706	900000	710	300000	728	150000	670	7500	-1	-1	-1	-1	-1	-1	-1	-1	-1	-1	-1	-1	80604	890	1018	1654	1018	1399	948	1042	1090	1232	1422	500	200	150	100	50	6000	8280
8289	当扈宝宝	828	45	9	0	1	10	10	688	350000	-1	-1	706	900000	710	300000	728	150000	670	7500	-1	-1	-1	-1	-1	-1	-1	-1	-1	-1	-1	-1	80604	685	783	1272	783	1076	948	1042	1090	1232	1422	500	200	150	100	50	6000	8280
8290	成年当扈	829	55	9	0	0	10	10	688	400000	-1	-1	706	900000	710	350000	728	200000	670	10000	-1	-1	-1	-1	-1	-1	-1	-1	-1	-1	-1	-1	84195	714	816	1326	816	1122	1051	1156	1208	1366	1576	500	200	150	100	50	6000	8290
8291	变异当扈	829	55	9	1	0	10	10	688	400000	-1	-1	706	900000	710	350000	728	200000	670	10000	-1	-1	-1	-1	-1	-1	-1	-1	-1	-1	-1	-1	84195	767	877	1425	877	1206	1051	1156	1208	1366	1576	500	200	150	100	50	6000	8290
8292	变异当扈	829	55	9	1	0	10	10	688	400000	-1	-1	706	900000	710	350000	728	200000	670	10000	-1	-1	-1	-1	-1	-1	-1	-1	-1	-1	-1	-1	84195	821	938	1524	938	1290	1051	1156	1208	1366	1576	500	200	150	100	50	6000	8290
8293	变异当扈	829	55	9	1	0	10	10	688	400000	-1	-1	706	900000	710	350000	728	200000	670	10000	-1	-1	-1	-1	-1	-1	-1	-1	-1	-1	-1	-1	84195	874	999	1624	999	1374	1051	1156	1208	1366	1576	500	200	150	100	50	6000	8290
8294	变异当扈	829	55	9	1	0	10	10	688	400000	-1	-1	706	900000	710	350000	728	200000	670	10000	-1	-1	-1	-1	-1	-1	-1	-1	-1	-1	-1	-1	84195	928	1060	1723	1060	1458	1051	1156	1208	1366	1576	500	200	150	100	50	6000	8290
8299	当扈宝宝	829	55	9	0	1	10	10	688	400000	-1	-1	706	900000	710	350000	728	200000	670	10000	-1	-1	-1	-1	-1	-1	-1	-1	-1	-1	-1	-1	84195	714	816	1326	816	1122	1051	1156	1208	1366	1576	500	200	150	100	50	6000	8290
8300	成年当扈	830	65	9	0	0	10	10	688	450000	-1	-1	706	900000	710	400000	728	250000	670	12500	-1	-1	-1	-1	-1	-1	-1	-1	-1	-1	-1	-1	87787	742	848	1379	848	1167	1153	1268	1325	1498	1729	500	200	150	100	50	6000	8300
8301	变异当扈	830	65	9	1	0	10	10	688	450000	-1	-1	706	900000	710	400000	728	250000	670	12500	-1	-1	-1	-1	-1	-1	-1	-1	-1	-1	-1	-1	87787	787	899	1462	899	1237	1153	1268	1325	1498	1729	500	200	150	100	50	6000	8300
8302	变异当扈	830	65	9	1	0	10	10	688	450000	-1	-1	706	900000	710	400000	728	250000	670	12500	-1	-1	-1	-1	-1	-1	-1	-1	-1	-1	-1	-1	87787	831	950	1544	950	1307	1153	1268	1325	1498	1729	500	200	150	100	50	6000	8300
8303	变异当扈	830	65	9	1	0	10	10	688	450000	-1	-1	706	900000	710	400000	728	250000	670	12500	-1	-1	-1	-1	-1	-1	-1	-1	-1	-1	-1	-1	87787	876	1001	1627	1001	1377	1153	1268	1325	1498	1729	500	200	150	100	50	6000	8300
8304	变异当扈	830	65	9	1	0	10	10	688	450000	-1	-1	706	900000	710	400000	728	250000	670	12500	-1	-1	-1	-1	-1	-1	-1	-1	-1	-1	-1	-1	87787	920	1052	1710	1052	1447	1153	1268	1325	1498	1729	500	200	150	100	50	6000	8300
8305	变异当扈	830	65	9	1	0	10	10	688	450000	-1	-1	706	900000	710	400000	728	250000	670	12500	-1	-1	-1	-1	-1	-1	-1	-1	-1	-1	-1	-1	87787	965	1103	1793	1103	1517	1153	1268	1325	1498	1729	500	200	150	100	50	6000	8300
8309	当扈宝宝	830	65	9	0	1	10	10	688	450000	-1	-1	706	900000	710	400000	728	250000	670	12500	-1	-1	-1	-1	-1	-1	-1	-1	-1	-1	-1	-1	87787	742	848	1379	848	1167	1153	1268	1325	1498	1729	500	200	150	100	50	6000	8300
8310	成年当扈	831	75	9	0	0	10	10	688	500000	-1	-1	706	900000	710	450000	728	300000	670	15000	-1	-1	-1	-1	-1	-1	-1	-1	-1	-1	-1	-1	91379	771	881	1432	881	1212	1255	1380	1443	1631	1882	500	200	150	100	50	6000	8310
8311	变异当扈	831	75	9	1	0	10	10	688	500000	-1	-1	706	900000	710	450000	728	300000	670	15000	-1	-1	-1	-1	-1	-1	-1	-1	-1	-1	-1	-1	91379	809	925	1504	925	1272	1255	1380	1443	1631	1882	500	200	150	100	50	6000	8310
8312	变异当扈	831	75	9	1	0	10	10	688	500000	-1	-1	706	900000	710	450000	728	300000	670	15000	-1	-1	-1	-1	-1	-1	-1	-1	-1	-1	-1	-1	91379	848	969	1575	969	1333	1255	1380	1443	1631	1882	500	200	150	100	50	6000	8310
8313	变异当扈	831	75	9	1	0	10	10	688	500000	-1	-1	706	900000	710	450000	728	300000	670	15000	-1	-1	-1	-1	-1	-1	-1	-1	-1	-1	-1	-1	91379	887	1013	1647	1013	1394	1255	1380	1443	1631	1882	500	200	150	100	50	6000	8310
8314	变异当扈	831	75	9	1	0	10	10	688	500000	-1	-1	706	900000	710	450000	728	300000	670	15000	-1	-1	-1	-1	-1	-1	-1	-1	-1	-1	-1	-1	91379	925	1057	1719	1057	1454	1255	1380	1443	1631	1882	500	200	150	100	50	6000	8310
8315	变异当扈	831	75	9	1	0	10	10	688	500000	-1	-1	706	900000	710	450000	728	300000	670	15000	-1	-1	-1	-1	-1	-1	-1	-1	-1	-1	-1	-1	91379	964	1102	1790	1102	1515	1255	1380	1443	1631	1882	500	200	150	100	50	6000	8310
8316	变异当扈	831	75	9	1	0	10	10	688	500000	-1	-1	706	900000	710	450000	728	300000	670	15000	-1	-1	-1	-1	-1	-1	-1	-1	-1	-1	-1	-1	91379	1002	1146	1862	1146	1575	1255	1380	1443	1631	1882	500	200	150	100	50	6000	8310
8319	当扈宝宝	831	75	9	0	1	10	10	688	500000	-1	-1	706	900000	710	450000	728	300000	670	15000	-1	-1	-1	-1	-1	-1	-1	-1	-1	-1	-1	-1	91379	771	881	1432	881	1212	1255	1380	1443	1631	1882	500	200	150	100	50	6000	8310
8320	成年当扈	832	85	9	0	0	10	10	688	550000	-1	-1	706	900000	710	500000	728	350000	670	17500	-1	-1	-1	-1	-1	-1	-1	-1	-1	-1	-1	-1	94971	799	913	1484	913	1256	1357	1492	1560	1764	2035	500	200	150	100	50	6000	8320
8321	变异当扈	832	85	9	1	0	10	10	688	550000	-1	-1	706	900000	710	500000	728	350000	670	17500	-1	-1	-1	-1	-1	-1	-1	-1	-1	-1	-1	-1	94971	833	952	1548	952	1310	1357	1492	1560	1764	2035	500	200	150	100	50	6000	8320
8322	变异当扈	832	85	9	1	0	10	10	688	550000	-1	-1	706	900000	710	500000	728	350000	670	17500	-1	-1	-1	-1	-1	-1	-1	-1	-1	-1	-1	-1	94971	867	991	1611	991	1363	1357	1492	1560	1764	2035	500	200	150	100	50	6000	8320
8323	变异当扈	832	85	9	1	0	10	10	688	550000	-1	-1	706	900000	710	500000	728	350000	670	17500	-1	-1	-1	-1	-1	-1	-1	-1	-1	-1	-1	-1	94971	902	1031	1675	1031	1417	1357	1492	1560	1764	2035	500	200	150	100	50	6000	8320
8324	变异当扈	832	85	9	1	0	10	10	688	550000	-1	-1	706	900000	710	500000	728	350000	670	17500	-1	-1	-1	-1	-1	-1	-1	-1	-1	-1	-1	-1	94971	936	1070	1739	1070	1471	1357	1492	1560	1764	2035	500	200	150	100	50	6000	8320
8325	变异当扈	832	85	9	1	0	10	10	688	550000	-1	-1	706	900000	710	500000	728	350000	670	17500	-1	-1	-1	-1	-1	-1	-1	-1	-1	-1	-1	-1	94971	970	1109	1802	1109	1525	1357	1492	1560	1764	2035	500	200	150	100	50	6000	8320
8326	变异当扈	832	85	9	1	0	10	10	688	550000	-1	-1	706	900000	710	500000	728	350000	670	17500	-1	-1	-1	-1	-1	-1	-1	-1	-1	-1	-1	-1	94971	1004	1148	1866	1148	1579	1357	1492	1560	1764	2035	500	200	150	100	50	6000	8320
8327	变异当扈	832	85	9	1	0	10	10	688	550000	-1	-1	706	900000	710	500000	728	350000	670	17500	-1	-1	-1	-1	-1	-1	-1	-1	-1	-1	-1	-1	94971	1039	1187	1929	1187	1633	1357	1492	1560	1764	2035	500	200	150	100	50	6000	8320
8329	当扈宝宝	832	85	9	0	1	10	10	688	550000	-1	-1	706	900000	710	500000	728	350000	670	17500	-1	-1	-1	-1	-1	-1	-1	-1	-1	-1	-1	-1	94971	799	913	1484	913	1256	1357	1492	1560	1764	2035	500	200	150	100	50	6000	8320
8330	成年当扈	833	95	9	0	0	10	10	688	600000	-1	-1	706	900000	710	550000	728	400000	670	20000	-1	-1	-1	-1	-1	-1	-1	-1	-1	-1	-1	-1	98563	828	946	1608	946	1301	1459	1604	1677	1896	2188	500	200	150	100	50	6000	8330
8331	变异当扈	833	95	9	1	0	10	10	688	600000	-1	-1	706	900000	710	550000	728	400000	670	20000	-1	-1	-1	-1	-1	-1	-1	-1	-1	-1	-1	-1	98563	859	981	1669	981	1350	1459	1604	1677	1896	2188	500	200	150	100	50	6000	8330
8332	变异当扈	833	95	9	1	0	10	10	688	600000	-1	-1	706	900000	710	550000	728	400000	670	20000	-1	-1	-1	-1	-1	-1	-1	-1	-1	-1	-1	-1	98563	890	1017	1729	1017	1398	1459	1604	1677	1896	2188	500	200	150	100	50	6000	8330
8333	变异当扈	833	95	9	1	0	10	10	688	600000	-1	-1	706	900000	710	550000	728	400000	670	20000	-1	-1	-1	-1	-1	-1	-1	-1	-1	-1	-1	-1	98563	921	1052	1789	1052	1447	1459	1604	1677	1896	2188	500	200	150	100	50	6000	8330
8334	变异当扈	833	95	9	1	0	10	10	688	600000	-1	-1	706	900000	710	550000	728	400000	670	20000	-1	-1	-1	-1	-1	-1	-1	-1	-1	-1	-1	-1	98563	952	1088	1850	1088	1496	1459	1604	1677	1896	2188	500	200	150	100	50	6000	8330
8335	变异当扈	833	95	9	1	0	10	10	688	600000	-1	-1	706	900000	710	550000	728	400000	670	20000	-1	-1	-1	-1	-1	-1	-1	-1	-1	-1	-1	-1	98563	983	1123	1910	1123	1545	1459	1604	1677	1896	2188	500	200	150	100	50	6000	8330
8336	变异当扈	833	95	9	1	0	10	10	688	600000	-1	-1	706	900000	710	550000	728	400000	670	20000	-1	-1	-1	-1	-1	-1	-1	-1	-1	-1	-1	-1	98563	1014	1159	1970	1159	1594	1459	1604	1677	1896	2188	500	200	150	100	50	6000	8330
8337	变异当扈	833	95	9	1	0	10	10	688	600000	-1	-1	706	900000	710	550000	728	400000	670	20000	-1	-1	-1	-1	-1	-1	-1	-1	-1	-1	-1	-1	98563	1045	1194	2031	1194	1642	1459	1604	1677	1896	2188	500	200	150	100	50	6000	8330
8338	变异当扈	833	95	9	1	0	10	10	688	600000	-1	-1	706	900000	710	550000	728	400000	670	20000	-1	-1	-1	-1	-1	-1	-1	-1	-1	-1	-1	-1	98563	1076	1230	2091	1230	1691	1459	1604	1677	1896	2188	500	200	150	100	50	6000	8330
8339	当扈宝宝	833	95	9	0	1	10	10	688	600000	-1	-1	706	900000	710	550000	728	400000	670	20000	-1	-1	-1	-1	-1	-1	-1	-1	-1	-1	-1	-1	98563	828	946	1608	946	1301	1459	1604	1677	1896	2188	500	200	150	100	50	6000	8330
8340	成年海盗鼠	834	5	9	0	0	1	10	698	300000	-1	-1	726	900000	706	250000	716	100000	662	5000	-1	-1	-1	-1	-1	-1	-1	-1	-1	-1	-1	-1	77012	1219	1031	656	844	656	846	930	972	1099	1269	50	200	100	150	500	6000	8340
8341	变异海盗鼠	834	5	9	1	0	1	10	698	300000	-1	-1	726	900000	706	250000	716	100000	662	5000	-1	-1	-1	-1	-1	-1	-1	-1	-1	-1	-1	-1	77012	1402	1186	755	970	755	846	930	972	1099	1269	50	200	100	150	500	6000	8340
8342	变异海盗鼠	834	5	9	1	0	1	10	698	300000	-1	-1	726	900000	706	250000	716	100000	662	5000	-1	-1	-1	-1	-1	-1	-1	-1	-1	-1	-1	-1	77012	1585	1341	853	1097	853	846	930	972	1099	1269	50	200	100	150	500	6000	8340
8349	海盗鼠宝宝	834	5	9	0	1	1	10	698	300000	-1	-1	726	900000	706	250000	716	100000	662	5000	-1	-1	-1	-1	-1	-1	-1	-1	-1	-1	-1	-1	77012	1219	1031	656	844	656	846	930	972	1099	1269	50	200	100	150	500	6000	8340
8350	成年海盗鼠	835	45	9	0	0	1	10	698	350000	-1	-1	726	900000	706	300000	716	150000	662	7500	-1	-1	-1	-1	-1	-1	-1	-1	-1	-1	-1	-1	80604	1272	1076	685	881	685	948	1042	1090	1232	1422	50	200	100	150	500	6000	8350
8351	变异海盗鼠	835	45	9	1	0	1	10	698	350000	-1	-1	726	900000	706	300000	716	150000	662	7500	-1	-1	-1	-1	-1	-1	-1	-1	-1	-1	-1	-1	80604	1399	1184	753	969	753	948	1042	1090	1232	1422	50	200	100	150	500	6000	8350
8352	变异海盗鼠	835	45	9	1	0	1	10	698	350000	-1	-1	726	900000	706	300000	716	150000	662	7500	-1	-1	-1	-1	-1	-1	-1	-1	-1	-1	-1	-1	80604	1527	1292	822	1057	822	948	1042	1090	1232	1422	50	200	100	150	500	6000	8350
8353	变异海盗鼠	835	45	9	1	0	1	10	698	350000	-1	-1	726	900000	706	300000	716	150000	662	7500	-1	-1	-1	-1	-1	-1	-1	-1	-1	-1	-1	-1	80604	1654	1399	890	1145	890	948	1042	1090	1232	1422	50	200	100	150	500	6000	8350
8359	海盗鼠宝宝	835	45	9	0	1	1	10	698	350000	-1	-1	726	900000	706	300000	716	150000	662	7500	-1	-1	-1	-1	-1	-1	-1	-1	-1	-1	-1	-1	80604	1272	1076	685	881	685	948	1042	1090	1232	1422	50	200	100	150	500	6000	8350
8360	成年海盗鼠	836	55	9	0	0	1	10	698	400000	-1	-1	726	900000	706	350000	716	200000	662	10000	-1	-1	-1	-1	-1	-1	-1	-1	-1	-1	-1	-1	84195	1326	1122	714	918	714	1051	1156	1208	1366	1576	50	200	100	150	500	6000	8360
8361	变异海盗鼠	836	55	9	1	0	1	10	698	400000	-1	-1	726	900000	706	350000	716	200000	662	10000	-1	-1	-1	-1	-1	-1	-1	-1	-1	-1	-1	-1	84195	1425	1206	767	986	767	1051	1156	1208	1366	1576	50	200	100	150	500	6000	8360
8362	变异海盗鼠	836	55	9	1	0	1	10	698	400000	-1	-1	726	900000	706	350000	716	200000	662	10000	-1	-1	-1	-1	-1	-1	-1	-1	-1	-1	-1	-1	84195	1524	1290	821	1055	821	1051	1156	1208	1366	1576	50	200	100	150	500	6000	8360
8363	变异海盗鼠	836	55	9	1	0	1	10	698	400000	-1	-1	726	900000	706	350000	716	200000	662	10000	-1	-1	-1	-1	-1	-1	-1	-1	-1	-1	-1	-1	84195	1624	1374	874	1124	874	1051	1156	1208	1366	1576	50	200	100	150	500	6000	8360
8364	变异海盗鼠	836	55	9	1	0	1	10	698	400000	-1	-1	726	900000	706	350000	716	200000	662	10000	-1	-1	-1	-1	-1	-1	-1	-1	-1	-1	-1	-1	84195	1723	1458	928	1193	928	1051	1156	1208	1366	1576	50	200	100	150	500	6000	8360
8369	海盗鼠宝宝	836	55	9	0	1	1	10	698	400000	-1	-1	726	900000	706	350000	716	200000	662	10000	-1	-1	-1	-1	-1	-1	-1	-1	-1	-1	-1	-1	84195	1326	1122	714	918	714	1051	1156	1208	1366	1576	50	200	100	150	500	6000	8360
8370	成年海盗鼠	837	65	9	0	0	1	10	698	450000	-1	-1	726	900000	706	400000	716	250000	662	12500	-1	-1	-1	-1	-1	-1	-1	-1	-1	-1	-1	-1	87787	1379	1167	742	954	742	1153	1268	1325	1498	1729	50	200	100	150	500	6000	8370
8371	变异海盗鼠	837	65	9	1	0	1	10	698	450000	-1	-1	726	900000	706	400000	716	250000	662	12500	-1	-1	-1	-1	-1	-1	-1	-1	-1	-1	-1	-1	87787	1462	1237	787	1012	787	1153	1268	1325	1498	1729	50	200	100	150	500	6000	8370
8372	变异海盗鼠	837	65	9	1	0	1	10	698	450000	-1	-1	726	900000	706	400000	716	250000	662	12500	-1	-1	-1	-1	-1	-1	-1	-1	-1	-1	-1	-1	87787	1544	1307	831	1069	831	1153	1268	1325	1498	1729	50	200	100	150	500	6000	8370
8373	变异海盗鼠	837	65	9	1	0	1	10	698	450000	-1	-1	726	900000	706	400000	716	250000	662	12500	-1	-1	-1	-1	-1	-1	-1	-1	-1	-1	-1	-1	87787	1627	1377	876	1126	876	1153	1268	1325	1498	1729	50	200	100	150	500	6000	8370
8374	变异海盗鼠	837	65	9	1	0	1	10	698	450000	-1	-1	726	900000	706	400000	716	250000	662	12500	-1	-1	-1	-1	-1	-1	-1	-1	-1	-1	-1	-1	87787	1710	1447	920	1184	920	1153	1268	1325	1498	1729	50	200	100	150	500	6000	8370
8375	变异海盗鼠	837	65	9	1	0	1	10	698	450000	-1	-1	726	900000	706	400000	716	250000	662	12500	-1	-1	-1	-1	-1	-1	-1	-1	-1	-1	-1	-1	87787	1793	1517	965	1241	965	1153	1268	1325	1498	1729	50	200	100	150	500	6000	8370
8379	海盗鼠宝宝	837	65	9	0	1	1	10	698	450000	-1	-1	726	900000	706	400000	716	250000	662	12500	-1	-1	-1	-1	-1	-1	-1	-1	-1	-1	-1	-1	87787	1379	1167	742	954	742	1153	1268	1325	1498	1729	50	200	100	150	500	6000	8370
8380	成年海盗鼠	838	75	9	0	0	1	10	698	500000	-1	-1	726	900000	706	450000	716	300000	662	15000	-1	-1	-1	-1	-1	-1	-1	-1	-1	-1	-1	-1	91379	1432	1212	771	991	771	1255	1380	1443	1631	1882	50	200	100	150	500	6000	8380
8381	变异海盗鼠	838	75	9	1	0	1	10	698	500000	-1	-1	726	900000	706	450000	716	300000	662	15000	-1	-1	-1	-1	-1	-1	-1	-1	-1	-1	-1	-1	91379	1504	1272	809	1041	809	1255	1380	1443	1631	1882	50	200	100	150	500	6000	8380
8382	变异海盗鼠	838	75	9	1	0	1	10	698	500000	-1	-1	726	900000	706	450000	716	300000	662	15000	-1	-1	-1	-1	-1	-1	-1	-1	-1	-1	-1	-1	91379	1575	1333	848	1090	848	1255	1380	1443	1631	1882	50	200	100	150	500	6000	8380
8383	变异海盗鼠	838	75	9	1	0	1	10	698	500000	-1	-1	726	900000	706	450000	716	300000	662	15000	-1	-1	-1	-1	-1	-1	-1	-1	-1	-1	-1	-1	91379	1647	1394	887	1140	887	1255	1380	1443	1631	1882	50	200	100	150	500	6000	8380
8384	变异海盗鼠	838	75	9	1	0	1	10	698	500000	-1	-1	726	900000	706	450000	716	300000	662	15000	-1	-1	-1	-1	-1	-1	-1	-1	-1	-1	-1	-1	91379	1719	1454	925	1190	925	1255	1380	1443	1631	1882	50	200	100	150	500	6000	8380
8385	变异海盗鼠	838	75	9	1	0	1	10	698	500000	-1	-1	726	900000	706	450000	716	300000	662	15000	-1	-1	-1	-1	-1	-1	-1	-1	-1	-1	-1	-1	91379	1790	1515	964	1239	964	1255	1380	1443	1631	1882	50	200	100	150	500	6000	8380
8386	变异海盗鼠	838	75	9	1	0	1	10	698	500000	-1	-1	726	900000	706	450000	716	300000	662	15000	-1	-1	-1	-1	-1	-1	-1	-1	-1	-1	-1	-1	91379	1862	1575	1002	1289	1002	1255	1380	1443	1631	1882	50	200	100	150	500	6000	8380
8389	海盗鼠宝宝	838	75	9	0	1	1	10	698	500000	-1	-1	726	900000	706	450000	716	300000	662	15000	-1	-1	-1	-1	-1	-1	-1	-1	-1	-1	-1	-1	91379	1432	1212	771	991	771	1255	1380	1443	1631	1882	50	200	100	150	500	6000	8380
8390	成年海盗鼠	839	85	9	0	0	1	10	698	550000	-1	-1	726	900000	706	500000	716	350000	662	17500	-1	-1	-1	-1	-1	-1	-1	-1	-1	-1	-1	-1	94971	1484	1256	799	1027	799	1357	1492	1560	1764	2035	50	200	100	150	500	6000	8390
8391	变异海盗鼠	839	85	9	1	0	1	10	698	550000	-1	-1	726	900000	706	500000	716	350000	662	17500	-1	-1	-1	-1	-1	-1	-1	-1	-1	-1	-1	-1	94971	1548	1310	833	1071	833	1357	1492	1560	1764	2035	50	200	100	150	500	6000	8390
8392	变异海盗鼠	839	85	9	1	0	1	10	698	550000	-1	-1	726	900000	706	500000	716	350000	662	17500	-1	-1	-1	-1	-1	-1	-1	-1	-1	-1	-1	-1	94971	1611	1363	867	1115	867	1357	1492	1560	1764	2035	50	200	100	150	500	6000	8390
8393	变异海盗鼠	839	85	9	1	0	1	10	698	550000	-1	-1	726	900000	706	500000	716	350000	662	17500	-1	-1	-1	-1	-1	-1	-1	-1	-1	-1	-1	-1	94971	1675	1417	902	1159	902	1357	1492	1560	1764	2035	50	200	100	150	500	6000	8390
8394	变异海盗鼠	839	85	9	1	0	1	10	698	550000	-1	-1	726	900000	706	500000	716	350000	662	17500	-1	-1	-1	-1	-1	-1	-1	-1	-1	-1	-1	-1	94971	1739	1471	936	1203	936	1357	1492	1560	1764	2035	50	200	100	150	500	6000	8390
8395	变异海盗鼠	839	85	9	1	0	1	10	698	550000	-1	-1	726	900000	706	500000	716	350000	662	17500	-1	-1	-1	-1	-1	-1	-1	-1	-1	-1	-1	-1	94971	1802	1525	970	1248	970	1357	1492	1560	1764	2035	50	200	100	150	500	6000	8390
8396	变异海盗鼠	839	85	9	1	0	1	10	698	550000	-1	-1	726	900000	706	500000	716	350000	662	17500	-1	-1	-1	-1	-1	-1	-1	-1	-1	-1	-1	-1	94971	1866	1579	1004	1292	1004	1357	1492	1560	1764	2035	50	200	100	150	500	6000	8390
8397	变异海盗鼠	839	85	9	1	0	1	10	698	550000	-1	-1	726	900000	706	500000	716	350000	662	17500	-1	-1	-1	-1	-1	-1	-1	-1	-1	-1	-1	-1	94971	1929	1633	1039	1336	1039	1357	1492	1560	1764	2035	50	200	100	150	500	6000	8390
8399	海盗鼠宝宝	839	85	9	0	1	1	10	698	550000	-1	-1	726	900000	706	500000	716	350000	662	17500	-1	-1	-1	-1	-1	-1	-1	-1	-1	-1	-1	-1	94971	1484	1256	799	1027	799	1357	1492	1560	1764	2035	50	200	100	150	500	6000	8390
8400	成年海盗鼠	840	95	9	0	0	1	10	698	600000	-1	-1	726	900000	706	550000	716	400000	662	20000	-1	-1	-1	-1	-1	-1	-1	-1	-1	-1	-1	-1	98563	1537	1301	828	1064	828	1459	1604	1677	1896	2188	50	200	100	150	500	6000	8400
8401	变异海盗鼠	840	95	9	1	0	1	10	698	600000	-1	-1	726	900000	706	550000	716	400000	662	20000	-1	-1	-1	-1	-1	-1	-1	-1	-1	-1	-1	-1	98563	1595	1350	859	1104	859	1459	1604	1677	1896	2188	50	200	100	150	500	6000	8400
8402	变异海盗鼠	840	95	9	1	0	1	10	698	600000	-1	-1	726	900000	706	550000	716	400000	662	20000	-1	-1	-1	-1	-1	-1	-1	-1	-1	-1	-1	-1	98563	1653	1398	890	1144	890	1459	1604	1677	1896	2188	50	200	100	150	500	6000	8400
8403	变异海盗鼠	840	95	9	1	0	1	10	698	600000	-1	-1	726	900000	706	550000	716	400000	662	20000	-1	-1	-1	-1	-1	-1	-1	-1	-1	-1	-1	-1	98563	1710	1447	921	1184	921	1459	1604	1677	1896	2188	50	200	100	150	500	6000	8400
8404	变异海盗鼠	840	95	9	1	0	1	10	698	600000	-1	-1	726	900000	706	550000	716	400000	662	20000	-1	-1	-1	-1	-1	-1	-1	-1	-1	-1	-1	-1	98563	1768	1496	952	1224	952	1459	1604	1677	1896	2188	50	200	100	150	500	6000	8400
8405	变异海盗鼠	840	95	9	1	0	1	10	698	600000	-1	-1	726	900000	706	550000	716	400000	662	20000	-1	-1	-1	-1	-1	-1	-1	-1	-1	-1	-1	-1	98563	1826	1545	983	1264	983	1459	1604	1677	1896	2188	50	200	100	150	500	6000	8400
8406	变异海盗鼠	840	95	9	1	0	1	10	698	600000	-1	-1	726	900000	706	550000	716	400000	662	20000	-1	-1	-1	-1	-1	-1	-1	-1	-1	-1	-1	-1	98563	1883	1594	1014	1304	1014	1459	1604	1677	1896	2188	50	200	100	150	500	6000	8400
8407	变异海盗鼠	840	95	9	1	0	1	10	698	600000	-1	-1	726	900000	706	550000	716	400000	662	20000	-1	-1	-1	-1	-1	-1	-1	-1	-1	-1	-1	-1	98563	1941	1642	1045	1344	1045	1459	1604	1677	1896	2188	50	200	100	150	500	6000	8400
8408	变异海盗鼠	840	95	9	1	0	1	10	698	600000	-1	-1	726	900000	706	550000	716	400000	662	20000	-1	-1	-1	-1	-1	-1	-1	-1	-1	-1	-1	-1	98563	1999	1691	1076	1384	1076	1459	1604	1677	1896	2188	50	200	100	150	500	6000	8400
8409	海盗鼠宝宝	840	95	9	0	1	1	10	698	600000	-1	-1	726	900000	706	550000	716	400000	662	20000	-1	-1	-1	-1	-1	-1	-1	-1	-1	-1	-1	-1	98563	1537	1301	828	1064	828	1459	1604	1677	1896	2188	50	200	100	150	500	6000	8400
8410	成年宝箱童子	841	5	9	0	0	1000	10	700	300000	-1	-1	728	900000	706	250000	726	100000	670	5000	-1	-1	-1	-1	-1	-1	-1	-1	-1	-1	-1	-1	77012	656	750	1219	750	1031	846	930	972	1099	1269	500	150	50	200	100	6000	8410
8411	变异宝箱童子	841	5	9	1	0	1000	10	700	300000	-1	-1	728	900000	706	250000	726	100000	670	5000	-1	-1	-1	-1	-1	-1	-1	-1	-1	-1	-1	-1	77012	755	862	1402	862	1186	846	930	972	1099	1269	500	150	50	200	100	6000	8410
8412	变异宝箱童子	841	5	9	1	0	1000	10	700	300000	-1	-1	728	900000	706	250000	726	100000	670	5000	-1	-1	-1	-1	-1	-1	-1	-1	-1	-1	-1	-1	77012	853	975	1585	975	1341	846	930	972	1099	1269	500	150	50	200	100	6000	8410
8419	宝箱童子宝宝	841	5	9	0	1	1000	10	700	300000	-1	-1	728	900000	706	250000	726	100000	670	5000	-1	-1	-1	-1	-1	-1	-1	-1	-1	-1	-1	-1	77012	656	750	1219	750	1031	846	930	972	1099	1269	500	150	50	200	100	6000	8410
8420	成年宝箱童子	842	45	9	0	0	1000	10	700	350000	-1	-1	728	900000	706	300000	726	150000	670	7500	-1	-1	-1	-1	-1	-1	-1	-1	-1	-1	-1	-1	80604	685	783	1272	783	1076	948	1042	1090	1232	1422	500	150	50	200	100	6000	8420
8421	变异宝箱童子	842	45	9	1	0	1000	10	700	350000	-1	-1	728	900000	706	300000	726	150000	670	7500	-1	-1	-1	-1	-1	-1	-1	-1	-1	-1	-1	-1	80604	753	861	1399	861	1184	948	1042	1090	1232	1422	500	150	50	200	100	6000	8420
8422	变异宝箱童子	842	45	9	1	0	1000	10	700	350000	-1	-1	728	900000	706	300000	726	150000	670	7500	-1	-1	-1	-1	-1	-1	-1	-1	-1	-1	-1	-1	80604	822	939	1527	939	1292	948	1042	1090	1232	1422	500	150	50	200	100	6000	8420
8423	变异宝箱童子	842	45	9	1	0	1000	10	700	350000	-1	-1	728	900000	706	300000	726	150000	670	7500	-1	-1	-1	-1	-1	-1	-1	-1	-1	-1	-1	-1	80604	890	1018	1654	1018	1399	948	1042	1090	1232	1422	500	150	50	200	100	6000	8420
8429	宝箱童子宝宝	842	45	9	0	1	1000	10	700	350000	-1	-1	728	900000	706	300000	726	150000	670	7500	-1	-1	-1	-1	-1	-1	-1	-1	-1	-1	-1	-1	80604	685	783	1272	783	1076	948	1042	1090	1232	1422	500	150	50	200	100	6000	8420
8430	成年宝箱童子	843	55	9	0	0	1000	10	700	400000	-1	-1	728	900000	706	350000	726	200000	670	10000	-1	-1	-1	-1	-1	-1	-1	-1	-1	-1	-1	-1	84195	714	816	1326	816	1122	1051	1156	1208	1366	1576	500	150	50	200	100	6000	8430
8431	变异宝箱童子	843	55	9	1	0	1000	10	700	400000	-1	-1	728	900000	706	350000	726	200000	670	10000	-1	-1	-1	-1	-1	-1	-1	-1	-1	-1	-1	-1	84195	767	877	1425	877	1206	1051	1156	1208	1366	1576	500	150	50	200	100	6000	8430
8432	变异宝箱童子	843	55	9	1	0	1000	10	700	400000	-1	-1	728	900000	706	350000	726	200000	670	10000	-1	-1	-1	-1	-1	-1	-1	-1	-1	-1	-1	-1	84195	821	938	1524	938	1290	1051	1156	1208	1366	1576	500	150	50	200	100	6000	8430
8433	变异宝箱童子	843	55	9	1	0	1000	10	700	400000	-1	-1	728	900000	706	350000	726	200000	670	10000	-1	-1	-1	-1	-1	-1	-1	-1	-1	-1	-1	-1	84195	874	999	1624	999	1374	1051	1156	1208	1366	1576	500	150	50	200	100	6000	8430
8434	变异宝箱童子	843	55	9	1	0	1000	10	700	400000	-1	-1	728	900000	706	350000	726	200000	670	10000	-1	-1	-1	-1	-1	-1	-1	-1	-1	-1	-1	-1	84195	928	1060	1723	1060	1458	1051	1156	1208	1366	1576	500	150	50	200	100	6000	8430
8439	宝箱童子宝宝	843	55	9	0	1	1000	10	700	400000	-1	-1	728	900000	706	350000	726	200000	670	10000	-1	-1	-1	-1	-1	-1	-1	-1	-1	-1	-1	-1	84195	714	816	1326	816	1122	1051	1156	1208	1366	1576	500	150	50	200	100	6000	8430
8440	成年宝箱童子	844	65	9	0	0	1000	10	700	450000	-1	-1	728	900000	706	400000	726	250000	670	12500	-1	-1	-1	-1	-1	-1	-1	-1	-1	-1	-1	-1	87787	742	848	1379	848	1167	1153	1268	1325	1498	1729	500	150	50	200	100	6000	8440
8441	变异宝箱童子	844	65	9	1	0	1000	10	700	450000	-1	-1	728	900000	706	400000	726	250000	670	12500	-1	-1	-1	-1	-1	-1	-1	-1	-1	-1	-1	-1	87787	787	899	1462	899	1237	1153	1268	1325	1498	1729	500	150	50	200	100	6000	8440
8442	变异宝箱童子	844	65	9	1	0	1000	10	700	450000	-1	-1	728	900000	706	400000	726	250000	670	12500	-1	-1	-1	-1	-1	-1	-1	-1	-1	-1	-1	-1	87787	831	950	1544	950	1307	1153	1268	1325	1498	1729	500	150	50	200	100	6000	8440
8443	变异宝箱童子	844	65	9	1	0	1000	10	700	450000	-1	-1	728	900000	706	400000	726	250000	670	12500	-1	-1	-1	-1	-1	-1	-1	-1	-1	-1	-1	-1	87787	876	1001	1627	1001	1377	1153	1268	1325	1498	1729	500	150	50	200	100	6000	8440
8444	变异宝箱童子	844	65	9	1	0	1000	10	700	450000	-1	-1	728	900000	706	400000	726	250000	670	12500	-1	-1	-1	-1	-1	-1	-1	-1	-1	-1	-1	-1	87787	920	1052	1710	1052	1447	1153	1268	1325	1498	1729	500	150	50	200	100	6000	8440
8445	变异宝箱童子	844	65	9	1	0	1000	10	700	450000	-1	-1	728	900000	706	400000	726	250000	670	12500	-1	-1	-1	-1	-1	-1	-1	-1	-1	-1	-1	-1	87787	965	1103	1793	1103	1517	1153	1268	1325	1498	1729	500	150	50	200	100	6000	8440
8449	宝箱童子宝宝	844	65	9	0	1	1000	10	700	450000	-1	-1	728	900000	706	400000	726	250000	670	12500	-1	-1	-1	-1	-1	-1	-1	-1	-1	-1	-1	-1	87787	742	848	1379	848	1167	1153	1268	1325	1498	1729	500	150	50	200	100	6000	8440
8450	成年宝箱童子	845	75	9	0	0	1000	10	700	500000	-1	-1	728	900000	706	450000	726	300000	670	15000	-1	-1	-1	-1	-1	-1	-1	-1	-1	-1	-1	-1	91379	771	881	1432	881	1212	1255	1380	1443	1631	1882	500	150	50	200	100	6000	8450
8451	变异宝箱童子	845	75	9	1	0	1000	10	700	500000	-1	-1	728	900000	706	450000	726	300000	670	15000	-1	-1	-1	-1	-1	-1	-1	-1	-1	-1	-1	-1	91379	809	925	1504	925	1272	1255	1380	1443	1631	1882	500	150	50	200	100	6000	8450
8452	变异宝箱童子	845	75	9	1	0	1000	10	700	500000	-1	-1	728	900000	706	450000	726	300000	670	15000	-1	-1	-1	-1	-1	-1	-1	-1	-1	-1	-1	-1	91379	848	969	1575	969	1333	1255	1380	1443	1631	1882	500	150	50	200	100	6000	8450
8453	变异宝箱童子	845	75	9	1	0	1000	10	700	500000	-1	-1	728	900000	706	450000	726	300000	670	15000	-1	-1	-1	-1	-1	-1	-1	-1	-1	-1	-1	-1	91379	887	1013	1647	1013	1394	1255	1380	1443	1631	1882	500	150	50	200	100	6000	8450
8454	变异宝箱童子	845	75	9	1	0	1000	10	700	500000	-1	-1	728	900000	706	450000	726	300000	670	15000	-1	-1	-1	-1	-1	-1	-1	-1	-1	-1	-1	-1	91379	925	1057	1719	1057	1454	1255	1380	1443	1631	1882	500	150	50	200	100	6000	8450
8455	变异宝箱童子	845	75	9	1	0	1000	10	700	500000	-1	-1	728	900000	706	450000	726	300000	670	15000	-1	-1	-1	-1	-1	-1	-1	-1	-1	-1	-1	-1	91379	964	1102	1790	1102	1515	1255	1380	1443	1631	1882	500	150	50	200	100	6000	8450
8456	变异宝箱童子	845	75	9	1	0	1000	10	700	500000	-1	-1	728	900000	706	450000	726	300000	670	15000	-1	-1	-1	-1	-1	-1	-1	-1	-1	-1	-1	-1	91379	1002	1146	1862	1146	1575	1255	1380	1443	1631	1882	500	150	50	200	100	6000	8450
8459	宝箱童子宝宝	845	75	9	0	1	1000	10	700	500000	-1	-1	728	900000	706	450000	726	300000	670	15000	-1	-1	-1	-1	-1	-1	-1	-1	-1	-1	-1	-1	91379	771	881	1432	881	1212	1255	1380	1443	1631	1882	500	150	50	200	100	6000	8450
8460	成年宝箱童子	846	85	9	0	0	1000	10	700	550000	-1	-1	728	900000	706	500000	726	350000	670	17500	-1	-1	-1	-1	-1	-1	-1	-1	-1	-1	-1	-1	94971	799	913	1484	913	1256	1357	1492	1560	1764	2035	500	150	50	200	100	6000	8460
8461	变异宝箱童子	846	85	9	1	0	1000	10	700	550000	-1	-1	728	900000	706	500000	726	350000	670	17500	-1	-1	-1	-1	-1	-1	-1	-1	-1	-1	-1	-1	94971	833	952	1548	952	1310	1357	1492	1560	1764	2035	500	150	50	200	100	6000	8460
8462	变异宝箱童子	846	85	9	1	0	1000	10	700	550000	-1	-1	728	900000	706	500000	726	350000	670	17500	-1	-1	-1	-1	-1	-1	-1	-1	-1	-1	-1	-1	94971	867	991	1611	991	1363	1357	1492	1560	1764	2035	500	150	50	200	100	6000	8460
8463	变异宝箱童子	846	85	9	1	0	1000	10	700	550000	-1	-1	728	900000	706	500000	726	350000	670	17500	-1	-1	-1	-1	-1	-1	-1	-1	-1	-1	-1	-1	94971	902	1031	1675	1031	1417	1357	1492	1560	1764	2035	500	150	50	200	100	6000	8460
8464	变异宝箱童子	846	85	9	1	0	1000	10	700	550000	-1	-1	728	900000	706	500000	726	350000	670	17500	-1	-1	-1	-1	-1	-1	-1	-1	-1	-1	-1	-1	94971	936	1070	1739	1070	1471	1357	1492	1560	1764	2035	500	150	50	200	100	6000	8460
8465	变异宝箱童子	846	85	9	1	0	1000	10	700	550000	-1	-1	728	900000	706	500000	726	350000	670	17500	-1	-1	-1	-1	-1	-1	-1	-1	-1	-1	-1	-1	94971	970	1109	1802	1109	1525	1357	1492	1560	1764	2035	500	150	50	200	100	6000	8460
8466	变异宝箱童子	846	85	9	1	0	1000	10	700	550000	-1	-1	728	900000	706	500000	726	350000	670	17500	-1	-1	-1	-1	-1	-1	-1	-1	-1	-1	-1	-1	94971	1004	1148	1866	1148	1579	1357	1492	1560	1764	2035	500	150	50	200	100	6000	8460
8467	变异宝箱童子	846	85	9	1	0	1000	10	700	550000	-1	-1	728	900000	706	500000	726	350000	670	17500	-1	-1	-1	-1	-1	-1	-1	-1	-1	-1	-1	-1	94971	1039	1187	1929	1187	1633	1357	1492	1560	1764	2035	500	150	50	200	100	6000	8460
8469	宝箱童子宝宝	846	85	9	0	1	1000	10	700	550000	-1	-1	728	900000	706	500000	726	350000	670	17500	-1	-1	-1	-1	-1	-1	-1	-1	-1	-1	-1	-1	94971	799	913	1484	913	1256	1357	1492	1560	1764	2035	500	150	50	200	100	6000	8460
8470	成年宝箱童子	847	95	9	0	0	1000	10	700	600000	-1	-1	728	900000	706	550000	726	400000	670	20000	-1	-1	-1	-1	-1	-1	-1	-1	-1	-1	-1	-1	98563	828	946	1537	946	1301	1459	1604	1677	1896	2188	500	150	50	200	100	6000	8470
8471	变异宝箱童子	847	95	9	1	0	1000	10	700	600000	-1	-1	728	900000	706	550000	726	400000	670	20000	-1	-1	-1	-1	-1	-1	-1	-1	-1	-1	-1	-1	98563	859	981	1595	981	1350	1459	1604	1677	1896	2188	500	150	50	200	100	6000	8470
8472	变异宝箱童子	847	95	9	1	0	1000	10	700	600000	-1	-1	728	900000	706	550000	726	400000	670	20000	-1	-1	-1	-1	-1	-1	-1	-1	-1	-1	-1	-1	98563	890	1017	1653	1017	1398	1459	1604	1677	1896	2188	500	150	50	200	100	6000	8470
8473	变异宝箱童子	847	95	9	1	0	1000	10	700	600000	-1	-1	728	900000	706	550000	726	400000	670	20000	-1	-1	-1	-1	-1	-1	-1	-1	-1	-1	-1	-1	98563	921	1052	1710	1052	1447	1459	1604	1677	1896	2188	500	150	50	200	100	6000	8470
8474	变异宝箱童子	847	95	9	1	0	1000	10	700	600000	-1	-1	728	900000	706	550000	726	400000	670	20000	-1	-1	-1	-1	-1	-1	-1	-1	-1	-1	-1	-1	98563	952	1088	1768	1088	1496	1459	1604	1677	1896	2188	500	150	50	200	100	6000	8470
8475	变异宝箱童子	847	95	9	1	0	1000	10	700	600000	-1	-1	728	900000	706	550000	726	400000	670	20000	-1	-1	-1	-1	-1	-1	-1	-1	-1	-1	-1	-1	98563	983	1123	1826	1123	1545	1459	1604	1677	1896	2188	500	150	50	200	100	6000	8470
8476	变异宝箱童子	847	95	9	1	0	1000	10	700	600000	-1	-1	728	900000	706	550000	726	400000	670	20000	-1	-1	-1	-1	-1	-1	-1	-1	-1	-1	-1	-1	98563	1014	1159	1883	1159	1594	1459	1604	1677	1896	2188	500	150	50	200	100	6000	8470
8477	变异宝箱童子	847	95	9	1	0	1000	10	700	600000	-1	-1	728	900000	706	550000	726	400000	670	20000	-1	-1	-1	-1	-1	-1	-1	-1	-1	-1	-1	-1	98563	1045	1194	1941	1194	1642	1459	1604	1677	1896	2188	500	150	50	200	100	6000	8470
8478	变异宝箱童子	847	95	9	1	0	1000	10	700	600000	-1	-1	728	900000	706	550000	726	400000	670	20000	-1	-1	-1	-1	-1	-1	-1	-1	-1	-1	-1	-1	98563	1076	1230	1999	1230	1691	1459	1604	1677	1896	2188	500	150	50	200	100	6000	8470
8479	宝箱童子宝宝	847	95	9	0	1	1000	10	700	600000	-1	-1	728	900000	706	550000	726	400000	670	20000	-1	-1	-1	-1	-1	-1	-1	-1	-1	-1	-1	-1	98563	828	946	1537	946	1301	1459	1604	1677	1896	2188	500	150	50	200	100	6000	8470
8480	成年树袋熊	848	5	9	0	0	100	10	737	300000	-1	-1	728	900000	710	250000	718	100000	668	5000	-1	-1	-1	-1	-1	-1	-1	-1	-1	-1	-1	-1	77012	469	722	1303	750	938	846	930	972	1099	1269	500	150	50	200	100	6000	8480
8481	变异树袋熊	848	5	9	1	0	100	10	737	300000	-1	-1	728	900000	710	250000	718	100000	668	5000	-1	-1	-1	-1	-1	-1	-1	-1	-1	-1	-1	-1	77012	539	830	1499	862	1078	846	930	972	1099	1269	500	150	50	200	100	6000	8480
8482	变异树袋熊	848	5	9	1	0	100	10	737	300000	-1	-1	728	900000	710	250000	718	100000	668	5000	-1	-1	-1	-1	-1	-1	-1	-1	-1	-1	-1	-1	77012	609	938	1694	975	1219	846	930	972	1099	1269	500	150	50	200	100	6000	8480
8489	树袋熊宝宝	848	5	9	0	1	100	10	737	300000	-1	-1	728	900000	710	250000	718	100000	668	5000	-1	-1	-1	-1	-1	-1	-1	-1	-1	-1	-1	-1	77012	469	722	1303	750	938	846	930	972	1099	1269	500	150	50	200	100	6000	8480
8490	成年树袋熊	849	45	9	0	0	100	10	737	350000	-1	-1	728	900000	710	300000	718	150000	668	7500	-1	-1	-1	-1	-1	-1	-1	-1	-1	-1	-1	-1	80604	489	753	1360	783	979	948	1042	1090	1232	1422	500	150	50	200	100	6000	8490
8491	变异树袋熊	849	45	9	1	0	100	10	737	350000	-1	-1	728	900000	710	300000	718	150000	668	7500	-1	-1	-1	-1	-1	-1	-1	-1	-1	-1	-1	-1	80604	538	829	1496	861	1076	948	1042	1090	1232	1422	500	150	50	200	100	6000	8490
8492	变异树袋熊	849	45	9	1	0	100	10	737	350000	-1	-1	728	900000	710	300000	718	150000	668	7500	-1	-1	-1	-1	-1	-1	-1	-1	-1	-1	-1	-1	80604	587	904	1632	939	1174	948	1042	1090	1232	1422	500	150	50	200	100	6000	8490
8493	变异树袋熊	849	45	9	1	0	100	10	737	350000	-1	-1	728	900000	710	300000	718	150000	668	7500	-1	-1	-1	-1	-1	-1	-1	-1	-1	-1	-1	-1	80604	636	979	1769	1018	1272	948	1042	1090	1232	1422	500	150	50	200	100	6000	8490
8499	树袋熊宝宝	849	45	9	0	1	100	10	737	350000	-1	-1	728	900000	710	300000	718	150000	668	7500	-1	-1	-1	-1	-1	-1	-1	-1	-1	-1	-1	-1	80604	489	753	1360	783	979	948	1042	1090	1232	1422	500	150	50	200	100	6000	8490
8500	成年树袋熊	850	55	9	0	0	100	10	737	400000	-1	-1	728	900000	710	350000	718	200000	668	10000	-1	-1	-1	-1	-1	-1	-1	-1	-1	-1	-1	-1	84195	510	785	1417	816	1020	1051	1156	1208	1366	1576	500	150	50	200	100	6000	8500
8501	变异树袋熊	850	55	9	1	0	100	10	737	400000	-1	-1	728	900000	710	350000	718	200000	668	10000	-1	-1	-1	-1	-1	-1	-1	-1	-1	-1	-1	-1	84195	548	844	1524	877	1096	1051	1156	1208	1366	1576	500	150	50	200	100	6000	8500
8502	变异树袋熊	850	55	9	1	0	100	10	737	400000	-1	-1	728	900000	710	350000	718	200000	668	10000	-1	-1	-1	-1	-1	-1	-1	-1	-1	-1	-1	-1	84195	586	903	1630	938	1173	1051	1156	1208	1366	1576	500	150	50	200	100	6000	8500
8503	变异树袋熊	850	55	9	1	0	100	10	737	400000	-1	-1	728	900000	710	350000	718	200000	668	10000	-1	-1	-1	-1	-1	-1	-1	-1	-1	-1	-1	-1	84195	624	962	1736	999	1249	1051	1156	1208	1366	1576	500	150	50	200	100	6000	8500
8504	变异树袋熊	850	55	9	1	0	100	10	737	400000	-1	-1	728	900000	710	350000	718	200000	668	10000	-1	-1	-1	-1	-1	-1	-1	-1	-1	-1	-1	-1	84195	663	1021	1843	1060	1326	1051	1156	1208	1366	1576	500	150	50	200	100	6000	8500
8509	树袋熊宝宝	850	55	9	0	1	100	10	737	400000	-1	-1	728	900000	710	350000	718	200000	668	10000	-1	-1	-1	-1	-1	-1	-1	-1	-1	-1	-1	-1	84195	510	785	1417	816	1020	1051	1156	1208	1366	1576	500	150	50	200	100	6000	8500
8510	成年树袋熊	851	65	9	0	0	100	10	737	450000	-1	-1	728	900000	710	400000	718	250000	668	12500	-1	-1	-1	-1	-1	-1	-1	-1	-1	-1	-1	-1	87787	530	816	1474	848	1061	1153	1268	1325	1498	1729	500	150	50	200	100	6000	8510
8511	变异树袋熊	851	65	9	1	0	100	10	737	450000	-1	-1	728	900000	710	400000	718	250000	668	12500	-1	-1	-1	-1	-1	-1	-1	-1	-1	-1	-1	-1	87787	562	865	1563	899	1124	1153	1268	1325	1498	1729	500	150	50	200	100	6000	8510
8512	变异树袋熊	851	65	9	1	0	100	10	737	450000	-1	-1	728	900000	710	400000	718	250000	668	12500	-1	-1	-1	-1	-1	-1	-1	-1	-1	-1	-1	-1	87787	594	915	1651	950	1188	1153	1268	1325	1498	1729	500	150	50	200	100	6000	8510
8513	变异树袋熊	851	65	9	1	0	100	10	737	450000	-1	-1	728	900000	710	400000	718	250000	668	12500	-1	-1	-1	-1	-1	-1	-1	-1	-1	-1	-1	-1	87787	625	964	1740	1001	1251	1153	1268	1325	1498	1729	500	150	50	200	100	6000	8510
8514	变异树袋熊	851	65	9	1	0	100	10	737	450000	-1	-1	728	900000	710	400000	718	250000	668	12500	-1	-1	-1	-1	-1	-1	-1	-1	-1	-1	-1	-1	87787	657	1013	1828	1052	1315	1153	1268	1325	1498	1729	500	150	50	200	100	6000	8510
8515	变异树袋熊	851	65	9	1	0	100	10	737	450000	-1	-1	728	900000	710	400000	718	250000	668	12500	-1	-1	-1	-1	-1	-1	-1	-1	-1	-1	-1	-1	87787	689	1062	1917	1103	1379	1153	1268	1325	1498	1729	500	150	50	200	100	6000	8510
8519	树袋熊宝宝	851	65	9	0	1	100	10	737	450000	-1	-1	728	900000	710	400000	718	250000	668	12500	-1	-1	-1	-1	-1	-1	-1	-1	-1	-1	-1	-1	87787	530	816	1474	848	1061	1153	1268	1325	1498	1729	500	150	50	200	100	6000	8510
8520	成年树袋熊	852	75	9	0	0	100	10	737	500000	-1	-1	728	900000	710	450000	718	300000	668	15000	-1	-1	-1	-1	-1	-1	-1	-1	-1	-1	-1	-1	91379	551	848	1531	881	1102	1255	1380	1443	1631	1882	500	150	50	200	100	6000	8520
8521	变异树袋熊	852	75	9	1	0	100	10	737	500000	-1	-1	728	900000	710	450000	718	300000	668	15000	-1	-1	-1	-1	-1	-1	-1	-1	-1	-1	-1	-1	91379	578	890	1608	925	1157	1255	1380	1443	1631	1882	500	150	50	200	100	6000	8520
8522	变异树袋熊	852	75	9	1	0	100	10	737	500000	-1	-1	728	900000	710	450000	718	300000	668	15000	-1	-1	-1	-1	-1	-1	-1	-1	-1	-1	-1	-1	91379	606	933	1684	969	1212	1255	1380	1443	1631	1882	500	150	50	200	100	6000	8520
8523	变异树袋熊	852	75	9	1	0	100	10	737	500000	-1	-1	728	900000	710	450000	718	300000	668	15000	-1	-1	-1	-1	-1	-1	-1	-1	-1	-1	-1	-1	91379	633	975	1761	1013	1267	1255	1380	1443	1631	1882	500	150	50	200	100	6000	8520
8524	变异树袋熊	852	75	9	1	0	100	10	737	500000	-1	-1	728	900000	710	450000	718	300000	668	15000	-1	-1	-1	-1	-1	-1	-1	-1	-1	-1	-1	-1	91379	661	1018	1838	1057	1322	1255	1380	1443	1631	1882	500	150	50	200	100	6000	8520
8525	变异树袋熊	852	75	9	1	0	100	10	737	500000	-1	-1	728	900000	710	450000	718	300000	668	15000	-1	-1	-1	-1	-1	-1	-1	-1	-1	-1	-1	-1	91379	688	1060	1914	1102	1377	1255	1380	1443	1631	1882	500	150	50	200	100	6000	8520
8526	变异树袋熊	852	75	9	1	0	100	10	737	500000	-1	-1	728	900000	710	450000	718	300000	668	15000	-1	-1	-1	-1	-1	-1	-1	-1	-1	-1	-1	-1	91379	716	1103	1991	1146	1432	1255	1380	1443	1631	1882	500	150	50	200	100	6000	8520
8529	树袋熊宝宝	852	75	9	0	1	100	10	737	500000	-1	-1	728	900000	710	450000	718	300000	668	15000	-1	-1	-1	-1	-1	-1	-1	-1	-1	-1	-1	-1	91379	551	848	1531	881	1102	1255	1380	1443	1631	1882	500	150	50	200	100	6000	8520
8530	成年树袋熊	853	85	9	0	0	100	10	737	550000	-1	-1	728	900000	710	500000	718	350000	668	17500	-1	-1	-1	-1	-1	-1	-1	-1	-1	-1	-1	-1	94971	571	879	1587	913	1142	1357	1492	1560	1764	2035	500	150	50	200	100	6000	8530
8531	变异树袋熊	853	85	9	1	0	100	10	737	550000	-1	-1	728	900000	710	500000	718	350000	668	17500	-1	-1	-1	-1	-1	-1	-1	-1	-1	-1	-1	-1	94971	595	917	1655	952	1190	1357	1492	1560	1764	2035	500	150	50	200	100	6000	8530
8532	变异树袋熊	853	85	9	1	0	100	10	737	550000	-1	-1	728	900000	710	500000	718	350000	668	17500	-1	-1	-1	-1	-1	-1	-1	-1	-1	-1	-1	-1	94971	619	954	1723	991	1239	1357	1492	1560	1764	2035	500	150	50	200	100	6000	8530
8533	变异树袋熊	853	85	9	1	0	100	10	737	550000	-1	-1	728	900000	710	500000	718	350000	668	17500	-1	-1	-1	-1	-1	-1	-1	-1	-1	-1	-1	-1	94971	644	992	1791	1031	1288	1357	1492	1560	1764	2035	500	150	50	200	100	6000	8530
8534	变异树袋熊	853	85	9	1	0	100	10	737	550000	-1	-1	728	900000	710	500000	718	350000	668	17500	-1	-1	-1	-1	-1	-1	-1	-1	-1	-1	-1	-1	94971	668	1030	1859	1070	1337	1357	1492	1560	1764	2035	500	150	50	200	100	6000	8530
8535	变异树袋熊	853	85	9	1	0	100	10	737	550000	-1	-1	728	900000	710	500000	718	350000	668	17500	-1	-1	-1	-1	-1	-1	-1	-1	-1	-1	-1	-1	94971	693	1067	1927	1109	1386	1357	1492	1560	1764	2035	500	150	50	200	100	6000	8530
8536	变异树袋熊	853	85	9	1	0	100	10	737	550000	-1	-1	728	900000	710	500000	718	350000	668	17500	-1	-1	-1	-1	-1	-1	-1	-1	-1	-1	-1	-1	94971	717	1105	1995	1148	1435	1357	1492	1560	1764	2035	500	150	50	200	100	6000	8530
8537	变异树袋熊	853	85	9	1	0	100	10	737	550000	-1	-1	728	900000	710	500000	718	350000	668	17500	-1	-1	-1	-1	-1	-1	-1	-1	-1	-1	-1	-1	94971	742	1143	2063	1187	1484	1357	1492	1560	1764	2035	500	150	50	200	100	6000	8530
8539	树袋熊宝宝	853	85	9	0	1	100	10	737	550000	-1	-1	728	900000	710	500000	718	350000	668	17500	-1	-1	-1	-1	-1	-1	-1	-1	-1	-1	-1	-1	94971	571	879	1587	913	1142	1357	1492	1560	1764	2035	500	150	50	200	100	6000	8530
8540	成年树袋熊	854	95	9	0	0	100	10	737	600000	-1	-1	728	900000	710	550000	718	400000	668	20000	-1	-1	-1	-1	-1	-1	-1	-1	-1	-1	-1	-1	98563	591	910	1644	946	1183	1459	1604	1677	1896	2188	500	150	50	200	100	6000	8540
8541	变异树袋熊	854	95	9	1	0	100	10	737	600000	-1	-1	728	900000	710	550000	718	400000	668	20000	-1	-1	-1	-1	-1	-1	-1	-1	-1	-1	-1	-1	98563	613	945	1706	981	1227	1459	1604	1677	1896	2188	500	150	50	200	100	6000	8540
8542	变异树袋熊	854	95	9	1	0	100	10	737	600000	-1	-1	728	900000	710	550000	718	400000	668	20000	-1	-1	-1	-1	-1	-1	-1	-1	-1	-1	-1	-1	98563	635	979	1767	1017	1271	1459	1604	1677	1896	2188	500	150	50	200	100	6000	8540
8543	变异树袋熊	854	95	9	1	0	100	10	737	600000	-1	-1	728	900000	710	550000	718	400000	668	20000	-1	-1	-1	-1	-1	-1	-1	-1	-1	-1	-1	-1	98563	658	1013	1829	1052	1316	1459	1604	1677	1896	2188	500	150	50	200	100	6000	8540
8544	变异树袋熊	854	95	9	1	0	100	10	737	600000	-1	-1	728	900000	710	550000	718	400000	668	20000	-1	-1	-1	-1	-1	-1	-1	-1	-1	-1	-1	-1	98563	680	1047	1891	1088	1360	1459	1604	1677	1896	2188	500	150	50	200	100	6000	8540
8545	变异树袋熊	854	95	9	1	0	100	10	737	600000	-1	-1	728	900000	710	550000	718	400000	668	20000	-1	-1	-1	-1	-1	-1	-1	-1	-1	-1	-1	-1	98563	702	1081	1952	1123	1404	1459	1604	1677	1896	2188	500	150	50	200	100	6000	8540
8546	变异树袋熊	854	95	9	1	0	100	10	737	600000	-1	-1	728	900000	710	550000	718	400000	668	20000	-1	-1	-1	-1	-1	-1	-1	-1	-1	-1	-1	-1	98563	724	1115	2014	1159	1449	1459	1604	1677	1896	2188	500	150	50	200	100	6000	8540
8547	变异树袋熊	854	95	9	1	0	100	10	737	600000	-1	-1	728	900000	710	550000	718	400000	668	20000	-1	-1	-1	-1	-1	-1	-1	-1	-1	-1	-1	-1	98563	746	1150	2076	1194	1493	1459	1604	1677	1896	2188	500	150	50	200	100	6000	8540
8548	变异树袋熊	854	95	9	1	0	100	10	737	600000	-1	-1	728	900000	710	550000	718	400000	668	20000	-1	-1	-1	-1	-1	-1	-1	-1	-1	-1	-1	-1	98563	768	1184	2137	1230	1537	1459	1604	1677	1896	2188	500	150	50	200	100	6000	8540
8549	树袋熊宝宝	854	95	9	0	1	100	10	737	600000	-1	-1	728	900000	710	550000	718	400000	668	20000	-1	-1	-1	-1	-1	-1	-1	-1	-1	-1	-1	-1	98563	591	910	1644	946	1183	1459	1604	1677	1896	2188	500	150	50	200	100	6000	8540
8560	成年欢乐猪	856	5	9	0	0	1	10	694	300000	-1	-1	722	900000	662	250000	661	100000	724	5000	-1	-1	-1	-1	-1	-1	-1	-1	-1	-1	-1	-1	77012	1219	1031	656	844	656	846	930	972	1099	1269	100	100	200	100	500	6000	8560
8561	变异欢乐猪	856	5	9	1	0	1	10	694	300000	-1	-1	722	900000	662	250000	661	100000	724	5000	-1	-1	-1	-1	-1	-1	-1	-1	-1	-1	-1	-1	77012	1402	1186	755	970	755	846	930	972	1099	1269	100	100	200	100	500	6000	8560
8562	变异欢乐猪	856	5	9	1	0	1	10	694	300000	-1	-1	722	900000	662	250000	661	100000	724	5000	-1	-1	-1	-1	-1	-1	-1	-1	-1	-1	-1	-1	77012	1585	1341	853	1097	853	846	930	972	1099	1269	100	100	200	100	500	6000	8560
8569	欢乐猪宝宝	856	5	9	0	1	1	10	694	300000	-1	-1	722	900000	662	250000	661	100000	724	5000	-1	-1	-1	-1	-1	-1	-1	-1	-1	-1	-1	-1	77012	1219	1031	656	844	656	846	930	972	1099	1269	100	100	200	100	500	6000	8560
8570	成年欢乐猪	857	45	9	0	0	1	10	694	350000	-1	-1	722	900000	662	300000	661	150000	724	7500	-1	-1	-1	-1	-1	-1	-1	-1	-1	-1	-1	-1	80604	1272	1076	685	881	685	948	1042	1090	1232	1422	100	100	200	100	500	6000	8570
8571	变异欢乐猪	857	45	9	1	0	1	10	694	350000	-1	-1	722	900000	662	300000	661	150000	724	7500	-1	-1	-1	-1	-1	-1	-1	-1	-1	-1	-1	-1	80604	1399	1184	753	969	753	948	1042	1090	1232	1422	100	100	200	100	500	6000	8570
8572	变异欢乐猪	857	45	9	1	0	1	10	694	350000	-1	-1	722	900000	662	300000	661	150000	724	7500	-1	-1	-1	-1	-1	-1	-1	-1	-1	-1	-1	-1	80604	1527	1292	822	1057	822	948	1042	1090	1232	1422	100	100	200	100	500	6000	8570
8573	变异欢乐猪	857	45	9	1	0	1	10	694	350000	-1	-1	722	900000	662	300000	661	150000	724	7500	-1	-1	-1	-1	-1	-1	-1	-1	-1	-1	-1	-1	80604	1654	1399	890	1145	890	948	1042	1090	1232	1422	100	100	200	100	500	6000	8570
8579	欢乐猪宝宝	857	45	9	0	1	1	10	694	350000	-1	-1	722	900000	662	300000	661	150000	724	7500	-1	-1	-1	-1	-1	-1	-1	-1	-1	-1	-1	-1	80604	1272	1076	685	881	685	948	1042	1090	1232	1422	100	100	200	100	500	6000	8570
8580	成年欢乐猪	858	55	9	0	0	1	10	694	400000	-1	-1	722	900000	662	350000	661	200000	724	10000	-1	-1	-1	-1	-1	-1	-1	-1	-1	-1	-1	-1	84195	1326	1122	714	918	714	1051	1156	1208	1366	1576	100	100	200	100	500	6000	8580
8581	变异欢乐猪	858	55	9	1	0	1	10	694	400000	-1	-1	722	900000	662	350000	661	200000	724	10000	-1	-1	-1	-1	-1	-1	-1	-1	-1	-1	-1	-1	84195	1425	1206	767	986	767	1051	1156	1208	1366	1576	100	100	200	100	500	6000	8580
8582	变异欢乐猪	858	55	9	1	0	1	10	694	400000	-1	-1	722	900000	662	350000	661	200000	724	10000	-1	-1	-1	-1	-1	-1	-1	-1	-1	-1	-1	-1	84195	1524	1290	821	1055	821	1051	1156	1208	1366	1576	100	100	200	100	500	6000	8580
8583	变异欢乐猪	858	55	9	1	0	1	10	694	400000	-1	-1	722	900000	662	350000	661	200000	724	10000	-1	-1	-1	-1	-1	-1	-1	-1	-1	-1	-1	-1	84195	1624	1374	874	1124	874	1051	1156	1208	1366	1576	100	100	200	100	500	6000	8580
8584	变异欢乐猪	858	55	9	1	0	1	10	694	400000	-1	-1	722	900000	662	350000	661	200000	724	10000	-1	-1	-1	-1	-1	-1	-1	-1	-1	-1	-1	-1	84195	1723	1458	928	1193	928	1051	1156	1208	1366	1576	100	100	200	100	500	6000	8580
8589	欢乐猪宝宝	858	55	9	0	1	1	10	694	400000	-1	-1	722	900000	662	350000	661	200000	724	10000	-1	-1	-1	-1	-1	-1	-1	-1	-1	-1	-1	-1	84195	1326	1122	714	918	714	1051	1156	1208	1366	1576	100	100	200	100	500	6000	8580
8590	成年欢乐猪	859	65	9	0	0	1	10	694	450000	-1	-1	722	900000	662	400000	661	250000	724	12500	-1	-1	-1	-1	-1	-1	-1	-1	-1	-1	-1	-1	87787	1379	1167	742	954	742	1153	1268	1325	1498	1729	100	100	200	100	500	6000	8590
8591	变异欢乐猪	859	65	9	1	0	1	10	694	450000	-1	-1	722	900000	662	400000	661	250000	724	12500	-1	-1	-1	-1	-1	-1	-1	-1	-1	-1	-1	-1	87787	1462	1237	787	1012	787	1153	1268	1325	1498	1729	100	100	200	100	500	6000	8590
8592	变异欢乐猪	859	65	9	1	0	1	10	694	450000	-1	-1	722	900000	662	400000	661	250000	724	12500	-1	-1	-1	-1	-1	-1	-1	-1	-1	-1	-1	-1	87787	1544	1307	831	1069	831	1153	1268	1325	1498	1729	100	100	200	100	500	6000	8590
8593	变异欢乐猪	859	65	9	1	0	1	10	694	450000	-1	-1	722	900000	662	400000	661	250000	724	12500	-1	-1	-1	-1	-1	-1	-1	-1	-1	-1	-1	-1	87787	1627	1377	876	1126	876	1153	1268	1325	1498	1729	100	100	200	100	500	6000	8590
8594	变异欢乐猪	859	65	9	1	0	1	10	694	450000	-1	-1	722	900000	662	400000	661	250000	724	12500	-1	-1	-1	-1	-1	-1	-1	-1	-1	-1	-1	-1	87787	1710	1447	920	1184	920	1153	1268	1325	1498	1729	100	100	200	100	500	6000	8590
8595	变异欢乐猪	859	65	9	1	0	1	10	694	450000	-1	-1	722	900000	662	400000	661	250000	724	12500	-1	-1	-1	-1	-1	-1	-1	-1	-1	-1	-1	-1	87787	1793	1517	965	1241	965	1153	1268	1325	1498	1729	100	100	200	100	500	6000	8590
8599	欢乐猪宝宝	859	65	9	0	1	1	10	694	450000	-1	-1	722	900000	662	400000	661	250000	724	12500	-1	-1	-1	-1	-1	-1	-1	-1	-1	-1	-1	-1	87787	1379	1167	742	954	742	1153	1268	1325	1498	1729	100	100	200	100	500	6000	8590
8600	成年欢乐猪	860	75	9	0	0	1	10	694	500000	-1	-1	722	900000	662	450000	661	300000	724	15000	-1	-1	-1	-1	-1	-1	-1	-1	-1	-1	-1	-1	91379	1432	1212	771	991	771	1255	1380	1443	1631	1882	100	100	200	100	500	6000	8600
8601	变异欢乐猪	860	75	9	1	0	1	10	694	500000	-1	-1	722	900000	662	450000	661	300000	724	15000	-1	-1	-1	-1	-1	-1	-1	-1	-1	-1	-1	-1	91379	1504	1272	809	1041	809	1255	1380	1443	1631	1882	100	100	200	100	500	6000	8600
8602	变异欢乐猪	860	75	9	1	0	1	10	694	500000	-1	-1	722	900000	662	450000	661	300000	724	15000	-1	-1	-1	-1	-1	-1	-1	-1	-1	-1	-1	-1	91379	1575	1333	848	1090	848	1255	1380	1443	1631	1882	100	100	200	100	500	6000	8600
8603	变异欢乐猪	860	75	9	1	0	1	10	694	500000	-1	-1	722	900000	662	450000	661	300000	724	15000	-1	-1	-1	-1	-1	-1	-1	-1	-1	-1	-1	-1	91379	1647	1394	887	1140	887	1255	1380	1443	1631	1882	100	100	200	100	500	6000	8600
8604	变异欢乐猪	860	75	9	1	0	1	10	694	500000	-1	-1	722	900000	662	450000	661	300000	724	15000	-1	-1	-1	-1	-1	-1	-1	-1	-1	-1	-1	-1	91379	1719	1454	925	1190	925	1255	1380	1443	1631	1882	100	100	200	100	500	6000	8600
8605	变异欢乐猪	860	75	9	1	0	1	10	694	500000	-1	-1	722	900000	662	450000	661	300000	724	15000	-1	-1	-1	-1	-1	-1	-1	-1	-1	-1	-1	-1	91379	1790	1515	964	1239	964	1255	1380	1443	1631	1882	100	100	200	100	500	6000	8600
8606	变异欢乐猪	860	75	9	1	0	1	10	694	500000	-1	-1	722	900000	662	450000	661	300000	724	15000	-1	-1	-1	-1	-1	-1	-1	-1	-1	-1	-1	-1	91379	1862	1575	1002	1289	1002	1255	1380	1443	1631	1882	100	100	200	100	500	6000	8600
8609	欢乐猪宝宝	860	75	9	0	1	1	10	694	500000	-1	-1	722	900000	662	450000	661	300000	724	15000	-1	-1	-1	-1	-1	-1	-1	-1	-1	-1	-1	-1	91379	1432	1212	771	991	771	1255	1380	1443	1631	1882	100	100	200	100	500	6000	8600
8610	成年欢乐猪	861	85	9	0	0	1	10	694	550000	-1	-1	722	900000	662	500000	661	350000	724	17500	-1	-1	-1	-1	-1	-1	-1	-1	-1	-1	-1	-1	94971	1484	1256	799	1027	799	1357	1492	1560	1764	2035	100	100	200	100	500	6000	8610
8611	变异欢乐猪	861	85	9	1	0	1	10	694	550000	-1	-1	722	900000	662	500000	661	350000	724	17500	-1	-1	-1	-1	-1	-1	-1	-1	-1	-1	-1	-1	94971	1548	1310	833	1071	833	1357	1492	1560	1764	2035	100	100	200	100	500	6000	8610
8612	变异欢乐猪	861	85	9	1	0	1	10	694	550000	-1	-1	722	900000	662	500000	661	350000	724	17500	-1	-1	-1	-1	-1	-1	-1	-1	-1	-1	-1	-1	94971	1611	1363	867	1115	867	1357	1492	1560	1764	2035	100	100	200	100	500	6000	8610
8613	变异欢乐猪	861	85	9	1	0	1	10	694	550000	-1	-1	722	900000	662	500000	661	350000	724	17500	-1	-1	-1	-1	-1	-1	-1	-1	-1	-1	-1	-1	94971	1675	1417	902	1159	902	1357	1492	1560	1764	2035	100	100	200	100	500	6000	8610
8614	变异欢乐猪	861	85	9	1	0	1	10	694	550000	-1	-1	722	900000	662	500000	661	350000	724	17500	-1	-1	-1	-1	-1	-1	-1	-1	-1	-1	-1	-1	94971	1739	1471	936	1203	936	1357	1492	1560	1764	2035	100	100	200	100	500	6000	8610
8615	变异欢乐猪	861	85	9	1	0	1	10	694	550000	-1	-1	722	900000	662	500000	661	350000	724	17500	-1	-1	-1	-1	-1	-1	-1	-1	-1	-1	-1	-1	94971	1802	1525	970	1248	970	1357	1492	1560	1764	2035	100	100	200	100	500	6000	8610
8616	变异欢乐猪	861	85	9	1	0	1	10	694	550000	-1	-1	722	900000	662	500000	661	350000	724	17500	-1	-1	-1	-1	-1	-1	-1	-1	-1	-1	-1	-1	94971	1866	1579	1004	1292	1004	1357	1492	1560	1764	2035	100	100	200	100	500	6000	8610
8617	变异欢乐猪	861	85	9	1	0	1	10	694	550000	-1	-1	722	900000	662	500000	661	350000	724	17500	-1	-1	-1	-1	-1	-1	-1	-1	-1	-1	-1	-1	94971	1929	1633	1039	1336	1039	1357	1492	1560	1764	2035	100	100	200	100	500	6000	8610
8619	欢乐猪宝宝	861	85	9	0	1	1	10	694	550000	-1	-1	722	900000	662	500000	661	350000	724	17500	-1	-1	-1	-1	-1	-1	-1	-1	-1	-1	-1	-1	94971	1484	1256	799	1027	799	1357	1492	1560	1764	2035	100	100	200	100	500	6000	8610
8620	成年欢乐猪	862	95	9	0	0	1	10	694	600000	-1	-1	722	900000	662	550000	661	400000	724	20000	-1	-1	-1	-1	-1	-1	-1	-1	-1	-1	-1	-1	98563	1537	1301	828	1064	828	1459	1604	1677	1896	2188	100	100	200	100	500	6000	8620
8621	变异欢乐猪	862	95	9	1	0	1	10	694	600000	-1	-1	722	900000	662	550000	661	400000	724	20000	-1	-1	-1	-1	-1	-1	-1	-1	-1	-1	-1	-1	98563	1595	1350	859	1104	859	1459	1604	1677	1896	2188	100	100	200	100	500	6000	8620
8622	变异欢乐猪	862	95	9	1	0	1	10	694	600000	-1	-1	722	900000	662	550000	661	400000	724	20000	-1	-1	-1	-1	-1	-1	-1	-1	-1	-1	-1	-1	98563	1653	1398	890	1144	890	1459	1604	1677	1896	2188	100	100	200	100	500	6000	8620
8623	变异欢乐猪	862	95	9	1	0	1	10	694	600000	-1	-1	722	900000	662	550000	661	400000	724	20000	-1	-1	-1	-1	-1	-1	-1	-1	-1	-1	-1	-1	98563	1710	1447	921	1184	921	1459	1604	1677	1896	2188	100	100	200	100	500	6000	8620
8624	变异欢乐猪	862	95	9	1	0	1	10	694	600000	-1	-1	722	900000	662	550000	661	400000	724	20000	-1	-1	-1	-1	-1	-1	-1	-1	-1	-1	-1	-1	98563	1768	1496	952	1224	952	1459	1604	1677	1896	2188	100	100	200	100	500	6000	8620
8625	变异欢乐猪	862	95	9	1	0	1	10	694	600000	-1	-1	722	900000	662	550000	661	400000	724	20000	-1	-1	-1	-1	-1	-1	-1	-1	-1	-1	-1	-1	98563	1826	1545	983	1264	983	1459	1604	1677	1896	2188	100	100	200	100	500	6000	8620
8626	变异欢乐猪	862	95	9	1	0	1	10	694	600000	-1	-1	722	900000	662	550000	661	400000	724	20000	-1	-1	-1	-1	-1	-1	-1	-1	-1	-1	-1	-1	98563	1883	1594	1014	1304	1014	1459	1604	1677	1896	2188	100	100	200	100	500	6000	8620
8627	变异欢乐猪	862	95	9	1	0	1	10	694	600000	-1	-1	722	900000	662	550000	661	400000	724	20000	-1	-1	-1	-1	-1	-1	-1	-1	-1	-1	-1	-1	98563	1941	1642	1045	1344	1045	1459	1604	1677	1896	2188	100	100	200	100	500	6000	8620
8628	变异欢乐猪	862	95	9	1	0	1	10	694	600000	-1	-1	722	900000	662	550000	661	400000	724	20000	-1	-1	-1	-1	-1	-1	-1	-1	-1	-1	-1	-1	98563	1999	1691	1076	1384	1076	1459	1604	1677	1896	2188	100	100	200	100	500	6000	8620
8629	欢乐猪宝宝	862	95	9	0	1	1	10	694	600000	-1	-1	722	900000	662	550000	661	400000	724	20000	-1	-1	-1	-1	-1	-1	-1	-1	-1	-1	-1	-1	98563	1537	1301	828	1064	828	1459	1604	1677	1896	2188	100	100	200	100	500	6000	8620
8630	成年火鬃妖鼠	863	55	9	0	0	1000	10	694	300000	-1	-1	703	800000	662	400000	659	200000	-1	-1	-1	-1	-1	-1	-1	-1	-1	-1	-1	-1	-1	-1	84195	1428	1020	510	918	714	1051	1156	1208	1366	1576	50	100	150	200	500	6000	8630
8631	变异火鬃妖鼠	863	55	9	1	0	1000	10	694	300000	-1	-1	703	800000	662	400000	659	200000	-1	-1	-1	-1	-1	-1	-1	-1	-1	-1	-1	-1	-1	-1	84195	1535	1096	548	986	767	1051	1156	1208	1366	1576	50	100	150	200	500	6000	8630
8632	变异火鬃妖鼠	863	55	9	1	0	1000	10	694	300000	-1	-1	703	800000	662	400000	659	200000	-1	-1	-1	-1	-1	-1	-1	-1	-1	-1	-1	-1	-1	-1	84195	1642	1173	586	1055	821	1051	1156	1208	1366	1576	50	100	150	200	500	6000	8630
8633	变异火鬃妖鼠	863	55	9	1	0	1000	10	694	300000	-1	-1	703	800000	662	400000	659	200000	-1	-1	-1	-1	-1	-1	-1	-1	-1	-1	-1	-1	-1	-1	84195	1749	1249	624	1124	874	1051	1156	1208	1366	1576	50	100	150	200	500	6000	8630
8634	变异火鬃妖鼠	863	55	9	1	0	1000	10	694	300000	-1	-1	703	800000	662	400000	659	200000	-1	-1	-1	-1	-1	-1	-1	-1	-1	-1	-1	-1	-1	-1	84195	1856	1326	663	1193	928	1051	1156	1208	1366	1576	50	100	150	200	500	6000	8630
8639	火鬃妖鼠宝宝	863	55	9	0	1	1000	10	694	300000	-1	-1	703	800000	662	400000	659	200000	-1	-1	-1	-1	-1	-1	-1	-1	-1	-1	-1	-1	-1	-1	84195	1428	1020	510	918	714	1051	1156	1208	1366	1576	50	100	150	200	500	6000	8630
8640	成年炎火妖鼠	864	75	9	0	0	1000	10	694	300000	-1	-1	703	800000	662	400000	659	200000	-1	-1	-1	-1	-1	-1	-1	-1	-1	-1	-1	-1	-1	-1	91379	1542	1102	551	991	771	1255	1380	1443	1631	1882	50	100	150	200	500	6000	8640
8641	变异炎火妖鼠	864	75	9	1	0	1000	10	694	300000	-1	-1	703	800000	662	400000	659	200000	-1	-1	-1	-1	-1	-1	-1	-1	-1	-1	-1	-1	-1	-1	91379	1619	1157	578	1041	809	1255	1380	1443	1631	1882	50	100	150	200	500	6000	8640
8642	变异炎火妖鼠	864	75	9	1	0	1000	10	694	300000	-1	-1	703	800000	662	400000	659	200000	-1	-1	-1	-1	-1	-1	-1	-1	-1	-1	-1	-1	-1	-1	91379	1697	1212	606	1090	848	1255	1380	1443	1631	1882	50	100	150	200	500	6000	8640
8643	变异炎火妖鼠	864	75	9	1	0	1000	10	694	300000	-1	-1	703	800000	662	400000	659	200000	-1	-1	-1	-1	-1	-1	-1	-1	-1	-1	-1	-1	-1	-1	91379	1774	1267	633	1140	887	1255	1380	1443	1631	1882	50	100	150	200	500	6000	8640
8644	变异炎火妖鼠	864	75	9	1	0	1000	10	694	300000	-1	-1	703	800000	662	400000	659	200000	-1	-1	-1	-1	-1	-1	-1	-1	-1	-1	-1	-1	-1	-1	91379	1851	1322	661	1190	925	1255	1380	1443	1631	1882	50	100	150	200	500	6000	8640
8645	变异炎火妖鼠	864	75	9	1	0	1000	10	694	300000	-1	-1	703	800000	662	400000	659	200000	-1	-1	-1	-1	-1	-1	-1	-1	-1	-1	-1	-1	-1	-1	91379	1928	1377	688	1239	964	1255	1380	1443	1631	1882	50	100	150	200	500	6000	8640
8646	变异炎火妖鼠	864	75	9	1	0	1000	10	694	300000	-1	-1	703	800000	662	400000	659	200000	-1	-1	-1	-1	-1	-1	-1	-1	-1	-1	-1	-1	-1	-1	91379	2005	1432	716	1289	1002	1255	1380	1443	1631	1882	50	100	150	200	500	6000	8640
8649	炎火妖鼠宝宝	864	75	9	0	1	1000	10	694	300000	-1	-1	703	800000	662	400000	659	200000	-1	-1	-1	-1	-1	-1	-1	-1	-1	-1	-1	-1	-1	-1	91379	1542	1102	551	991	771	1255	1380	1443	1631	1882	50	100	150	200	500	6000	8640
8650	成年玄翼魔兽	865	65	9	0	0	1000	10	698	300000	-1	-1	705	800000	734	400000	660	200000	-1	-1	-1	-1	-1	-1	-1	-1	-1	-1	-1	-1	-1	-1	87787	530	795	1496	848	1061	1153	1268	1325	1498	1729	500	200	150	100	50	6000	8650
8651	变异玄翼魔兽	865	65	9	1	0	1000	10	698	300000	-1	-1	705	800000	734	400000	660	200000	-1	-1	-1	-1	-1	-1	-1	-1	-1	-1	-1	-1	-1	-1	87787	562	843	1585	899	1124	1153	1268	1325	1498	1729	500	200	150	100	50	6000	8650
8652	变异玄翼魔兽	865	65	9	1	0	1000	10	698	300000	-1	-1	705	800000	734	400000	660	200000	-1	-1	-1	-1	-1	-1	-1	-1	-1	-1	-1	-1	-1	-1	87787	594	891	1675	950	1188	1153	1268	1325	1498	1729	500	200	150	100	50	6000	8650
8653	变异玄翼魔兽	865	65	9	1	0	1000	10	698	300000	-1	-1	705	800000	734	400000	660	200000	-1	-1	-1	-1	-1	-1	-1	-1	-1	-1	-1	-1	-1	-1	87787	625	938	1765	1001	1251	1153	1268	1325	1498	1729	500	200	150	100	50	6000	8650
8654	变异玄翼魔兽	865	65	9	1	0	1000	10	698	300000	-1	-1	705	800000	734	400000	660	200000	-1	-1	-1	-1	-1	-1	-1	-1	-1	-1	-1	-1	-1	-1	87787	657	986	1855	1052	1315	1153	1268	1325	1498	1729	500	200	150	100	50	6000	8650
8655	变异玄翼魔兽	865	65	9	1	0	1000	10	698	300000	-1	-1	705	800000	734	400000	660	200000	-1	-1	-1	-1	-1	-1	-1	-1	-1	-1	-1	-1	-1	-1	87787	689	1034	1944	1103	1379	1153	1268	1325	1498	1729	500	200	150	100	50	6000	8650
8659	玄翼魔兽宝宝	865	65	9	0	1	1000	10	698	300000	-1	-1	705	800000	734	400000	660	200000	-1	-1	-1	-1	-1	-1	-1	-1	-1	-1	-1	-1	-1	-1	87787	530	795	1496	848	1061	1153	1268	1325	1498	1729	500	200	150	100	50	6000	8650
8660	成年蚩玄魔兽	866	75	9	0	0	1000	10	698	300000	-1	-1	705	800000	734	400000	660	200000	-1	-1	-1	-1	-1	-1	-1	-1	-1	-1	-1	-1	-1	-1	91379	551	826	1553	881	1102	1255	1380	1443	1631	1882	500	200	150	100	50	6000	8660
8661	变异蚩玄魔兽	866	75	9	1	0	1000	10	698	300000	-1	-1	705	800000	734	400000	660	200000	-1	-1	-1	-1	-1	-1	-1	-1	-1	-1	-1	-1	-1	-1	91379	578	867	1631	925	1157	1255	1380	1443	1631	1882	500	200	150	100	50	6000	8660
8662	变异蚩玄魔兽	866	75	9	1	0	1000	10	698	300000	-1	-1	705	800000	734	400000	660	200000	-1	-1	-1	-1	-1	-1	-1	-1	-1	-1	-1	-1	-1	-1	91379	606	909	1709	969	1212	1255	1380	1443	1631	1882	500	200	150	100	50	6000	8660
8663	变异蚩玄魔兽	866	75	9	1	0	1000	10	698	300000	-1	-1	705	800000	734	400000	660	200000	-1	-1	-1	-1	-1	-1	-1	-1	-1	-1	-1	-1	-1	-1	91379	633	950	1786	1013	1267	1255	1380	1443	1631	1882	500	200	150	100	50	6000	8660
8664	变异蚩玄魔兽	866	75	9	1	0	1000	10	698	300000	-1	-1	705	800000	734	400000	660	200000	-1	-1	-1	-1	-1	-1	-1	-1	-1	-1	-1	-1	-1	-1	91379	661	991	1864	1057	1322	1255	1380	1443	1631	1882	500	200	150	100	50	6000	8660
8665	变异蚩玄魔兽	866	75	9	1	0	1000	10	698	300000	-1	-1	705	800000	734	400000	660	200000	-1	-1	-1	-1	-1	-1	-1	-1	-1	-1	-1	-1	-1	-1	91379	688	1033	1942	1102	1377	1255	1380	1443	1631	1882	500	200	150	100	50	6000	8660
8666	变异蚩玄魔兽	866	75	9	1	0	1000	10	698	300000	-1	-1	705	800000	734	400000	660	200000	-1	-1	-1	-1	-1	-1	-1	-1	-1	-1	-1	-1	-1	-1	91379	716	1074	2019	1146	1432	1255	1380	1443	1631	1882	500	200	150	100	50	6000	8660
8669	蚩玄魔兽宝宝	866	75	9	0	1	1000	10	698	300000	-1	-1	705	800000	734	400000	660	200000	-1	-1	-1	-1	-1	-1	-1	-1	-1	-1	-1	-1	-1	-1	91379	551	826	1553	881	1102	1255	1380	1443	1631	1882	500	200	150	100	50	6000	8660
8670	成年珍奇鼠	867	65	9	0	0	1	10	692	300000	-1	-1	726	800000	730	400000	662	200000	-1	-1	-1	-1	-1	-1	-1	-1	-1	-1	-1	-1	-1	-1	91379	1102	1102	1102	1102	1102	1255	1380	1443	1631	1882	100	500	50	150	200	6000	8670
8671	变异珍奇鼠	867	65	9	1	0	1	10	692	300000	-1	-1	726	800000	730	400000	662	200000	-1	-1	-1	-1	-1	-1	-1	-1	-1	-1	-1	-1	-1	-1	91379	1157	1157	1157	1157	1157	1255	1380	1443	1631	1882	100	500	50	150	200	6000	8670
8672	变异珍奇鼠	867	65	9	1	0	1	10	692	300000	-1	-1	726	800000	730	400000	662	200000	-1	-1	-1	-1	-1	-1	-1	-1	-1	-1	-1	-1	-1	-1	91379	1212	1212	1212	1212	1212	1255	1380	1443	1631	1882	100	500	50	150	200	6000	8670
8673	变异珍奇鼠	867	65	9	1	0	1	10	692	300000	-1	-1	726	800000	730	400000	662	200000	-1	-1	-1	-1	-1	-1	-1	-1	-1	-1	-1	-1	-1	-1	91379	1267	1267	1267	1267	1267	1255	1380	1443	1631	1882	100	500	50	150	200	6000	8670
8674	变异珍奇鼠	867	65	9	1	0	1	10	692	300000	-1	-1	726	800000	730	400000	662	200000	-1	-1	-1	-1	-1	-1	-1	-1	-1	-1	-1	-1	-1	-1	91379	1322	1322	1322	1322	1322	1255	1380	1443	1631	1882	100	500	50	150	200	6000	8670
8675	变异珍奇鼠	867	65	9	1	0	1	10	692	300000	-1	-1	726	800000	730	400000	662	200000	-1	-1	-1	-1	-1	-1	-1	-1	-1	-1	-1	-1	-1	-1	91379	1377	1377	1377	1377	1377	1255	1380	1443	1631	1882	100	500	50	150	200	6000	8670
8679	珍奇鼠宝宝	867	65	9	0	1	1	10	692	300000	-1	-1	726	800000	730	400000	662	200000	-1	-1	-1	-1	-1	-1	-1	-1	-1	-1	-1	-1	-1	-1	91379	1102	1102	1102	1102	1102	1255	1380	1443	1631	1882	100	500	50	150	200	6000	8670
8680	成年麒麟	868	75	9	0	0	100	10	700	300000	-1	-1	728	800000	660	400000	668	200000	-1	-1	-1	-1	-1	-1	-1	-1	-1	-1	-1	-1	-1	-1	91379	551	826	1553	881	1102	1255	1380	1443	1631	1882	500	200	150	100	50	6000	8680
8681	变异麒麟	868	75	9	1	0	100	10	700	300000	-1	-1	728	800000	660	400000	668	200000	-1	-1	-1	-1	-1	-1	-1	-1	-1	-1	-1	-1	-1	-1	91379	578	867	1631	925	1157	1255	1380	1443	1631	1882	500	200	150	100	50	6000	8680
8682	变异麒麟	868	75	9	1	0	100	10	700	300000	-1	-1	728	800000	660	400000	668	200000	-1	-1	-1	-1	-1	-1	-1	-1	-1	-1	-1	-1	-1	-1	91379	606	909	1709	969	1212	1255	1380	1443	1631	1882	500	200	150	100	50	6000	8680
8683	变异麒麟	868	75	9	1	0	100	10	700	300000	-1	-1	728	800000	660	400000	668	200000	-1	-1	-1	-1	-1	-1	-1	-1	-1	-1	-1	-1	-1	-1	91379	633	950	1786	1013	1267	1255	1380	1443	1631	1882	500	200	150	100	50	6000	8680
8684	变异麒麟	868	75	9	1	0	100	10	700	300000	-1	-1	728	800000	660	400000	668	200000	-1	-1	-1	-1	-1	-1	-1	-1	-1	-1	-1	-1	-1	-1	91379	661	991	1864	1057	1322	1255	1380	1443	1631	1882	500	200	150	100	50	6000	8680
8685	变异麒麟	868	75	9	1	0	100	10	700	300000	-1	-1	728	800000	660	400000	668	200000	-1	-1	-1	-1	-1	-1	-1	-1	-1	-1	-1	-1	-1	-1	91379	688	1033	1942	1102	1377	1255	1380	1443	1631	1882	500	200	150	100	50	6000	8680
8686	变异麒麟	868	75	9	1	0	100	10	700	300000	-1	-1	728	800000	660	400000	668	200000	-1	-1	-1	-1	-1	-1	-1	-1	-1	-1	-1	-1	-1	-1	91379	716	1074	2019	1146	1432	1255	1380	1443	1631	1882	500	200	150	100	50	6000	8680
8689	麒麟宝宝	868	75	9	0	1	100	10	700	300000	-1	-1	728	800000	660	400000	668	200000	-1	-1	-1	-1	-1	-1	-1	-1	-1	-1	-1	-1	-1	-1	91379	551	826	1553	881	1102	1255	1380	1443	1631	1882	500	200	150	100	50	6000	8680
8690	成年吉祥猫	869	85	9	0	0	1000	10	698	450000	-1	-1	728	900000	712	500000	724	450000	-1	-1	-1	-1	-1	-1	-1	-1	-1	-1	-1	-1	-1	-1	94971	799	913	1484	913	1256	1357	1492	1560	1764	2035	500	200	100	150	50	6000	8690
8691	变异吉祥猫	869	85	9	1	0	1000	10	698	450000	-1	-1	728	900000	712	500000	724	450000	-1	-1	-1	-1	-1	-1	-1	-1	-1	-1	-1	-1	-1	-1	94971	833	952	1548	952	1310	1357	1492	1560	1764	2035	500	200	100	150	50	6000	8690
8692	变异吉祥猫	869	85	9	1	0	1000	10	698	450000	-1	-1	728	900000	712	500000	724	450000	-1	-1	-1	-1	-1	-1	-1	-1	-1	-1	-1	-1	-1	-1	94971	867	991	1611	991	1363	1357	1492	1560	1764	2035	500	200	100	150	50	6000	8690
8693	变异吉祥猫	869	85	9	1	0	1000	10	698	450000	-1	-1	728	900000	712	500000	724	450000	-1	-1	-1	-1	-1	-1	-1	-1	-1	-1	-1	-1	-1	-1	94971	902	1031	1675	1031	1417	1357	1492	1560	1764	2035	500	200	100	150	50	6000	8690
8694	变异吉祥猫	869	85	9	1	0	1000	10	698	450000	-1	-1	728	900000	712	500000	724	450000	-1	-1	-1	-1	-1	-1	-1	-1	-1	-1	-1	-1	-1	-1	94971	936	1070	1739	1070	1471	1357	1492	1560	1764	2035	500	200	100	150	50	6000	8690
8695	变异吉祥猫	869	85	9	1	0	1000	10	698	450000	-1	-1	728	900000	712	500000	724	450000	-1	-1	-1	-1	-1	-1	-1	-1	-1	-1	-1	-1	-1	-1	94971	970	1109	1802	1109	1525	1357	1492	1560	1764	2035	500	200	100	150	50	6000	8690
8696	变异吉祥猫	869	85	9	1	0	1000	10	698	450000	-1	-1	728	900000	712	500000	724	450000	-1	-1	-1	-1	-1	-1	-1	-1	-1	-1	-1	-1	-1	-1	94971	1004	1148	1866	1148	1579	1357	1492	1560	1764	2035	500	200	100	150	50	6000	8690
8697	变异吉祥猫	869	85	9	1	0	1000	10	698	450000	-1	-1	728	900000	712	500000	724	450000	-1	-1	-1	-1	-1	-1	-1	-1	-1	-1	-1	-1	-1	-1	94971	1039	1187	1929	1187	1633	1357	1492	1560	1764	2035	500	200	100	150	50	6000	8690
8699	吉祥猫宝宝	869	85	9	0	1	1000	10	698	450000	-1	-1	728	900000	712	500000	724	450000	-1	-1	-1	-1	-1	-1	-1	-1	-1	-1	-1	-1	-1	-1	94971	799	913	1484	913	1256	1357	1492	1560	1764	2035	500	200	100	150	50	6000	8690
8700	成年珍奇鼠	870	5	9	0	0	1	10	692	150000	-1	-1	726	800000	730	250000	662	50000	-1	-1	-1	-1	-1	-1	-1	-1	-1	-1	-1	-1	-1	-1	80604	979	979	979	979	979	948	1042	1090	1232	1422	100	500	50	150	200	6000	8700
8701	变异珍奇鼠	870	5	9	1	0	1	10	692	150000	-1	-1	726	800000	730	250000	662	50000	-1	-1	-1	-1	-1	-1	-1	-1	-1	-1	-1	-1	-1	-1	80604	1076	1076	1076	1076	1076	948	1042	1090	1232	1422	100	500	50	150	200	6000	8700
8702	变异珍奇鼠	870	5	9	1	0	1	10	692	150000	-1	-1	726	800000	730	250000	662	50000	-1	-1	-1	-1	-1	-1	-1	-1	-1	-1	-1	-1	-1	-1	80604	1174	1174	1174	1174	1174	948	1042	1090	1232	1422	100	500	50	150	200	6000	8700
8709	珍奇鼠宝宝	870	5	9	0	1	1	10	692	150000	-1	-1	726	800000	730	250000	662	50000	-1	-1	-1	-1	-1	-1	-1	-1	-1	-1	-1	-1	-1	-1	80604	979	979	979	979	979	948	1042	1090	1232	1422	100	500	50	150	200	6000	8700
8710	成年珍奇鼠	871	45	9	0	0	1	10	692	200000	-1	-1	726	800000	730	300000	662	100000	-1	-1	-1	-1	-1	-1	-1	-1	-1	-1	-1	-1	-1	-1	84195	1020	1020	1020	1020	1020	1051	1156	1208	1366	1576	100	500	50	150	200	6000	8710
8711	变异珍奇鼠	871	45	9	1	0	1	10	692	200000	-1	-1	726	800000	730	300000	662	100000	-1	-1	-1	-1	-1	-1	-1	-1	-1	-1	-1	-1	-1	-1	84195	1096	1096	1096	1096	1096	1051	1156	1208	1366	1576	100	500	50	150	200	6000	8710
8712	变异珍奇鼠	871	45	9	1	0	1	10	692	200000	-1	-1	726	800000	730	300000	662	100000	-1	-1	-1	-1	-1	-1	-1	-1	-1	-1	-1	-1	-1	-1	84195	1173	1173	1173	1173	1173	1051	1156	1208	1366	1576	100	500	50	150	200	6000	8710
8713	变异珍奇鼠	871	45	9	1	0	1	10	692	200000	-1	-1	726	800000	730	300000	662	100000	-1	-1	-1	-1	-1	-1	-1	-1	-1	-1	-1	-1	-1	-1	84195	1249	1249	1249	1249	1249	1051	1156	1208	1366	1576	100	500	50	150	200	6000	8710
8719	珍奇鼠宝宝	871	45	9	0	1	1	10	692	250000	-1	-1	726	800000	730	350000	662	100000	-1	-1	-1	-1	-1	-1	-1	-1	-1	-1	-1	-1	-1	-1	84195	1020	1020	1020	1020	1020	1051	1156	1208	1366	1576	100	500	50	150	200	6000	8710
8720	成年珍奇鼠	872	55	9	0	0	1	10	692	250000	-1	-1	726	800000	730	350000	662	150000	-1	-1	-1	-1	-1	-1	-1	-1	-1	-1	-1	-1	-1	-1	87787	1061	1061	1061	1061	1061	1153	1268	1325	1498	1729	100	500	50	150	200	6000	8720
8721	变异珍奇鼠	872	55	9	1	0	1	10	692	250000	-1	-1	726	800000	730	350000	662	150000	-1	-1	-1	-1	-1	-1	-1	-1	-1	-1	-1	-1	-1	-1	87787	1124	1124	1124	1124	1124	1153	1268	1325	1498	1729	100	500	50	150	200	6000	8720
8722	变异珍奇鼠	872	55	9	1	0	1	10	692	250000	-1	-1	726	800000	730	350000	662	150000	-1	-1	-1	-1	-1	-1	-1	-1	-1	-1	-1	-1	-1	-1	87787	1188	1188	1188	1188	1188	1153	1268	1325	1498	1729	100	500	50	150	200	6000	8720
8723	变异珍奇鼠	872	55	9	1	0	1	10	692	250000	-1	-1	726	800000	730	350000	662	150000	-1	-1	-1	-1	-1	-1	-1	-1	-1	-1	-1	-1	-1	-1	87787	1251	1251	1251	1251	1251	1153	1268	1325	1498	1729	100	500	50	150	200	6000	8720
8724	变异珍奇鼠	872	55	9	1	0	1	10	692	250000	-1	-1	726	800000	730	350000	662	150000	-1	-1	-1	-1	-1	-1	-1	-1	-1	-1	-1	-1	-1	-1	87787	1315	1315	1315	1315	1315	1153	1268	1325	1498	1729	100	500	50	150	200	6000	8720
8729	珍奇鼠宝宝	872	55	9	0	1	1	10	692	250000	-1	-1	726	800000	730	350000	662	150000	-1	-1	-1	-1	-1	-1	-1	-1	-1	-1	-1	-1	-1	-1	87787	1061	1061	1061	1061	1061	1153	1268	1325	1498	1729	100	500	50	150	200	6000	8720
8730	成年魔牙暴龙	873	85	9	0	0	1000	10	694	500000	-1	-1	722	900000	706	450000	661	300000	-1	-1	-1	-1	-1	-1	-1	-1	-1	-1	-1	-1	-1	-1	94971	1598	1142	571	1027	799	1357	1492	1560	1764	2035	50	100	150	200	500	6000	8730
8731	变异魔牙暴龙	873	85	9	1	0	1000	10	694	500000	-1	-1	722	900000	706	450000	661	300000	-1	-1	-1	-1	-1	-1	-1	-1	-1	-1	-1	-1	-1	-1	94971	1667	1190	595	1071	833	1357	1492	1560	1764	2035	50	100	150	200	500	6000	8730
8732	变异魔牙暴龙	873	85	9	1	0	1000	10	694	500000	-1	-1	722	900000	706	450000	661	300000	-1	-1	-1	-1	-1	-1	-1	-1	-1	-1	-1	-1	-1	-1	94971	1735	1239	619	1115	867	1357	1492	1560	1764	2035	50	100	150	200	500	6000	8730
8733	变异魔牙暴龙	873	85	9	1	0	1000	10	694	500000	-1	-1	722	900000	706	450000	661	300000	-1	-1	-1	-1	-1	-1	-1	-1	-1	-1	-1	-1	-1	-1	94971	1804	1288	644	1159	902	1357	1492	1560	1764	2035	50	100	150	200	500	6000	8730
8734	变异魔牙暴龙	873	85	9	1	0	1000	10	694	500000	-1	-1	722	900000	706	450000	661	300000	-1	-1	-1	-1	-1	-1	-1	-1	-1	-1	-1	-1	-1	-1	94971	1872	1337	668	1203	936	1357	1492	1560	1764	2035	50	100	150	200	500	6000	8730
8735	变异魔牙暴龙	873	85	9	1	0	1000	10	694	500000	-1	-1	722	900000	706	450000	661	300000	-1	-1	-1	-1	-1	-1	-1	-1	-1	-1	-1	-1	-1	-1	94971	1941	1386	693	1248	970	1357	1492	1560	1764	2035	50	100	150	200	500	6000	8730
8736	变异魔牙暴龙	873	85	9	1	0	1000	10	694	500000	-1	-1	722	900000	706	450000	661	300000	-1	-1	-1	-1	-1	-1	-1	-1	-1	-1	-1	-1	-1	-1	94971	2009	1435	717	1292	1004	1357	1492	1560	1764	2035	50	100	150	200	500	6000	8730
8737	变异魔牙暴龙	873	85	9	1	0	1000	10	694	500000	-1	-1	722	900000	706	450000	661	300000	-1	-1	-1	-1	-1	-1	-1	-1	-1	-1	-1	-1	-1	-1	94971	2078	1484	742	1336	1039	1357	1492	1560	1764	2035	50	100	150	200	500	6000	8730
8739	魔牙暴龙宝宝	873	85	9	0	1	1000	10	694	500000	-1	-1	722	900000	706	450000	661	300000	-1	-1	-1	-1	-1	-1	-1	-1	-1	-1	-1	-1	-1	-1	94971	1598	1142	571	1027	799	1357	1492	1560	1764	2035	50	100	150	200	500	6000	8730
8740	成年唐装鼠	874	5	9	0	0	1	10	694	300000	-1	-1	722	900000	662	250000	661	100000	655	50000	-1	-1	-1	-1	-1	-1	-1	-1	-1	-1	-1	-1	77012	1219	1031	656	844	656	846	930	972	1099	1269	500	100	200	100	100	6000	8740
8741	变异唐装鼠	874	5	9	1	0	1	10	694	300000	-1	-1	722	900000	662	250000	661	100000	655	50000	-1	-1	-1	-1	-1	-1	-1	-1	-1	-1	-1	-1	77012	1402	1186	755	970	755	846	930	972	1099	1269	500	100	200	100	100	6000	8740
8742	变异唐装鼠	874	5	9	1	0	1	10	694	300000	-1	-1	722	900000	662	250000	661	100000	655	50000	-1	-1	-1	-1	-1	-1	-1	-1	-1	-1	-1	-1	77012	1585	1341	853	1097	853	846	930	972	1099	1269	500	100	200	100	100	6000	8740
8749	唐装鼠宝宝	874	5	9	0	1	1	10	694	300000	-1	-1	722	900000	662	250000	661	100000	655	50000	-1	-1	-1	-1	-1	-1	-1	-1	-1	-1	-1	-1	77012	1219	1031	656	844	656	846	930	972	1099	1269	500	100	200	100	100	6000	8740
8750	成年唐装鼠	875	45	9	0	0	1	10	694	350000	-1	-1	722	900000	662	300000	661	150000	655	100000	-1	-1	-1	-1	-1	-1	-1	-1	-1	-1	-1	-1	80604	1272	1076	685	881	685	948	1042	1090	1232	1422	500	100	200	100	100	6000	8750
8751	变异唐装鼠	875	45	9	1	0	1	10	694	350000	-1	-1	722	900000	662	300000	661	150000	655	100000	-1	-1	-1	-1	-1	-1	-1	-1	-1	-1	-1	-1	80604	1399	1184	753	969	753	948	1042	1090	1232	1422	500	100	200	100	100	6000	8750
8752	变异唐装鼠	875	45	9	1	0	1	10	694	350000	-1	-1	722	900000	662	300000	661	150000	655	100000	-1	-1	-1	-1	-1	-1	-1	-1	-1	-1	-1	-1	80604	1527	1292	822	1057	822	948	1042	1090	1232	1422	500	100	200	100	100	6000	8750
8753	变异唐装鼠	875	45	9	1	0	1	10	694	350000	-1	-1	722	900000	662	300000	661	150000	655	100000	-1	-1	-1	-1	-1	-1	-1	-1	-1	-1	-1	-1	80604	1654	1399	890	1145	890	948	1042	1090	1232	1422	500	100	200	100	100	6000	8750
8759	唐装鼠宝宝	875	45	9	0	1	1	10	694	350000	-1	-1	722	900000	662	300000	661	150000	655	100000	-1	-1	-1	-1	-1	-1	-1	-1	-1	-1	-1	-1	80604	1272	1076	685	881	685	948	1042	1090	1232	1422	500	100	200	100	100	6000	8750
8760	成年唐装鼠	876	55	9	0	0	1	10	694	400000	-1	-1	722	900000	662	350000	661	200000	655	150000	-1	-1	-1	-1	-1	-1	-1	-1	-1	-1	-1	-1	84195	1326	1122	714	918	714	1051	1156	1208	1366	1576	500	100	200	100	100	6000	8760
8761	变异唐装鼠	876	55	9	1	0	1	10	694	400000	-1	-1	722	900000	662	350000	661	200000	655	150000	-1	-1	-1	-1	-1	-1	-1	-1	-1	-1	-1	-1	84195	1425	1206	767	986	767	1051	1156	1208	1366	1576	500	100	200	100	100	6000	8760
8762	变异唐装鼠	876	55	9	1	0	1	10	694	400000	-1	-1	722	900000	662	350000	661	200000	655	150000	-1	-1	-1	-1	-1	-1	-1	-1	-1	-1	-1	-1	84195	1524	1290	821	1055	821	1051	1156	1208	1366	1576	500	100	200	100	100	6000	8760
8763	变异唐装鼠	876	55	9	1	0	1	10	694	400000	-1	-1	722	900000	662	350000	661	200000	655	150000	-1	-1	-1	-1	-1	-1	-1	-1	-1	-1	-1	-1	84195	1624	1374	874	1124	874	1051	1156	1208	1366	1576	500	100	200	100	100	6000	8760
8764	变异唐装鼠	876	55	9	1	0	1	10	694	400000	-1	-1	722	900000	662	350000	661	200000	655	150000	-1	-1	-1	-1	-1	-1	-1	-1	-1	-1	-1	-1	84195	1723	1458	928	1193	928	1051	1156	1208	1366	1576	500	100	200	100	100	6000	8760
8769	唐装鼠宝宝	876	55	9	0	1	1	10	694	400000	-1	-1	722	900000	662	350000	661	200000	655	150000	-1	-1	-1	-1	-1	-1	-1	-1	-1	-1	-1	-1	84195	1326	1122	714	918	714	1051	1156	1208	1366	1576	500	100	200	100	100	6000	8760
8770	成年唐装鼠	877	65	9	0	0	1	10	694	450000	-1	-1	722	900000	662	400000	661	250000	655	200000	-1	-1	-1	-1	-1	-1	-1	-1	-1	-1	-1	-1	87787	1379	1167	742	954	742	1153	1268	1325	1498	1729	500	100	200	100	100	6000	8770
8771	变异唐装鼠	877	65	9	1	0	1	10	694	450000	-1	-1	722	900000	662	400000	661	250000	655	200000	-1	-1	-1	-1	-1	-1	-1	-1	-1	-1	-1	-1	87787	1462	1237	787	1012	787	1153	1268	1325	1498	1729	500	100	200	100	100	6000	8770
8772	变异唐装鼠	877	65	9	1	0	1	10	694	450000	-1	-1	722	900000	662	400000	661	250000	655	200000	-1	-1	-1	-1	-1	-1	-1	-1	-1	-1	-1	-1	87787	1544	1307	831	1069	831	1153	1268	1325	1498	1729	500	100	200	100	100	6000	8770
8773	变异唐装鼠	877	65	9	1	0	1	10	694	450000	-1	-1	722	900000	662	400000	661	250000	655	200000	-1	-1	-1	-1	-1	-1	-1	-1	-1	-1	-1	-1	87787	1627	1377	876	1126	876	1153	1268	1325	1498	1729	500	100	200	100	100	6000	8770
8774	变异唐装鼠	877	65	9	1	0	1	10	694	450000	-1	-1	722	900000	662	400000	661	250000	655	200000	-1	-1	-1	-1	-1	-1	-1	-1	-1	-1	-1	-1	87787	1710	1447	920	1184	920	1153	1268	1325	1498	1729	500	100	200	100	100	6000	8770
8775	变异唐装鼠	877	65	9	1	0	1	10	694	450000	-1	-1	722	900000	662	400000	661	250000	655	200000	-1	-1	-1	-1	-1	-1	-1	-1	-1	-1	-1	-1	87787	1793	1517	965	1241	965	1153	1268	1325	1498	1729	500	100	200	100	100	6000	8770
8779	唐装鼠宝宝	877	65	9	0	1	1	10	694	450000	-1	-1	722	900000	662	400000	661	250000	655	200000	-1	-1	-1	-1	-1	-1	-1	-1	-1	-1	-1	-1	87787	1379	1167	742	954	742	1153	1268	1325	1498	1729	500	100	200	100	100	6000	8770
8780	成年唐装鼠	878	75	9	0	0	1	10	694	500000	-1	-1	722	900000	662	450000	661	300000	655	250000	-1	-1	-1	-1	-1	-1	-1	-1	-1	-1	-1	-1	91379	1432	1212	771	991	771	1255	1380	1443	1631	1882	500	100	200	100	100	6000	8780
8781	变异唐装鼠	878	75	9	1	0	1	10	694	500000	-1	-1	722	900000	662	450000	661	300000	655	250000	-1	-1	-1	-1	-1	-1	-1	-1	-1	-1	-1	-1	91379	1504	1272	809	1041	809	1255	1380	1443	1631	1882	500	100	200	100	100	6000	8780
8782	变异唐装鼠	878	75	9	1	0	1	10	694	500000	-1	-1	722	900000	662	450000	661	300000	655	250000	-1	-1	-1	-1	-1	-1	-1	-1	-1	-1	-1	-1	91379	1575	1333	848	1090	848	1255	1380	1443	1631	1882	500	100	200	100	100	6000	8780
8783	变异唐装鼠	878	75	9	1	0	1	10	694	500000	-1	-1	722	900000	662	450000	661	300000	655	250000	-1	-1	-1	-1	-1	-1	-1	-1	-1	-1	-1	-1	91379	1647	1394	887	1140	887	1255	1380	1443	1631	1882	500	100	200	100	100	6000	8780
8784	变异唐装鼠	878	75	9	1	0	1	10	694	500000	-1	-1	722	900000	662	450000	661	300000	655	250000	-1	-1	-1	-1	-1	-1	-1	-1	-1	-1	-1	-1	91379	1719	1454	925	1190	925	1255	1380	1443	1631	1882	500	100	200	100	100	6000	8780
8785	变异唐装鼠	878	75	9	1	0	1	10	694	500000	-1	-1	722	900000	662	450000	661	300000	655	250000	-1	-1	-1	-1	-1	-1	-1	-1	-1	-1	-1	-1	91379	1790	1515	964	1239	964	1255	1380	1443	1631	1882	500	100	200	100	100	6000	8780
8786	变异唐装鼠	878	75	9	1	0	1	10	694	500000	-1	-1	722	900000	662	450000	661	300000	655	250000	-1	-1	-1	-1	-1	-1	-1	-1	-1	-1	-1	-1	91379	1862	1575	1002	1289	1002	1255	1380	1443	1631	1882	500	100	200	100	100	6000	8780
8789	唐装鼠宝宝	878	75	9	0	1	1	10	694	500000	-1	-1	722	900000	662	450000	661	300000	655	250000	-1	-1	-1	-1	-1	-1	-1	-1	-1	-1	-1	-1	91379	1432	1212	771	991	771	1255	1380	1443	1631	1882	500	100	200	100	100	6000	8780
8790	成年唐装鼠	879	85	9	0	0	1	10	694	550000	-1	-1	722	900000	662	500000	661	350000	655	300000	-1	-1	-1	-1	-1	-1	-1	-1	-1	-1	-1	-1	94971	1484	1256	799	1027	799	1357	1492	1560	1764	2035	500	100	200	100	100	6000	8790
8791	变异唐装鼠	879	85	9	1	0	1	10	694	550000	-1	-1	722	900000	662	500000	661	350000	655	300000	-1	-1	-1	-1	-1	-1	-1	-1	-1	-1	-1	-1	94971	1548	1310	833	1071	833	1357	1492	1560	1764	2035	500	100	200	100	100	6000	8790
8792	变异唐装鼠	879	85	9	1	0	1	10	694	550000	-1	-1	722	900000	662	500000	661	350000	655	300000	-1	-1	-1	-1	-1	-1	-1	-1	-1	-1	-1	-1	94971	1611	1363	867	1115	867	1357	1492	1560	1764	2035	500	100	200	100	100	6000	8790
8793	变异唐装鼠	879	85	9	1	0	1	10	694	550000	-1	-1	722	900000	662	500000	661	350000	655	300000	-1	-1	-1	-1	-1	-1	-1	-1	-1	-1	-1	-1	94971	1675	1417	902	1159	902	1357	1492	1560	1764	2035	500	100	200	100	100	6000	8790
8794	变异唐装鼠	879	85	9	1	0	1	10	694	550000	-1	-1	722	900000	662	500000	661	350000	655	300000	-1	-1	-1	-1	-1	-1	-1	-1	-1	-1	-1	-1	94971	1739	1471	936	1203	936	1357	1492	1560	1764	2035	500	100	200	100	100	6000	8790
8795	变异唐装鼠	879	85	9	1	0	1	10	694	550000	-1	-1	722	900000	662	500000	661	350000	655	300000	-1	-1	-1	-1	-1	-1	-1	-1	-1	-1	-1	-1	94971	1802	1525	970	1248	970	1357	1492	1560	1764	2035	500	100	200	100	100	6000	8790
8796	变异唐装鼠	879	85	9	1	0	1	10	694	550000	-1	-1	722	900000	662	500000	661	350000	655	300000	-1	-1	-1	-1	-1	-1	-1	-1	-1	-1	-1	-1	94971	1866	1579	1004	1292	1004	1357	1492	1560	1764	2035	500	100	200	100	100	6000	8790
8797	变异唐装鼠	879	85	9	1	0	1	10	694	550000	-1	-1	722	900000	662	500000	661	350000	655	300000	-1	-1	-1	-1	-1	-1	-1	-1	-1	-1	-1	-1	94971	1929	1633	1039	1336	1039	1357	1492	1560	1764	2035	500	100	200	100	100	6000	8790
8799	唐装鼠宝宝	879	85	9	0	1	1	10	694	550000	-1	-1	722	900000	662	500000	661	350000	655	300000	-1	-1	-1	-1	-1	-1	-1	-1	-1	-1	-1	-1	94971	1484	1256	799	1027	799	1357	1492	1560	1764	2035	500	100	200	100	100	6000	8790
8800	成年唐装鼠	880	95	9	0	0	1	10	694	600000	-1	-1	722	900000	662	550000	661	400000	655	350000	-1	-1	-1	-1	-1	-1	-1	-1	-1	-1	-1	-1	98563	1537	1301	828	1064	828	1459	1604	1677	1896	2188	500	100	200	100	100	6000	8800
8801	变异唐装鼠	880	95	9	1	0	1	10	694	600000	-1	-1	722	900000	662	550000	661	400000	655	350000	-1	-1	-1	-1	-1	-1	-1	-1	-1	-1	-1	-1	98563	1595	1350	859	1104	859	1459	1604	1677	1896	2188	500	100	200	100	100	6000	8800
8802	变异唐装鼠	880	95	9	1	0	1	10	694	600000	-1	-1	722	900000	662	550000	661	400000	655	350000	-1	-1	-1	-1	-1	-1	-1	-1	-1	-1	-1	-1	98563	1653	1398	890	1144	890	1459	1604	1677	1896	2188	500	100	200	100	100	6000	8800
8803	变异唐装鼠	880	95	9	1	0	1	10	694	600000	-1	-1	722	900000	662	550000	661	400000	655	350000	-1	-1	-1	-1	-1	-1	-1	-1	-1	-1	-1	-1	98563	1710	1447	921	1184	921	1459	1604	1677	1896	2188	500	100	200	100	100	6000	8800
8804	变异唐装鼠	880	95	9	1	0	1	10	694	600000	-1	-1	722	900000	662	550000	661	400000	655	350000	-1	-1	-1	-1	-1	-1	-1	-1	-1	-1	-1	-1	98563	1768	1496	952	1224	952	1459	1604	1677	1896	2188	500	100	200	100	100	6000	8800
8805	变异唐装鼠	880	95	9	1	0	1	10	694	600000	-1	-1	722	900000	662	550000	661	400000	655	350000	-1	-1	-1	-1	-1	-1	-1	-1	-1	-1	-1	-1	98563	1826	1545	983	1264	983	1459	1604	1677	1896	2188	500	100	200	100	100	6000	8800
8806	变异唐装鼠	880	95	9	1	0	1	10	694	600000	-1	-1	722	900000	662	550000	661	400000	655	350000	-1	-1	-1	-1	-1	-1	-1	-1	-1	-1	-1	-1	98563	1883	1594	1014	1304	1014	1459	1604	1677	1896	2188	500	100	200	100	100	6000	8800
8807	变异唐装鼠	880	95	9	1	0	1	10	694	600000	-1	-1	722	900000	662	550000	661	400000	655	350000	-1	-1	-1	-1	-1	-1	-1	-1	-1	-1	-1	-1	98563	1941	1642	1045	1344	1045	1459	1604	1677	1896	2188	500	100	200	100	100	6000	8800
8808	变异唐装鼠	880	95	9	1	0	1	10	694	600000	-1	-1	722	900000	662	550000	661	400000	655	350000	-1	-1	-1	-1	-1	-1	-1	-1	-1	-1	-1	-1	98563	1999	1691	1076	1384	1076	1459	1604	1677	1896	2188	500	100	200	100	100	6000	8800
8809	唐装鼠宝宝	880	95	9	0	1	1	10	694	600000	-1	-1	722	900000	662	550000	661	400000	655	350000	-1	-1	-1	-1	-1	-1	-1	-1	-1	-1	-1	-1	98563	1537	1301	828	1064	828	1459	1604	1677	1896	2188	500	100	200	100	100	6000	8800
8810	成年年兽	881	5	9	0	0	1000	10	684	300000	-1	-1	726	900000	668	250000	661	100000	653	50000	-1	-1	-1	-1	-1	-1	-1	-1	-1	-1	-1	-1	77012	1313	938	469	844	656	846	930	972	1099	1269	100	100	200	100	500	6000	8810
8811	变异年兽	881	5	9	1	0	1000	10	684	300000	-1	-1	726	900000	668	250000	661	100000	653	50000	-1	-1	-1	-1	-1	-1	-1	-1	-1	-1	-1	-1	77012	1510	1078	539	970	755	846	930	972	1099	1269	100	100	200	100	500	6000	8810
8812	变异年兽	881	5	9	1	0	1000	10	684	300000	-1	-1	726	900000	668	250000	661	100000	653	50000	-1	-1	-1	-1	-1	-1	-1	-1	-1	-1	-1	-1	77012	1707	1219	609	1097	853	846	930	972	1099	1269	100	100	200	100	500	6000	8810
8819	年兽宝宝	881	5	9	0	1	1000	10	684	300000	-1	-1	726	900000	668	250000	661	100000	653	50000	-1	-1	-1	-1	-1	-1	-1	-1	-1	-1	-1	-1	77012	1313	938	469	844	656	846	930	972	1099	1269	100	100	200	100	500	6000	8810
8820	成年年兽	882	45	9	0	0	1000	10	684	350000	-1	-1	726	900000	668	300000	661	150000	653	100000	-1	-1	-1	-1	-1	-1	-1	-1	-1	-1	-1	-1	80604	1370	979	489	881	685	948	1042	1090	1232	1422	100	100	200	100	500	6000	8820
8821	变异年兽	882	45	9	1	0	1000	10	684	350000	-1	-1	726	900000	668	300000	661	150000	653	100000	-1	-1	-1	-1	-1	-1	-1	-1	-1	-1	-1	-1	80604	1507	1076	538	969	753	948	1042	1090	1232	1422	100	100	200	100	500	6000	8820
8822	变异年兽	882	45	9	1	0	1000	10	684	350000	-1	-1	726	900000	668	300000	661	150000	653	100000	-1	-1	-1	-1	-1	-1	-1	-1	-1	-1	-1	-1	80604	1644	1174	587	1057	822	948	1042	1090	1232	1422	100	100	200	100	500	6000	8820
8823	变异年兽	882	45	9	1	0	1000	10	684	350000	-1	-1	726	900000	668	300000	661	150000	653	100000	-1	-1	-1	-1	-1	-1	-1	-1	-1	-1	-1	-1	80604	1781	1272	636	1145	890	948	1042	1090	1232	1422	100	100	200	100	500	6000	8820
8829	年兽宝宝	882	45	9	0	1	1000	10	684	350000	-1	-1	726	900000	668	300000	661	150000	653	100000	-1	-1	-1	-1	-1	-1	-1	-1	-1	-1	-1	-1	80604	1370	979	489	881	685	948	1042	1090	1232	1422	100	100	200	100	500	6000	8820
8830	成年年兽	883	55	9	0	0	1000	10	684	400000	-1	-1	726	900000	668	350000	661	200000	653	150000	-1	-1	-1	-1	-1	-1	-1	-1	-1	-1	-1	-1	84195	1428	1020	510	918	714	1051	1156	1208	1366	1576	100	100	200	100	500	6000	8830
8831	变异年兽	883	55	9	1	0	1000	10	684	400000	-1	-1	726	900000	668	350000	661	200000	653	150000	-1	-1	-1	-1	-1	-1	-1	-1	-1	-1	-1	-1	84195	1535	1096	548	986	767	1051	1156	1208	1366	1576	100	100	200	100	500	6000	8830
8832	变异年兽	883	55	9	1	0	1000	10	684	400000	-1	-1	726	900000	668	350000	661	200000	653	150000	-1	-1	-1	-1	-1	-1	-1	-1	-1	-1	-1	-1	84195	1642	1173	586	1055	821	1051	1156	1208	1366	1576	100	100	200	100	500	6000	8830
8833	变异年兽	883	55	9	1	0	1000	10	684	400000	-1	-1	726	900000	668	350000	661	200000	653	150000	-1	-1	-1	-1	-1	-1	-1	-1	-1	-1	-1	-1	84195	1749	1249	624	1124	874	1051	1156	1208	1366	1576	100	100	200	100	500	6000	8830
8834	变异年兽	883	55	9	1	0	1000	10	684	400000	-1	-1	726	900000	668	350000	661	200000	653	150000	-1	-1	-1	-1	-1	-1	-1	-1	-1	-1	-1	-1	84195	1856	1326	663	1193	928	1051	1156	1208	1366	1576	100	100	200	100	500	6000	8830
8839	年兽宝宝	883	55	9	0	1	1000	10	684	400000	-1	-1	726	900000	668	350000	661	200000	653	150000	-1	-1	-1	-1	-1	-1	-1	-1	-1	-1	-1	-1	84195	1428	1020	510	918	714	1051	1156	1208	1366	1576	100	100	200	100	500	6000	8830
8840	成年年兽	884	65	9	0	0	1000	10	684	450000	-1	-1	726	900000	668	400000	661	250000	653	200000	-1	-1	-1	-1	-1	-1	-1	-1	-1	-1	-1	-1	87787	1485	1061	530	954	742	1153	1268	1325	1498	1729	100	100	200	100	500	6000	8840
8841	变异年兽	884	65	9	1	0	1000	10	684	450000	-1	-1	726	900000	668	400000	661	250000	653	200000	-1	-1	-1	-1	-1	-1	-1	-1	-1	-1	-1	-1	87787	1574	1124	562	1012	787	1153	1268	1325	1498	1729	100	100	200	100	500	6000	8840
8842	变异年兽	884	65	9	1	0	1000	10	684	450000	-1	-1	726	900000	668	400000	661	250000	653	200000	-1	-1	-1	-1	-1	-1	-1	-1	-1	-1	-1	-1	87787	1663	1188	594	1069	831	1153	1268	1325	1498	1729	100	100	200	100	500	6000	8840
8843	变异年兽	884	65	9	1	0	1000	10	684	450000	-1	-1	726	900000	668	400000	661	250000	653	200000	-1	-1	-1	-1	-1	-1	-1	-1	-1	-1	-1	-1	87787	1752	1251	625	1126	876	1153	1268	1325	1498	1729	100	100	200	100	500	6000	8840
8844	变异年兽	884	65	9	1	0	1000	10	684	450000	-1	-1	726	900000	668	400000	661	250000	653	200000	-1	-1	-1	-1	-1	-1	-1	-1	-1	-1	-1	-1	87787	1841	1315	657	1184	920	1153	1268	1325	1498	1729	100	100	200	100	500	6000	8840
8845	变异年兽	884	65	9	1	0	1000	10	684	450000	-1	-1	726	900000	668	400000	661	250000	653	200000	-1	-1	-1	-1	-1	-1	-1	-1	-1	-1	-1	-1	87787	1931	1379	689	1241	965	1153	1268	1325	1498	1729	100	100	200	100	500	6000	8840
8849	年兽宝宝	884	65	9	0	1	1000	10	684	450000	-1	-1	726	900000	668	400000	661	250000	653	200000	-1	-1	-1	-1	-1	-1	-1	-1	-1	-1	-1	-1	87787	1485	1061	530	954	742	1153	1268	1325	1498	1729	100	100	200	100	500	6000	8840
8850	成年年兽	885	75	9	0	0	1000	10	684	500000	-1	-1	726	900000	668	450000	661	300000	653	250000	-1	-1	-1	-1	-1	-1	-1	-1	-1	-1	-1	-1	91379	1542	1102	551	991	771	1255	1380	1443	1631	1882	100	100	200	100	500	6000	8850
8851	变异年兽	885	75	9	1	0	1000	10	684	500000	-1	-1	726	900000	668	450000	661	300000	653	250000	-1	-1	-1	-1	-1	-1	-1	-1	-1	-1	-1	-1	91379	1619	1157	578	1041	809	1255	1380	1443	1631	1882	100	100	200	100	500	6000	8850
8852	变异年兽	885	75	9	1	0	1000	10	684	500000	-1	-1	726	900000	668	450000	661	300000	653	250000	-1	-1	-1	-1	-1	-1	-1	-1	-1	-1	-1	-1	91379	1697	1212	606	1090	848	1255	1380	1443	1631	1882	100	100	200	100	500	6000	8850
8853	变异年兽	885	75	9	1	0	1000	10	684	500000	-1	-1	726	900000	668	450000	661	300000	653	250000	-1	-1	-1	-1	-1	-1	-1	-1	-1	-1	-1	-1	91379	1774	1267	633	1140	887	1255	1380	1443	1631	1882	100	100	200	100	500	6000	8850
8854	变异年兽	885	75	9	1	0	1000	10	684	500000	-1	-1	726	900000	668	450000	661	300000	653	250000	-1	-1	-1	-1	-1	-1	-1	-1	-1	-1	-1	-1	91379	1851	1322	661	1190	925	1255	1380	1443	1631	1882	100	100	200	100	500	6000	8850
8855	变异年兽	885	75	9	1	0	1000	10	684	500000	-1	-1	726	900000	668	450000	661	300000	653	250000	-1	-1	-1	-1	-1	-1	-1	-1	-1	-1	-1	-1	91379	1928	1377	688	1239	964	1255	1380	1443	1631	1882	100	100	200	100	500	6000	8850
8856	变异年兽	885	75	9	1	0	1000	10	684	500000	-1	-1	726	900000	668	450000	661	300000	653	250000	-1	-1	-1	-1	-1	-1	-1	-1	-1	-1	-1	-1	91379	2005	1432	716	1289	1002	1255	1380	1443	1631	1882	100	100	200	100	500	6000	8850
8859	年兽宝宝	885	75	9	0	1	1000	10	684	500000	-1	-1	726	900000	668	450000	661	300000	653	250000	-1	-1	-1	-1	-1	-1	-1	-1	-1	-1	-1	-1	91379	1542	1102	551	991	771	1255	1380	1443	1631	1882	100	100	200	100	500	6000	8850
8860	成年年兽	886	85	9	0	0	1000	10	684	550000	-1	-1	726	900000	668	500000	661	350000	653	300000	-1	-1	-1	-1	-1	-1	-1	-1	-1	-1	-1	-1	94971	1598	1142	571	1027	799	1357	1492	1560	1764	2035	100	100	200	100	500	6000	8860
8861	变异年兽	886	85	9	1	0	1000	10	684	550000	-1	-1	726	900000	668	500000	661	350000	653	300000	-1	-1	-1	-1	-1	-1	-1	-1	-1	-1	-1	-1	94971	1667	1190	595	1071	833	1357	1492	1560	1764	2035	100	100	200	100	500	6000	8860
8862	变异年兽	886	85	9	1	0	1000	10	684	550000	-1	-1	726	900000	668	500000	661	350000	653	300000	-1	-1	-1	-1	-1	-1	-1	-1	-1	-1	-1	-1	94971	1735	1239	619	1115	867	1357	1492	1560	1764	2035	100	100	200	100	500	6000	8860
8863	变异年兽	886	85	9	1	0	1000	10	684	550000	-1	-1	726	900000	668	500000	661	350000	653	300000	-1	-1	-1	-1	-1	-1	-1	-1	-1	-1	-1	-1	94971	1804	1288	644	1159	902	1357	1492	1560	1764	2035	100	100	200	100	500	6000	8860
8864	变异年兽	886	85	9	1	0	1000	10	684	550000	-1	-1	726	900000	668	500000	661	350000	653	300000	-1	-1	-1	-1	-1	-1	-1	-1	-1	-1	-1	-1	94971	1872	1337	668	1203	936	1357	1492	1560	1764	2035	100	100	200	100	500	6000	8860
8865	变异年兽	886	85	9	1	0	1000	10	684	550000	-1	-1	726	900000	668	500000	661	350000	653	300000	-1	-1	-1	-1	-1	-1	-1	-1	-1	-1	-1	-1	94971	1941	1386	693	1248	970	1357	1492	1560	1764	2035	100	100	200	100	500	6000	8860
8866	变异年兽	886	85	9	1	0	1000	10	684	550000	-1	-1	726	900000	668	500000	661	350000	653	300000	-1	-1	-1	-1	-1	-1	-1	-1	-1	-1	-1	-1	94971	2009	1435	717	1292	1004	1357	1492	1560	1764	2035	100	100	200	100	500	6000	8860
8867	变异年兽	886	85	9	1	0	1000	10	684	550000	-1	-1	726	900000	668	500000	661	350000	653	300000	-1	-1	-1	-1	-1	-1	-1	-1	-1	-1	-1	-1	94971	2078	1484	742	1336	1039	1357	1492	1560	1764	2035	100	100	200	100	500	6000	8860
8869	年兽宝宝	886	85	9	0	1	1000	10	684	550000	-1	-1	726	900000	668	500000	661	350000	653	300000	-1	-1	-1	-1	-1	-1	-1	-1	-1	-1	-1	-1	94971	1598	1142	571	1027	799	1357	1492	1560	1764	2035	100	100	200	100	500	6000	8860
8870	成年年兽	887	95	9	0	0	1000	10	684	600000	-1	-1	726	900000	668	550000	661	400000	653	350000	-1	-1	-1	-1	-1	-1	-1	-1	-1	-1	-1	-1	98563	1656	1183	591	1064	828	1459	1604	1677	1896	2188	100	100	200	100	500	6000	8870
8871	变异年兽	887	95	9	1	0	1000	10	684	600000	-1	-1	726	900000	668	550000	661	400000	653	350000	-1	-1	-1	-1	-1	-1	-1	-1	-1	-1	-1	-1	98563	1718	1227	613	1104	859	1459	1604	1677	1896	2188	100	100	200	100	500	6000	8870
8872	变异年兽	887	95	9	1	0	1000	10	684	600000	-1	-1	726	900000	668	550000	661	400000	653	350000	-1	-1	-1	-1	-1	-1	-1	-1	-1	-1	-1	-1	98563	1780	1271	635	1144	890	1459	1604	1677	1896	2188	100	100	200	100	500	6000	8870
8873	变异年兽	887	95	9	1	0	1000	10	684	600000	-1	-1	726	900000	668	550000	661	400000	653	350000	-1	-1	-1	-1	-1	-1	-1	-1	-1	-1	-1	-1	98563	1842	1316	658	1184	921	1459	1604	1677	1896	2188	100	100	200	100	500	6000	8870
8874	变异年兽	887	95	9	1	0	1000	10	684	600000	-1	-1	726	900000	668	550000	661	400000	653	350000	-1	-1	-1	-1	-1	-1	-1	-1	-1	-1	-1	-1	98563	1904	1360	680	1224	952	1459	1604	1677	1896	2188	100	100	200	100	500	6000	8870
8875	变异年兽	887	95	9	1	0	1000	10	684	600000	-1	-1	726	900000	668	550000	661	400000	653	350000	-1	-1	-1	-1	-1	-1	-1	-1	-1	-1	-1	-1	98563	1966	1404	702	1264	983	1459	1604	1677	1896	2188	100	100	200	100	500	6000	8870
8876	变异年兽	887	95	9	1	0	1000	10	684	600000	-1	-1	726	900000	668	550000	661	400000	653	350000	-1	-1	-1	-1	-1	-1	-1	-1	-1	-1	-1	-1	98563	2028	1449	724	1304	1014	1459	1604	1677	1896	2188	100	100	200	100	500	6000	8870
8877	变异年兽	887	95	9	1	0	1000	10	684	600000	-1	-1	726	900000	668	550000	661	400000	653	350000	-1	-1	-1	-1	-1	-1	-1	-1	-1	-1	-1	-1	98563	2090	1493	746	1344	1045	1459	1604	1677	1896	2188	100	100	200	100	500	6000	8870
8878	变异年兽	887	95	9	1	0	1000	10	684	600000	-1	-1	726	900000	668	550000	661	400000	653	350000	-1	-1	-1	-1	-1	-1	-1	-1	-1	-1	-1	-1	98563	2153	1537	768	1384	1076	1459	1604	1677	1896	2188	100	100	200	100	500	6000	8870
8879	年兽宝宝	887	95	9	0	1	1000	10	684	600000	-1	-1	726	900000	668	550000	661	400000	653	350000	-1	-1	-1	-1	-1	-1	-1	-1	-1	-1	-1	-1	98563	1656	1183	591	1064	828	1459	1604	1677	1896	2188	100	100	200	100	500	6000	8870
8880	成年鸳鸯	888	5	9	0	0	1	10	688	300000	-1	-1	702	900000	670	250000	660	100000	652	50000	-1	-1	-1	-1	-1	-1	-1	-1	-1	-1	-1	-1	77012	656	750	1219	750	1031	846	930	972	1099	1269	500	100	200	100	100	6000	8880
8881	变异鸳鸯	888	5	9	1	0	1	10	688	300000	-1	-1	702	900000	670	250000	660	100000	652	50000	-1	-1	-1	-1	-1	-1	-1	-1	-1	-1	-1	-1	77012	755	862	1402	862	1186	846	930	972	1099	1269	500	100	200	100	100	6000	8880
8882	变异鸳鸯	888	5	9	1	0	1	10	688	300000	-1	-1	702	900000	670	250000	660	100000	652	50000	-1	-1	-1	-1	-1	-1	-1	-1	-1	-1	-1	-1	77012	853	975	1585	975	1341	846	930	972	1099	1269	500	100	200	100	100	6000	8880
8889	鸳鸯宝宝	888	5	9	0	1	1	10	688	300000	-1	-1	702	900000	670	250000	660	100000	652	50000	-1	-1	-1	-1	-1	-1	-1	-1	-1	-1	-1	-1	77012	656	750	1219	750	1031	846	930	972	1099	1269	500	100	200	100	100	6000	8880
8890	成年鸳鸯	889	45	9	0	0	1	10	688	350000	-1	-1	702	900000	670	300000	660	150000	652	100000	-1	-1	-1	-1	-1	-1	-1	-1	-1	-1	-1	-1	80604	685	783	1272	783	1076	948	1042	1090	1232	1422	500	100	200	100	100	6000	8890
8891	变异鸳鸯	889	45	9	1	0	1	10	688	350000	-1	-1	702	900000	670	300000	660	150000	652	100000	-1	-1	-1	-1	-1	-1	-1	-1	-1	-1	-1	-1	80604	753	861	1399	861	1184	948	1042	1090	1232	1422	500	100	200	100	100	6000	8890
8892	变异鸳鸯	889	45	9	1	0	1	10	688	350000	-1	-1	702	900000	670	300000	660	150000	652	100000	-1	-1	-1	-1	-1	-1	-1	-1	-1	-1	-1	-1	80604	822	939	1527	939	1292	948	1042	1090	1232	1422	500	100	200	100	100	6000	8890
8893	变异鸳鸯	889	45	9	1	0	1	10	688	350000	-1	-1	702	900000	670	300000	660	150000	652	100000	-1	-1	-1	-1	-1	-1	-1	-1	-1	-1	-1	-1	80604	890	1018	1654	1018	1399	948	1042	1090	1232	1422	500	100	200	100	100	6000	8890
8899	鸳鸯宝宝	889	45	9	0	1	1	10	688	350000	-1	-1	702	900000	670	300000	660	150000	652	100000	-1	-1	-1	-1	-1	-1	-1	-1	-1	-1	-1	-1	80604	685	783	1272	783	1076	948	1042	1090	1232	1422	500	100	200	100	100	6000	8890
8900	成年鸳鸯	890	55	9	0	0	1	10	688	400000	-1	-1	702	900000	670	350000	660	200000	652	150000	-1	-1	-1	-1	-1	-1	-1	-1	-1	-1	-1	-1	84195	714	816	1326	816	1122	1051	1156	1208	1366	1576	500	100	200	100	100	6000	8900
8901	变异鸳鸯	890	55	9	1	0	1	10	688	400000	-1	-1	702	900000	670	350000	660	200000	652	150000	-1	-1	-1	-1	-1	-1	-1	-1	-1	-1	-1	-1	84195	767	877	1425	877	1206	1051	1156	1208	1366	1576	500	100	200	100	100	6000	8900
8902	变异鸳鸯	890	55	9	1	0	1	10	688	400000	-1	-1	702	900000	670	350000	660	200000	652	150000	-1	-1	-1	-1	-1	-1	-1	-1	-1	-1	-1	-1	84195	821	938	1524	938	1290	1051	1156	1208	1366	1576	500	100	200	100	100	6000	8900
8903	变异鸳鸯	890	55	9	1	0	1	10	688	400000	-1	-1	702	900000	670	350000	660	200000	652	150000	-1	-1	-1	-1	-1	-1	-1	-1	-1	-1	-1	-1	84195	874	999	1624	999	1374	1051	1156	1208	1366	1576	500	100	200	100	100	6000	8900
8904	变异鸳鸯	890	55	9	1	0	1	10	688	400000	-1	-1	702	900000	670	350000	660	200000	652	150000	-1	-1	-1	-1	-1	-1	-1	-1	-1	-1	-1	-1	84195	928	1060	1723	1060	1458	1051	1156	1208	1366	1576	500	100	200	100	100	6000	8900
8909	鸳鸯宝宝	890	55	9	0	1	1	10	688	400000	-1	-1	702	900000	670	350000	660	200000	652	150000	-1	-1	-1	-1	-1	-1	-1	-1	-1	-1	-1	-1	84195	714	816	1326	816	1122	1051	1156	1208	1366	1576	500	100	200	100	100	6000	8900
8910	成年鸳鸯	891	65	9	0	0	1	10	688	450000	-1	-1	702	900000	670	400000	660	250000	652	200000	-1	-1	-1	-1	-1	-1	-1	-1	-1	-1	-1	-1	87787	742	848	1379	848	1167	1153	1268	1325	1498	1729	500	100	200	100	100	6000	8910
8911	变异鸳鸯	891	65	9	1	0	1	10	688	450000	-1	-1	702	900000	670	400000	660	250000	652	200000	-1	-1	-1	-1	-1	-1	-1	-1	-1	-1	-1	-1	87787	787	899	1462	899	1237	1153	1268	1325	1498	1729	500	100	200	100	100	6000	8910
8912	变异鸳鸯	891	65	9	1	0	1	10	688	450000	-1	-1	702	900000	670	400000	660	250000	652	200000	-1	-1	-1	-1	-1	-1	-1	-1	-1	-1	-1	-1	87787	831	950	1544	950	1307	1153	1268	1325	1498	1729	500	100	200	100	100	6000	8910
8913	变异鸳鸯	891	65	9	1	0	1	10	688	450000	-1	-1	702	900000	670	400000	660	250000	652	200000	-1	-1	-1	-1	-1	-1	-1	-1	-1	-1	-1	-1	87787	876	1001	1627	1001	1377	1153	1268	1325	1498	1729	500	100	200	100	100	6000	8910
8914	变异鸳鸯	891	65	9	1	0	1	10	688	450000	-1	-1	702	900000	670	400000	660	250000	652	200000	-1	-1	-1	-1	-1	-1	-1	-1	-1	-1	-1	-1	87787	920	1052	1710	1052	1447	1153	1268	1325	1498	1729	500	100	200	100	100	6000	8910
8915	变异鸳鸯	891	65	9	1	0	1	10	688	450000	-1	-1	702	900000	670	400000	660	250000	652	200000	-1	-1	-1	-1	-1	-1	-1	-1	-1	-1	-1	-1	87787	965	1103	1793	1103	1517	1153	1268	1325	1498	1729	500	100	200	100	100	6000	8910
8919	鸳鸯宝宝	891	65	9	0	1	1	10	688	450000	-1	-1	702	900000	670	400000	660	250000	652	200000	-1	-1	-1	-1	-1	-1	-1	-1	-1	-1	-1	-1	87787	742	848	1379	848	1167	1153	1268	1325	1498	1729	500	100	200	100	100	6000	8910
8920	成年鸳鸯	892	75	9	0	0	1	10	688	500000	-1	-1	702	900000	670	450000	660	300000	652	250000	-1	-1	-1	-1	-1	-1	-1	-1	-1	-1	-1	-1	91379	771	881	1432	881	1212	1255	1380	1443	1631	1882	500	100	200	100	100	6000	8920
8921	变异鸳鸯	892	75	9	1	0	1	10	688	500000	-1	-1	702	900000	670	450000	660	300000	652	250000	-1	-1	-1	-1	-1	-1	-1	-1	-1	-1	-1	-1	91379	809	925	1504	925	1272	1255	1380	1443	1631	1882	500	100	200	100	100	6000	8920
8922	变异鸳鸯	892	75	9	1	0	1	10	688	500000	-1	-1	702	900000	670	450000	660	300000	652	250000	-1	-1	-1	-1	-1	-1	-1	-1	-1	-1	-1	-1	91379	848	969	1575	969	1333	1255	1380	1443	1631	1882	500	100	200	100	100	6000	8920
8923	变异鸳鸯	892	75	9	1	0	1	10	688	500000	-1	-1	702	900000	670	450000	660	300000	652	250000	-1	-1	-1	-1	-1	-1	-1	-1	-1	-1	-1	-1	91379	887	1013	1647	1013	1394	1255	1380	1443	1631	1882	500	100	200	100	100	6000	8920
8924	变异鸳鸯	892	75	9	1	0	1	10	688	500000	-1	-1	702	900000	670	450000	660	300000	652	250000	-1	-1	-1	-1	-1	-1	-1	-1	-1	-1	-1	-1	91379	925	1057	1719	1057	1454	1255	1380	1443	1631	1882	500	100	200	100	100	6000	8920
8925	变异鸳鸯	892	75	9	1	0	1	10	688	500000	-1	-1	702	900000	670	450000	660	300000	652	250000	-1	-1	-1	-1	-1	-1	-1	-1	-1	-1	-1	-1	91379	964	1102	1790	1102	1515	1255	1380	1443	1631	1882	500	100	200	100	100	6000	8920
8926	变异鸳鸯	892	75	9	1	0	1	10	688	500000	-1	-1	702	900000	670	450000	660	300000	652	250000	-1	-1	-1	-1	-1	-1	-1	-1	-1	-1	-1	-1	91379	1002	1146	1862	1146	1575	1255	1380	1443	1631	1882	500	100	200	100	100	6000	8920
8929	鸳鸯宝宝	892	75	9	0	1	1	10	688	500000	-1	-1	702	900000	670	450000	660	300000	652	250000	-1	-1	-1	-1	-1	-1	-1	-1	-1	-1	-1	-1	91379	771	881	1432	881	1212	1255	1380	1443	1631	1882	500	100	200	100	100	6000	8920
8930	成年鸳鸯	893	85	9	0	0	1	10	688	550000	-1	-1	702	900000	670	500000	660	350000	652	300000	-1	-1	-1	-1	-1	-1	-1	-1	-1	-1	-1	-1	94971	799	913	1484	913	1256	1357	1492	1560	1764	2035	500	100	200	100	100	6000	8930
8931	变异鸳鸯	893	85	9	1	0	1	10	688	550000	-1	-1	702	900000	670	500000	660	350000	652	300000	-1	-1	-1	-1	-1	-1	-1	-1	-1	-1	-1	-1	94971	833	952	1548	952	1310	1357	1492	1560	1764	2035	500	100	200	100	100	6000	8930
8932	变异鸳鸯	893	85	9	1	0	1	10	688	550000	-1	-1	702	900000	670	500000	660	350000	652	300000	-1	-1	-1	-1	-1	-1	-1	-1	-1	-1	-1	-1	94971	867	991	1611	991	1363	1357	1492	1560	1764	2035	500	100	200	100	100	6000	8930
8933	变异鸳鸯	893	85	9	1	0	1	10	688	550000	-1	-1	702	900000	670	500000	660	350000	652	300000	-1	-1	-1	-1	-1	-1	-1	-1	-1	-1	-1	-1	94971	902	1031	1675	1031	1417	1357	1492	1560	1764	2035	500	100	200	100	100	6000	8930
8934	变异鸳鸯	893	85	9	1	0	1	10	688	550000	-1	-1	702	900000	670	500000	660	350000	652	300000	-1	-1	-1	-1	-1	-1	-1	-1	-1	-1	-1	-1	94971	936	1070	1739	1070	1471	1357	1492	1560	1764	2035	500	100	200	100	100	6000	8930
8935	变异鸳鸯	893	85	9	1	0	1	10	688	550000	-1	-1	702	900000	670	500000	660	350000	652	300000	-1	-1	-1	-1	-1	-1	-1	-1	-1	-1	-1	-1	94971	970	1109	1802	1109	1525	1357	1492	1560	1764	2035	500	100	200	100	100	6000	8930
8936	变异鸳鸯	893	85	9	1	0	1	10	688	550000	-1	-1	702	900000	670	500000	660	350000	652	300000	-1	-1	-1	-1	-1	-1	-1	-1	-1	-1	-1	-1	94971	1004	1148	1866	1148	1579	1357	1492	1560	1764	2035	500	100	200	100	100	6000	8930
8937	变异鸳鸯	893	85	9	1	0	1	10	688	550000	-1	-1	702	900000	670	500000	660	350000	652	300000	-1	-1	-1	-1	-1	-1	-1	-1	-1	-1	-1	-1	94971	1039	1187	1929	1187	1633	1357	1492	1560	1764	2035	500	100	200	100	100	6000	8930
8939	鸳鸯宝宝	893	85	9	0	1	1	10	688	550000	-1	-1	702	900000	670	500000	660	350000	652	300000	-1	-1	-1	-1	-1	-1	-1	-1	-1	-1	-1	-1	94971	799	913	1484	913	1256	1357	1492	1560	1764	2035	500	100	200	100	100	6000	8930
8940	成年鸳鸯	894	95	9	0	0	1	10	688	600000	-1	-1	702	900000	670	550000	660	400000	652	350000	-1	-1	-1	-1	-1	-1	-1	-1	-1	-1	-1	-1	98563	828	946	1537	946	1301	1459	1604	1677	1896	2188	500	100	200	100	100	6000	8940
8941	变异鸳鸯	894	95	9	1	0	1	10	688	600000	-1	-1	702	900000	670	550000	660	400000	652	350000	-1	-1	-1	-1	-1	-1	-1	-1	-1	-1	-1	-1	98563	859	981	1595	981	1350	1459	1604	1677	1896	2188	500	100	200	100	100	6000	8940
8942	变异鸳鸯	894	95	9	1	0	1	10	688	600000	-1	-1	702	900000	670	550000	660	400000	652	350000	-1	-1	-1	-1	-1	-1	-1	-1	-1	-1	-1	-1	98563	890	1017	1653	1017	1398	1459	1604	1677	1896	2188	500	100	200	100	100	6000	8940
8943	变异鸳鸯	894	95	9	1	0	1	10	688	600000	-1	-1	702	900000	670	550000	660	400000	652	350000	-1	-1	-1	-1	-1	-1	-1	-1	-1	-1	-1	-1	98563	921	1052	1710	1052	1447	1459	1604	1677	1896	2188	500	100	200	100	100	6000	8940
8944	变异鸳鸯	894	95	9	1	0	1	10	688	600000	-1	-1	702	900000	670	550000	660	400000	652	350000	-1	-1	-1	-1	-1	-1	-1	-1	-1	-1	-1	-1	98563	952	1088	1768	1088	1496	1459	1604	1677	1896	2188	500	100	200	100	100	6000	8940
8945	变异鸳鸯	894	95	9	1	0	1	10	688	600000	-1	-1	702	900000	670	550000	660	400000	652	350000	-1	-1	-1	-1	-1	-1	-1	-1	-1	-1	-1	-1	98563	983	1123	1826	1123	1545	1459	1604	1677	1896	2188	500	100	200	100	100	6000	8940
8946	变异鸳鸯	894	95	9	1	0	1	10	688	600000	-1	-1	702	900000	670	550000	660	400000	652	350000	-1	-1	-1	-1	-1	-1	-1	-1	-1	-1	-1	-1	98563	1014	1159	1883	1159	1594	1459	1604	1677	1896	2188	500	100	200	100	100	6000	8940
8947	变异鸳鸯	894	95	9	1	0	1	10	688	600000	-1	-1	702	900000	670	550000	660	400000	652	350000	-1	-1	-1	-1	-1	-1	-1	-1	-1	-1	-1	-1	98563	1045	1194	1941	1194	1642	1459	1604	1677	1896	2188	500	100	200	100	100	6000	8940
8948	变异鸳鸯	894	95	9	1	0	1	10	688	600000	-1	-1	702	900000	670	550000	660	400000	652	350000	-1	-1	-1	-1	-1	-1	-1	-1	-1	-1	-1	-1	98563	1076	1230	1999	1230	1691	1459	1604	1677	1896	2188	500	100	200	100	100	6000	8940
8949	鸳鸯宝宝	894	95	9	0	1	1	10	688	600000	-1	-1	702	900000	670	550000	660	400000	652	350000	-1	-1	-1	-1	-1	-1	-1	-1	-1	-1	-1	-1	98563	828	946	1537	946	1301	1459	1604	1677	1896	2188	500	100	200	100	100	6000	8940
8950	成年虬龙	895	65	9	0	0	1000	10	700	200000	-1	-1	703	900000	660	250000	714	200000	664	150000	-1	-1	-1	-1	-1	-1	-1	-1	-1	-1	-1	-1	91379	771	881	1432	881	1212	1255	1380	1443	1631	1882	50	150	100	200	500	6000	8950
8951	变异虬龙	895	65	9	1	0	1000	10	700	200000	-1	-1	703	900000	660	250000	714	200000	664	150000	-1	-1	-1	-1	-1	-1	-1	-1	-1	-1	-1	-1	91379	809	925	1504	925	1272	1255	1380	1443	1631	1882	50	150	100	200	500	6000	8950
8952	变异虬龙	895	65	9	1	0	1000	10	700	200000	-1	-1	703	900000	660	250000	714	200000	664	150000	-1	-1	-1	-1	-1	-1	-1	-1	-1	-1	-1	-1	91379	848	969	1575	969	1333	1255	1380	1443	1631	1882	50	150	100	200	500	6000	8950
8953	变异虬龙	895	65	9	1	0	1000	10	700	200000	-1	-1	703	900000	660	250000	714	200000	664	150000	-1	-1	-1	-1	-1	-1	-1	-1	-1	-1	-1	-1	91379	887	1013	1647	1013	1394	1255	1380	1443	1631	1882	50	150	100	200	500	6000	8950
8954	变异虬龙	895	65	9	1	0	1000	10	700	200000	-1	-1	703	900000	660	250000	714	200000	664	150000	-1	-1	-1	-1	-1	-1	-1	-1	-1	-1	-1	-1	91379	925	1057	1719	1057	1454	1255	1380	1443	1631	1882	50	150	100	200	500	6000	8950
8955	变异虬龙	895	65	9	1	0	1000	10	700	200000	-1	-1	703	900000	660	250000	714	200000	664	150000	-1	-1	-1	-1	-1	-1	-1	-1	-1	-1	-1	-1	91379	964	1102	1790	1102	1515	1255	1380	1443	1631	1882	50	150	100	200	500	6000	8950
8959	虬龙宝宝	895	65	9	0	1	1000	10	700	200000	-1	-1	703	900000	660	250000	714	200000	664	150000	-1	-1	-1	-1	-1	-1	-1	-1	-1	-1	-1	-1	91379	771	881	1432	881	1212	1255	1380	1443	1631	1882	50	150	100	200	500	6000	8950
8960	成年毛驴	896	45	9	0	0	100	10	738	250000	-1	-1	722	900000	668	250000	-1	-1	-1	-1	-1	-1	-1	-1	-1	-1	-1	-1	-1	-1	-1	-1	80604	979	979	979	979	979	948	1042	1090	1232	1422	10	20	20	150	800	6000	8960
8961	变异毛驴	896	45	9	1	0	100	10	738	250000	-1	-1	722	900000	668	250000	-1	-1	-1	-1	-1	-1	-1	-1	-1	-1	-1	-1	-1	-1	-1	-1	80604	1076	1076	1076	1076	1076	948	1042	1090	1232	1422	10	20	20	150	800	6000	8960
8962	变异毛驴	896	45	9	1	0	100	10	738	250000	-1	-1	722	900000	668	250000	-1	-1	-1	-1	-1	-1	-1	-1	-1	-1	-1	-1	-1	-1	-1	-1	80604	1174	1174	1174	1174	1174	948	1042	1090	1232	1422	10	20	20	150	800	6000	8960
8963	变异毛驴	896	45	9	1	0	100	10	738	250000	-1	-1	722	900000	668	250000	-1	-1	-1	-1	-1	-1	-1	-1	-1	-1	-1	-1	-1	-1	-1	-1	80604	1272	1272	1272	1272	1272	948	1042	1090	1232	1422	10	20	20	150	800	6000	8960
8969	毛驴宝宝	896	45	9	0	1	100	10	738	250000	-1	-1	722	900000	668	250000	-1	-1	-1	-1	-1	-1	-1	-1	-1	-1	-1	-1	-1	-1	-1	-1	80604	979	979	979	979	979	948	1042	1090	1232	1422	10	20	20	150	800	6000	8960
8970	成年毛驴	897	55	9	0	0	100	10	738	300000	-1	-1	722	900000	668	300000	-1	-1	-1	-1	-1	-1	-1	-1	-1	-1	-1	-1	-1	-1	-1	-1	84195	1020	1020	1020	1020	1020	1051	1156	1208	1366	1576	10	20	20	150	800	6000	8970
8971	变异毛驴	897	55	9	1	0	100	10	738	300000	-1	-1	722	900000	668	300000	-1	-1	-1	-1	-1	-1	-1	-1	-1	-1	-1	-1	-1	-1	-1	-1	84195	1096	1096	1096	1096	1096	1051	1156	1208	1366	1576	10	20	20	150	800	6000	8970
8972	变异毛驴	897	55	9	1	0	100	10	738	300000	-1	-1	722	900000	668	300000	-1	-1	-1	-1	-1	-1	-1	-1	-1	-1	-1	-1	-1	-1	-1	-1	84195	1173	1173	1173	1173	1173	1051	1156	1208	1366	1576	10	20	20	150	800	6000	8970
8973	变异毛驴	897	55	9	1	0	100	10	738	300000	-1	-1	722	900000	668	300000	-1	-1	-1	-1	-1	-1	-1	-1	-1	-1	-1	-1	-1	-1	-1	-1	84195	1249	1249	1249	1249	1249	1051	1156	1208	1366	1576	10	20	20	150	800	6000	8970
8974	变异毛驴	897	55	9	1	0	100	10	738	300000	-1	-1	722	900000	668	300000	-1	-1	-1	-1	-1	-1	-1	-1	-1	-1	-1	-1	-1	-1	-1	-1	84195	1326	1326	1326	1326	1326	1051	1156	1208	1366	1576	10	20	20	150	800	6000	8970
8979	毛驴宝宝	897	55	9	0	1	100	10	738	300000	-1	-1	722	900000	668	300000	-1	-1	-1	-1	-1	-1	-1	-1	-1	-1	-1	-1	-1	-1	-1	-1	84195	1020	1020	1020	1020	1020	1051	1156	1208	1366	1576	10	20	20	150	800	6000	8970
8980	成年毛驴	898	65	9	0	0	100	10	738	350000	-1	-1	722	900000	668	350000	-1	-1	-1	-1	-1	-1	-1	-1	-1	-1	-1	-1	-1	-1	-1	-1	87787	1061	1061	1061	1061	1061	1153	1268	1325	1498	1729	10	20	20	150	800	6000	8980
8981	变异毛驴	898	65	9	1	0	100	10	738	350000	-1	-1	722	900000	668	350000	-1	-1	-1	-1	-1	-1	-1	-1	-1	-1	-1	-1	-1	-1	-1	-1	87787	1124	1124	1124	1124	1124	1153	1268	1325	1498	1729	10	20	20	150	800	6000	8980
8982	变异毛驴	898	65	9	1	0	100	10	738	350000	-1	-1	722	900000	668	350000	-1	-1	-1	-1	-1	-1	-1	-1	-1	-1	-1	-1	-1	-1	-1	-1	87787	1188	1188	1188	1188	1188	1153	1268	1325	1498	1729	10	20	20	150	800	6000	8980
8983	变异毛驴	898	65	9	1	0	100	10	738	350000	-1	-1	722	900000	668	350000	-1	-1	-1	-1	-1	-1	-1	-1	-1	-1	-1	-1	-1	-1	-1	-1	87787	1251	1251	1251	1251	1251	1153	1268	1325	1498	1729	10	20	20	150	800	6000	8980
8984	变异毛驴	898	65	9	1	0	100	10	738	350000	-1	-1	722	900000	668	350000	-1	-1	-1	-1	-1	-1	-1	-1	-1	-1	-1	-1	-1	-1	-1	-1	87787	1315	1315	1315	1315	1315	1153	1268	1325	1498	1729	10	20	20	150	800	6000	8980
8985	变异毛驴	898	65	9	1	0	100	10	738	350000	-1	-1	722	900000	668	350000	-1	-1	-1	-1	-1	-1	-1	-1	-1	-1	-1	-1	-1	-1	-1	-1	87787	1379	1379	1379	1379	1379	1153	1268	1325	1498	1729	10	20	20	150	800	6000	8980
8989	毛驴宝宝	898	65	9	0	1	100	10	738	350000	-1	-1	722	900000	668	350000	-1	-1	-1	-1	-1	-1	-1	-1	-1	-1	-1	-1	-1	-1	-1	-1	87787	1061	1061	1061	1061	1061	1153	1268	1325	1498	1729	10	20	20	150	800	6000	8980
22000	成年穷奇	2200	5	9	0	0	1000	10	694	300000	-1	-1	722	900000	657	250000	734	100000	652	50000	-1	-1	-1	-1	-1	-1	-1	-1	-1	-1	-1	-1	77012	1313	938	469	844	656	846	930	972	1099	1269	100	100	200	100	500	6000	22000
22001	变异穷奇	2200	5	9	1	0	1000	10	694	300000	-1	-1	722	900000	657	250000	734	100000	652	50000	-1	-1	-1	-1	-1	-1	-1	-1	-1	-1	-1	-1	77012	1510	1078	539	970	755	846	930	972	1099	1269	100	100	200	100	500	6000	22000
22002	变异穷奇	2200	5	9	1	0	1000	10	694	300000	-1	-1	722	900000	657	250000	734	100000	652	50000	-1	-1	-1	-1	-1	-1	-1	-1	-1	-1	-1	-1	77012	1707	1219	609	1097	853	846	930	972	1099	1269	100	100	200	100	500	6000	22000
22009	穷奇宝宝	2200	5	9	0	1	1000	10	694	300000	-1	-1	722	900000	657	250000	734	100000	652	50000	-1	-1	-1	-1	-1	-1	-1	-1	-1	-1	-1	-1	77012	1313	938	469	844	656	846	930	972	1099	1269	100	100	200	100	500	6000	22000
22010	成年穷奇	2201	45	9	0	0	1000	10	694	350000	-1	-1	722	900000	657	300000	734	150000	652	100000	-1	-1	-1	-1	-1	-1	-1	-1	-1	-1	-1	-1	80604	1370	979	489	881	685	948	1042	1090	1232	1422	100	100	200	100	500	6000	22010
22011	变异穷奇	2201	45	9	1	0	1000	10	694	350000	-1	-1	722	900000	657	300000	734	150000	652	100000	-1	-1	-1	-1	-1	-1	-1	-1	-1	-1	-1	-1	80604	1507	1076	538	969	753	948	1042	1090	1232	1422	100	100	200	100	500	6000	22010
22012	变异穷奇	2201	45	9	1	0	1000	10	694	350000	-1	-1	722	900000	657	300000	734	150000	652	100000	-1	-1	-1	-1	-1	-1	-1	-1	-1	-1	-1	-1	80604	1644	1174	587	1057	822	948	1042	1090	1232	1422	100	100	200	100	500	6000	22010
22013	变异穷奇	2201	45	9	1	0	1000	10	694	350000	-1	-1	722	900000	657	300000	734	150000	652	100000	-1	-1	-1	-1	-1	-1	-1	-1	-1	-1	-1	-1	80604	1781	1272	636	1145	890	948	1042	1090	1232	1422	100	100	200	100	500	6000	22010
22019	穷奇宝宝	2201	45	9	0	1	1000	10	694	350000	-1	-1	722	900000	657	300000	734	150000	652	100000	-1	-1	-1	-1	-1	-1	-1	-1	-1	-1	-1	-1	80604	1370	979	489	881	685	948	1042	1090	1232	1422	100	100	200	100	500	6000	22010
22020	成年穷奇	2202	55	9	0	0	1000	10	694	400000	-1	-1	722	900000	657	350000	734	200000	652	150000	-1	-1	-1	-1	-1	-1	-1	-1	-1	-1	-1	-1	84195	1428	1020	510	918	714	1051	1156	1208	1366	1576	100	100	200	100	500	6000	22020
22021	变异穷奇	2202	55	9	1	0	1000	10	694	400000	-1	-1	722	900000	657	350000	734	200000	652	150000	-1	-1	-1	-1	-1	-1	-1	-1	-1	-1	-1	-1	84195	1535	1096	548	986	767	1051	1156	1208	1366	1576	100	100	200	100	500	6000	22020
22022	变异穷奇	2202	55	9	1	0	1000	10	694	400000	-1	-1	722	900000	657	350000	734	200000	652	150000	-1	-1	-1	-1	-1	-1	-1	-1	-1	-1	-1	-1	84195	1642	1173	586	1055	821	1051	1156	1208	1366	1576	100	100	200	100	500	6000	22020
22023	变异穷奇	2202	55	9	1	0	1000	10	694	400000	-1	-1	722	900000	657	350000	734	200000	652	150000	-1	-1	-1	-1	-1	-1	-1	-1	-1	-1	-1	-1	84195	1749	1249	624	1124	874	1051	1156	1208	1366	1576	100	100	200	100	500	6000	22020
22024	变异穷奇	2202	55	9	1	0	1000	10	694	400000	-1	-1	722	900000	657	350000	734	200000	652	150000	-1	-1	-1	-1	-1	-1	-1	-1	-1	-1	-1	-1	84195	1856	1326	663	1193	928	1051	1156	1208	1366	1576	100	100	200	100	500	6000	22020
22029	穷奇宝宝	2202	55	9	0	1	1000	10	694	400000	-1	-1	722	900000	657	350000	734	200000	652	150000	-1	-1	-1	-1	-1	-1	-1	-1	-1	-1	-1	-1	84195	1428	1020	510	918	714	1051	1156	1208	1366	1576	100	100	200	100	500	6000	22020
22030	成年穷奇	2203	65	9	0	0	1000	10	694	450000	-1	-1	722	900000	657	400000	734	250000	652	200000	-1	-1	-1	-1	-1	-1	-1	-1	-1	-1	-1	-1	87787	1485	1061	530	954	742	1153	1268	1325	1498	1729	100	100	200	100	500	6000	22030
22031	变异穷奇	2203	65	9	1	0	1000	10	694	450000	-1	-1	722	900000	657	400000	734	250000	652	200000	-1	-1	-1	-1	-1	-1	-1	-1	-1	-1	-1	-1	87787	1574	1124	562	1012	787	1153	1268	1325	1498	1729	100	100	200	100	500	6000	22030
22032	变异穷奇	2203	65	9	1	0	1000	10	694	450000	-1	-1	722	900000	657	400000	734	250000	652	200000	-1	-1	-1	-1	-1	-1	-1	-1	-1	-1	-1	-1	87787	1663	1188	594	1069	831	1153	1268	1325	1498	1729	100	100	200	100	500	6000	22030
22033	变异穷奇	2203	65	9	1	0	1000	10	694	450000	-1	-1	722	900000	657	400000	734	250000	652	200000	-1	-1	-1	-1	-1	-1	-1	-1	-1	-1	-1	-1	87787	1752	1251	625	1126	876	1153	1268	1325	1498	1729	100	100	200	100	500	6000	22030
22034	变异穷奇	2203	65	9	1	0	1000	10	694	450000	-1	-1	722	900000	657	400000	734	250000	652	200000	-1	-1	-1	-1	-1	-1	-1	-1	-1	-1	-1	-1	87787	1841	1315	657	1184	920	1153	1268	1325	1498	1729	100	100	200	100	500	6000	22030
22035	变异穷奇	2203	65	9	1	0	1000	10	694	450000	-1	-1	722	900000	657	400000	734	250000	652	200000	-1	-1	-1	-1	-1	-1	-1	-1	-1	-1	-1	-1	87787	1931	1379	689	1241	965	1153	1268	1325	1498	1729	100	100	200	100	500	6000	22030
22039	穷奇宝宝	2203	65	9	0	1	1000	10	694	450000	-1	-1	722	900000	657	400000	734	250000	652	200000	-1	-1	-1	-1	-1	-1	-1	-1	-1	-1	-1	-1	87787	1485	1061	530	954	742	1153	1268	1325	1498	1729	100	100	200	100	500	6000	22030
22040	成年穷奇	2204	75	9	0	0	1000	10	694	500000	-1	-1	722	900000	657	450000	734	300000	652	250000	-1	-1	-1	-1	-1	-1	-1	-1	-1	-1	-1	-1	91379	1542	1102	551	991	771	1255	1380	1443	1631	1882	100	100	200	100	500	6000	22040
22041	变异穷奇	2204	75	9	1	0	1000	10	694	500000	-1	-1	722	900000	657	450000	734	300000	652	250000	-1	-1	-1	-1	-1	-1	-1	-1	-1	-1	-1	-1	91379	1619	1157	578	1041	809	1255	1380	1443	1631	1882	100	100	200	100	500	6000	22040
22042	变异穷奇	2204	75	9	1	0	1000	10	694	500000	-1	-1	722	900000	657	450000	734	300000	652	250000	-1	-1	-1	-1	-1	-1	-1	-1	-1	-1	-1	-1	91379	1697	1212	606	1090	848	1255	1380	1443	1631	1882	100	100	200	100	500	6000	22040
22043	变异穷奇	2204	75	9	1	0	1000	10	694	500000	-1	-1	722	900000	657	450000	734	300000	652	250000	-1	-1	-1	-1	-1	-1	-1	-1	-1	-1	-1	-1	91379	1774	1267	633	1140	887	1255	1380	1443	1631	1882	100	100	200	100	500	6000	22040
22044	变异穷奇	2204	75	9	1	0	1000	10	694	500000	-1	-1	722	900000	657	450000	734	300000	652	250000	-1	-1	-1	-1	-1	-1	-1	-1	-1	-1	-1	-1	91379	1851	1322	661	1190	925	1255	1380	1443	1631	1882	100	100	200	100	500	6000	22040
22045	变异穷奇	2204	75	9	1	0	1000	10	694	500000	-1	-1	722	900000	657	450000	734	300000	652	250000	-1	-1	-1	-1	-1	-1	-1	-1	-1	-1	-1	-1	91379	1928	1377	688	1239	964	1255	1380	1443	1631	1882	100	100	200	100	500	6000	22040
22046	变异穷奇	2204	75	9	1	0	1000	10	694	500000	-1	-1	722	900000	657	450000	734	300000	652	250000	-1	-1	-1	-1	-1	-1	-1	-1	-1	-1	-1	-1	91379	2005	1432	716	1289	1002	1255	1380	1443	1631	1882	100	100	200	100	500	6000	22040
22049	穷奇宝宝	2204	75	9	0	1	1000	10	694	500000	-1	-1	722	900000	657	450000	734	300000	652	250000	-1	-1	-1	-1	-1	-1	-1	-1	-1	-1	-1	-1	91379	1542	1102	551	991	771	1255	1380	1443	1631	1882	100	100	200	100	500	6000	22040
22050	成年穷奇	2205	85	9	0	0	1000	10	694	550000	-1	-1	722	900000	657	500000	734	350000	652	300000	-1	-1	-1	-1	-1	-1	-1	-1	-1	-1	-1	-1	94971	1598	1142	571	1027	799	1357	1492	1560	1764	2035	100	100	200	100	500	6000	22050
22051	变异穷奇	2205	85	9	1	0	1000	10	694	550000	-1	-1	722	900000	657	500000	734	350000	652	300000	-1	-1	-1	-1	-1	-1	-1	-1	-1	-1	-1	-1	94971	1667	1190	595	1071	833	1357	1492	1560	1764	2035	100	100	200	100	500	6000	22050
22052	变异穷奇	2205	85	9	1	0	1000	10	694	550000	-1	-1	722	900000	657	500000	734	350000	652	300000	-1	-1	-1	-1	-1	-1	-1	-1	-1	-1	-1	-1	94971	1735	1239	619	1115	867	1357	1492	1560	1764	2035	100	100	200	100	500	6000	22050
22053	变异穷奇	2205	85	9	1	0	1000	10	694	550000	-1	-1	722	900000	657	500000	734	350000	652	300000	-1	-1	-1	-1	-1	-1	-1	-1	-1	-1	-1	-1	94971	1804	1288	644	1159	902	1357	1492	1560	1764	2035	100	100	200	100	500	6000	22050
22054	变异穷奇	2205	85	9	1	0	1000	10	694	550000	-1	-1	722	900000	657	500000	734	350000	652	300000	-1	-1	-1	-1	-1	-1	-1	-1	-1	-1	-1	-1	94971	1872	1337	668	1203	936	1357	1492	1560	1764	2035	100	100	200	100	500	6000	22050
22055	变异穷奇	2205	85	9	1	0	1000	10	694	550000	-1	-1	722	900000	657	500000	734	350000	652	300000	-1	-1	-1	-1	-1	-1	-1	-1	-1	-1	-1	-1	94971	1941	1386	693	1248	970	1357	1492	1560	1764	2035	100	100	200	100	500	6000	22050
22056	变异穷奇	2205	85	9	1	0	1000	10	694	550000	-1	-1	722	900000	657	500000	734	350000	652	300000	-1	-1	-1	-1	-1	-1	-1	-1	-1	-1	-1	-1	94971	2009	1435	717	1292	1004	1357	1492	1560	1764	2035	100	100	200	100	500	6000	22050
22057	变异穷奇	2205	85	9	1	0	1000	10	694	550000	-1	-1	722	900000	657	500000	734	350000	652	300000	-1	-1	-1	-1	-1	-1	-1	-1	-1	-1	-1	-1	94971	2078	1484	742	1336	1039	1357	1492	1560	1764	2035	100	100	200	100	500	6000	22050
22059	穷奇宝宝	2205	85	9	0	1	1000	10	694	550000	-1	-1	722	900000	657	500000	734	350000	652	300000	-1	-1	-1	-1	-1	-1	-1	-1	-1	-1	-1	-1	94971	1598	1142	571	1027	799	1357	1492	1560	1764	2035	100	100	200	100	500	6000	22050
22060	成年穷奇	2206	95	9	0	0	1000	10	694	600000	-1	-1	722	900000	657	550000	734	400000	652	350000	-1	-1	-1	-1	-1	-1	-1	-1	-1	-1	-1	-1	98563	1656	1183	591	1064	828	1459	1604	1677	1896	2188	100	100	200	100	500	6000	22060
22061	变异穷奇	2206	95	9	1	0	1000	10	694	600000	-1	-1	722	900000	657	550000	734	400000	652	350000	-1	-1	-1	-1	-1	-1	-1	-1	-1	-1	-1	-1	98563	1718	1227	613	1104	859	1459	1604	1677	1896	2188	100	100	200	100	500	6000	22060
22062	变异穷奇	2206	95	9	1	0	1000	10	694	600000	-1	-1	722	900000	657	550000	734	400000	652	350000	-1	-1	-1	-1	-1	-1	-1	-1	-1	-1	-1	-1	98563	1780	1271	635	1144	890	1459	1604	1677	1896	2188	100	100	200	100	500	6000	22060
22063	变异穷奇	2206	95	9	1	0	1000	10	694	600000	-1	-1	722	900000	657	550000	734	400000	652	350000	-1	-1	-1	-1	-1	-1	-1	-1	-1	-1	-1	-1	98563	1842	1316	658	1184	921	1459	1604	1677	1896	2188	100	100	200	100	500	6000	22060
22064	变异穷奇	2206	95	9	1	0	1000	10	694	600000	-1	-1	722	900000	657	550000	734	400000	652	350000	-1	-1	-1	-1	-1	-1	-1	-1	-1	-1	-1	-1	98563	1904	1360	680	1224	952	1459	1604	1677	1896	2188	100	100	200	100	500	6000	22060
22065	变异穷奇	2206	95	9	1	0	1000	10	694	600000	-1	-1	722	900000	657	550000	734	400000	652	350000	-1	-1	-1	-1	-1	-1	-1	-1	-1	-1	-1	-1	98563	1966	1404	702	1264	983	1459	1604	1677	1896	2188	100	100	200	100	500	6000	22060
22066	变异穷奇	2206	95	9	1	0	1000	10	694	600000	-1	-1	722	900000	657	550000	734	400000	652	350000	-1	-1	-1	-1	-1	-1	-1	-1	-1	-1	-1	-1	98563	2028	1449	724	1304	1014	1459	1604	1677	1896	2188	100	100	200	100	500	6000	22060
22067	变异穷奇	2206	95	9	1	0	1000	10	694	600000	-1	-1	722	900000	657	550000	734	400000	652	350000	-1	-1	-1	-1	-1	-1	-1	-1	-1	-1	-1	-1	98563	2090	1493	746	1344	1045	1459	1604	1677	1896	2188	100	100	200	100	500	6000	22060
22068	变异穷奇	2206	95	9	1	0	1000	10	694	600000	-1	-1	722	900000	657	550000	734	400000	652	350000	-1	-1	-1	-1	-1	-1	-1	-1	-1	-1	-1	-1	98563	2153	1537	768	1384	1076	1459	1604	1677	1896	2188	100	100	200	100	500	6000	22060
22069	穷奇宝宝	2206	95	9	0	1	1000	10	694	600000	-1	-1	722	900000	657	550000	734	400000	652	350000	-1	-1	-1	-1	-1	-1	-1	-1	-1	-1	-1	-1	98563	1656	1183	591	1064	828	1459	1604	1677	1896	2188	100	100	200	100	500	6000	22060
22070	成年小狐仙	2207	5	9	0	0	1000	10	692	300000	-1	-1	728	900000	657	250000	730	100000	653	50000	-1	-1	-1	-1	-1	-1	-1	-1	-1	-1	-1	-1	77012	469	703	1322	750	938	846	930	972	1099	1269	500	100	200	100	100	6000	22070
22071	变异小狐仙	2207	5	9	1	0	1000	10	692	300000	-1	-1	728	900000	657	250000	730	100000	653	50000	-1	-1	-1	-1	-1	-1	-1	-1	-1	-1	-1	-1	77012	539	809	1520	862	1078	846	930	972	1099	1269	500	100	200	100	100	6000	22070
22072	变异小狐仙	2207	5	9	1	0	1000	10	692	300000	-1	-1	728	900000	657	250000	730	100000	653	50000	-1	-1	-1	-1	-1	-1	-1	-1	-1	-1	-1	-1	77012	609	914	1719	975	1219	846	930	972	1099	1269	500	100	200	100	100	6000	22070
22079	小狐仙宝宝	2207	5	9	0	1	1000	10	692	300000	-1	-1	728	900000	657	250000	730	100000	653	50000	-1	-1	-1	-1	-1	-1	-1	-1	-1	-1	-1	-1	77012	469	703	1322	750	938	846	930	972	1099	1269	500	100	200	100	100	6000	22070
22080	成年小狐仙	2208	45	9	0	0	1000	10	692	350000	-1	-1	728	900000	657	300000	730	150000	653	100000	-1	-1	-1	-1	-1	-1	-1	-1	-1	-1	-1	-1	80604	489	734	1380	783	979	948	1042	1090	1232	1422	500	100	200	100	100	6000	22080
22081	变异小狐仙	2208	45	9	1	0	1000	10	692	350000	-1	-1	728	900000	657	300000	730	150000	653	100000	-1	-1	-1	-1	-1	-1	-1	-1	-1	-1	-1	-1	80604	538	807	1518	861	1076	948	1042	1090	1232	1422	500	100	200	100	100	6000	22080
22082	变异小狐仙	2208	45	9	1	0	1000	10	692	350000	-1	-1	728	900000	657	300000	730	150000	653	100000	-1	-1	-1	-1	-1	-1	-1	-1	-1	-1	-1	-1	80604	587	881	1656	939	1174	948	1042	1090	1232	1422	500	100	200	100	100	6000	22080
22083	变异小狐仙	2208	45	9	1	0	1000	10	692	350000	-1	-1	728	900000	657	300000	730	150000	653	100000	-1	-1	-1	-1	-1	-1	-1	-1	-1	-1	-1	-1	80604	636	954	1794	1018	1272	948	1042	1090	1232	1422	500	100	200	100	100	6000	22080
22089	小狐仙宝宝	2208	45	9	0	1	1000	10	692	350000	-1	-1	728	900000	657	300000	730	150000	653	100000	-1	-1	-1	-1	-1	-1	-1	-1	-1	-1	-1	-1	80604	489	734	1380	783	979	948	1042	1090	1232	1422	500	100	200	100	100	6000	22080
22090	成年小狐仙	2209	55	9	0	0	1000	10	692	400000	-1	-1	728	900000	657	350000	730	200000	653	150000	-1	-1	-1	-1	-1	-1	-1	-1	-1	-1	-1	-1	84195	510	765	1438	816	1020	1051	1156	1208	1366	1576	500	100	200	100	100	6000	22090
22091	变异小狐仙	2209	55	9	1	0	1000	10	692	400000	-1	-1	728	900000	657	350000	730	200000	653	150000	-1	-1	-1	-1	-1	-1	-1	-1	-1	-1	-1	-1	84195	548	822	1546	877	1096	1051	1156	1208	1366	1576	500	100	200	100	100	6000	22090
22092	变异小狐仙	2209	55	9	1	0	1000	10	692	400000	-1	-1	728	900000	657	350000	730	200000	653	150000	-1	-1	-1	-1	-1	-1	-1	-1	-1	-1	-1	-1	84195	586	879	1653	938	1173	1051	1156	1208	1366	1576	500	100	200	100	100	6000	22090
22093	变异小狐仙	2209	55	9	1	0	1000	10	692	400000	-1	-1	728	900000	657	350000	730	200000	653	150000	-1	-1	-1	-1	-1	-1	-1	-1	-1	-1	-1	-1	84195	624	937	1761	999	1249	1051	1156	1208	1366	1576	500	100	200	100	100	6000	22090
22094	变异小狐仙	2209	55	9	1	0	1000	10	692	400000	-1	-1	728	900000	657	350000	730	200000	653	150000	-1	-1	-1	-1	-1	-1	-1	-1	-1	-1	-1	-1	84195	663	994	1869	1060	1326	1051	1156	1208	1366	1576	500	100	200	100	100	6000	22090
22099	小狐仙宝宝	2209	55	9	0	1	1000	10	692	400000	-1	-1	728	900000	657	350000	730	200000	653	150000	-1	-1	-1	-1	-1	-1	-1	-1	-1	-1	-1	-1	84195	510	765	1438	816	1020	1051	1156	1208	1366	1576	500	100	200	100	100	6000	22090
22100	成年小狐仙	2210	65	9	0	0	1000	10	692	450000	-1	-1	728	900000	657	400000	730	250000	653	200000	-1	-1	-1	-1	-1	-1	-1	-1	-1	-1	-1	-1	87787	530	795	1496	848	1061	1153	1268	1325	1498	1729	500	100	200	100	100	6000	22100
22101	变异小狐仙	2210	65	9	1	0	1000	10	692	450000	-1	-1	728	900000	657	400000	730	250000	653	200000	-1	-1	-1	-1	-1	-1	-1	-1	-1	-1	-1	-1	87787	562	843	1585	899	1124	1153	1268	1325	1498	1729	500	100	200	100	100	6000	22100
22102	变异小狐仙	2210	65	9	1	0	1000	10	692	450000	-1	-1	728	900000	657	400000	730	250000	653	200000	-1	-1	-1	-1	-1	-1	-1	-1	-1	-1	-1	-1	87787	594	891	1675	950	1188	1153	1268	1325	1498	1729	500	100	200	100	100	6000	22100
22103	变异小狐仙	2210	65	9	1	0	1000	10	692	450000	-1	-1	728	900000	657	400000	730	250000	653	200000	-1	-1	-1	-1	-1	-1	-1	-1	-1	-1	-1	-1	87787	625	938	1765	1001	1251	1153	1268	1325	1498	1729	500	100	200	100	100	6000	22100
22104	变异小狐仙	2210	65	9	1	0	1000	10	692	450000	-1	-1	728	900000	657	400000	730	250000	653	200000	-1	-1	-1	-1	-1	-1	-1	-1	-1	-1	-1	-1	87787	657	986	1855	1052	1315	1153	1268	1325	1498	1729	500	100	200	100	100	6000	22100
22105	变异小狐仙	2210	65	9	1	0	1000	10	692	450000	-1	-1	728	900000	657	400000	730	250000	653	200000	-1	-1	-1	-1	-1	-1	-1	-1	-1	-1	-1	-1	87787	689	1034	1944	1103	1379	1153	1268	1325	1498	1729	500	100	200	100	100	6000	22100
22109	小狐仙宝宝	2210	65	9	0	1	1000	10	692	450000	-1	-1	728	900000	657	400000	730	250000	653	200000	-1	-1	-1	-1	-1	-1	-1	-1	-1	-1	-1	-1	87787	530	795	1496	848	1061	1153	1268	1325	1498	1729	500	100	200	100	100	6000	22100
22110	成年小狐仙	2211	75	9	0	0	1000	10	692	500000	-1	-1	728	900000	657	450000	730	300000	653	250000	-1	-1	-1	-1	-1	-1	-1	-1	-1	-1	-1	-1	91379	551	826	1553	881	1102	1255	1380	1443	1631	1882	500	100	200	100	100	6000	22110
22111	变异小狐仙	2211	75	9	1	0	1000	10	692	500000	-1	-1	728	900000	657	450000	730	300000	653	250000	-1	-1	-1	-1	-1	-1	-1	-1	-1	-1	-1	-1	91379	578	867	1631	925	1157	1255	1380	1443	1631	1882	500	100	200	100	100	6000	22110
22112	变异小狐仙	2211	75	9	1	0	1000	10	692	500000	-1	-1	728	900000	657	450000	730	300000	653	250000	-1	-1	-1	-1	-1	-1	-1	-1	-1	-1	-1	-1	91379	606	909	1709	969	1212	1255	1380	1443	1631	1882	500	100	200	100	100	6000	22110
22113	变异小狐仙	2211	75	9	1	0	1000	10	692	500000	-1	-1	728	900000	657	450000	730	300000	653	250000	-1	-1	-1	-1	-1	-1	-1	-1	-1	-1	-1	-1	91379	633	950	1786	1013	1267	1255	1380	1443	1631	1882	500	100	200	100	100	6000	22110
22114	变异小狐仙	2211	75	9	1	0	1000	10	692	500000	-1	-1	728	900000	657	450000	730	300000	653	250000	-1	-1	-1	-1	-1	-1	-1	-1	-1	-1	-1	-1	91379	661	991	1864	1057	1322	1255	1380	1443	1631	1882	500	100	200	100	100	6000	22110
22115	变异小狐仙	2211	75	9	1	0	1000	10	692	500000	-1	-1	728	900000	657	450000	730	300000	653	250000	-1	-1	-1	-1	-1	-1	-1	-1	-1	-1	-1	-1	91379	688	1033	1942	1102	1377	1255	1380	1443	1631	1882	500	100	200	100	100	6000	22110
22116	变异小狐仙	2211	75	9	1	0	1000	10	692	500000	-1	-1	728	900000	657	450000	730	300000	653	250000	-1	-1	-1	-1	-1	-1	-1	-1	-1	-1	-1	-1	91379	716	1074	2019	1146	1432	1255	1380	1443	1631	1882	500	100	200	100	100	6000	22110
22119	小狐仙宝宝	2211	75	9	0	1	1000	10	692	500000	-1	-1	728	900000	657	450000	730	300000	653	250000	-1	-1	-1	-1	-1	-1	-1	-1	-1	-1	-1	-1	91379	551	826	1553	881	1102	1255	1380	1443	1631	1882	500	100	200	100	100	6000	22110
22120	成年小狐仙	2212	85	9	0	0	1000	10	692	550000	-1	-1	728	900000	657	500000	730	350000	653	300000	-1	-1	-1	-1	-1	-1	-1	-1	-1	-1	-1	-1	94971	571	856	1610	913	1142	1357	1492	1560	1764	2035	500	100	200	100	100	6000	22120
22121	变异小狐仙	2212	85	9	1	0	1000	10	692	550000	-1	-1	728	900000	657	500000	730	350000	653	300000	-1	-1	-1	-1	-1	-1	-1	-1	-1	-1	-1	-1	94971	595	893	1679	952	1190	1357	1492	1560	1764	2035	500	100	200	100	100	6000	22120
22122	变异小狐仙	2212	85	9	1	0	1000	10	692	550000	-1	-1	728	900000	657	500000	730	350000	653	300000	-1	-1	-1	-1	-1	-1	-1	-1	-1	-1	-1	-1	94971	619	929	1748	991	1239	1357	1492	1560	1764	2035	500	100	200	100	100	6000	22120
22123	变异小狐仙	2212	85	9	1	0	1000	10	692	550000	-1	-1	728	900000	657	500000	730	350000	653	300000	-1	-1	-1	-1	-1	-1	-1	-1	-1	-1	-1	-1	94971	644	966	1817	1031	1288	1357	1492	1560	1764	2035	500	100	200	100	100	6000	22120
22124	变异小狐仙	2212	85	9	1	0	1000	10	692	550000	-1	-1	728	900000	657	500000	730	350000	653	300000	-1	-1	-1	-1	-1	-1	-1	-1	-1	-1	-1	-1	94971	668	1003	1886	1070	1337	1357	1492	1560	1764	2035	500	100	200	100	100	6000	22120
22125	变异小狐仙	2212	85	9	1	0	1000	10	692	550000	-1	-1	728	900000	657	500000	730	350000	653	300000	-1	-1	-1	-1	-1	-1	-1	-1	-1	-1	-1	-1	94971	693	1040	1955	1109	1386	1357	1492	1560	1764	2035	500	100	200	100	100	6000	22120
22126	变异小狐仙	2212	85	9	1	0	1000	10	692	550000	-1	-1	728	900000	657	500000	730	350000	653	300000	-1	-1	-1	-1	-1	-1	-1	-1	-1	-1	-1	-1	94971	717	1076	2024	1148	1435	1357	1492	1560	1764	2035	500	100	200	100	100	6000	22120
22127	变异小狐仙	2212	85	9	1	0	1000	10	692	550000	-1	-1	728	900000	657	500000	730	350000	653	300000	-1	-1	-1	-1	-1	-1	-1	-1	-1	-1	-1	-1	94971	742	1113	2093	1187	1484	1357	1492	1560	1764	2035	500	100	200	100	100	6000	22120
22129	小狐仙宝宝	2212	85	9	0	1	1000	10	692	550000	-1	-1	728	900000	657	500000	730	350000	653	300000	-1	-1	-1	-1	-1	-1	-1	-1	-1	-1	-1	-1	94971	571	856	1610	913	1142	1357	1492	1560	1764	2035	500	100	200	100	100	6000	22120
22130	成年小狐仙	2213	95	9	0	0	1000	10	692	600000	-1	-1	728	900000	657	550000	730	400000	653	350000	-1	-1	-1	-1	-1	-1	-1	-1	-1	-1	-1	-1	98563	591	887	1668	946	1183	1459	1604	1677	1896	2188	500	100	200	100	100	6000	22130
22131	变异小狐仙	2213	95	9	1	0	1000	10	692	600000	-1	-1	728	900000	657	550000	730	400000	653	350000	-1	-1	-1	-1	-1	-1	-1	-1	-1	-1	-1	-1	98563	613	920	1730	981	1227	1459	1604	1677	1896	2188	500	100	200	100	100	6000	22130
22132	变异小狐仙	2213	95	9	1	0	1000	10	692	600000	-1	-1	728	900000	657	550000	730	400000	653	350000	-1	-1	-1	-1	-1	-1	-1	-1	-1	-1	-1	-1	98563	635	953	1793	1017	1271	1459	1604	1677	1896	2188	500	100	200	100	100	6000	22130
22133	变异小狐仙	2213	95	9	1	0	1000	10	692	600000	-1	-1	728	900000	657	550000	730	400000	653	350000	-1	-1	-1	-1	-1	-1	-1	-1	-1	-1	-1	-1	98563	658	987	1855	1052	1316	1459	1604	1677	1896	2188	500	100	200	100	100	6000	22130
22134	变异小狐仙	2213	95	9	1	0	1000	10	692	600000	-1	-1	728	900000	657	550000	730	400000	653	350000	-1	-1	-1	-1	-1	-1	-1	-1	-1	-1	-1	-1	98563	680	1020	1918	1088	1360	1459	1604	1677	1896	2188	500	100	200	100	100	6000	22130
22135	变异小狐仙	2213	95	9	1	0	1000	10	692	600000	-1	-1	728	900000	657	550000	730	400000	653	350000	-1	-1	-1	-1	-1	-1	-1	-1	-1	-1	-1	-1	98563	702	1053	1980	1123	1404	1459	1604	1677	1896	2188	500	100	200	100	100	6000	22130
22136	变异小狐仙	2213	95	9	1	0	1000	10	692	600000	-1	-1	728	900000	657	550000	730	400000	653	350000	-1	-1	-1	-1	-1	-1	-1	-1	-1	-1	-1	-1	98563	724	1086	2043	1159	1449	1459	1604	1677	1896	2188	500	100	200	100	100	6000	22130
22137	变异小狐仙	2213	95	9	1	0	1000	10	692	600000	-1	-1	728	900000	657	550000	730	400000	653	350000	-1	-1	-1	-1	-1	-1	-1	-1	-1	-1	-1	-1	98563	746	1120	2105	1194	1493	1459	1604	1677	1896	2188	500	100	200	100	100	6000	22130
22138	变异小狐仙	2213	95	9	1	0	1000	10	692	600000	-1	-1	728	900000	657	550000	730	400000	653	350000	-1	-1	-1	-1	-1	-1	-1	-1	-1	-1	-1	-1	98563	768	1153	2168	1230	1537	1459	1604	1677	1896	2188	500	100	200	100	100	6000	22130
22139	小狐仙宝宝	2213	95	9	0	1	1000	10	692	600000	-1	-1	728	900000	657	550000	730	400000	653	350000	-1	-1	-1	-1	-1	-1	-1	-1	-1	-1	-1	-1	98563	591	887	1668	946	1183	1459	1604	1677	1896	2188	500	100	200	100	100	6000	22130
22140	钢斧神猿	2214	5	9	1	0	1000	10	676	300000	-1	-1	722	900000	662	600000	668	400000	655	400000	-1	-1	-1	-1	-1	-1	-1	-1	-1	-1	-1	-1	25670	1510	1078	539	970	755	846	930	972	1099	1269	100	200	100	100	500	6000	22140
22150	丛林神猿	2215	45	9	1	0	1000	10	676	300000	-1	-1	722	900000	662	600000	668	400000	655	400000	-1	-1	-1	-1	-1	-1	-1	-1	-1	-1	-1	-1	26868	1644	1174	587	1057	822	948	1042	1090	1232	1422	100	200	100	100	500	6000	22150
22160	地狱神猿	2216	55	9	1	0	1000	10	677	300000	-1	-1	722	900000	662	600000	668	400000	655	400000	-1	-1	-1	-1	-1	-1	-1	-1	-1	-1	-1	-1	28065	1749	1249	624	1124	874	1051	1156	1208	1366	1576	100	200	100	100	500	6000	22160
22170	魅灵神猿	2217	65	9	1	0	1000	10	677	300000	-1	-1	722	900000	662	600000	668	400000	655	400000	-1	-1	-1	-1	-1	-1	-1	-1	-1	-1	-1	-1	29262	1841	1315	657	1184	920	1153	1268	1325	1498	1729	100	200	100	100	500	6000	22170
22180	罗汉神猿	2218	75	9	1	0	1000	10	747	300000	-1	-1	722	900000	662	600000	668	400000	655	400000	-1	-1	-1	-1	-1	-1	-1	-1	-1	-1	-1	-1	30459	1928	1377	688	1239	964	1255	1380	1443	1631	1882	100	200	100	100	500	6000	22180
22190	上古神猿	2219	85	9	1	0	1000	10	747	300000	-1	-1	722	900000	662	600000	668	400000	655	400000	-1	-1	-1	-1	-1	-1	-1	-1	-1	-1	-1	-1	31657	2009	1435	717	1292	1004	1357	1492	1560	1764	2035	100	200	100	100	500	6000	22190
22200	成年虬龙	2220	75	9	0	0	1000	10	700	300000	-1	-1	703	900000	660	250000	714	200000	664	150000	-1	-1	-1	-1	-1	-1	-1	-1	-1	-1	-1	-1	94971	799	913	1484	913	1256	1357	1492	1560	1764	2035	500	200	100	150	50	6000	22200
22201	变异虬龙	2220	75	9	1	0	1000	10	700	300000	-1	-1	703	900000	660	250000	714	200000	664	150000	-1	-1	-1	-1	-1	-1	-1	-1	-1	-1	-1	-1	94971	833	952	1548	952	1310	1357	1492	1560	1764	2035	500	200	100	150	50	6000	22200
22202	变异虬龙	2220	75	9	1	0	1000	10	700	300000	-1	-1	703	900000	660	250000	714	200000	664	150000	-1	-1	-1	-1	-1	-1	-1	-1	-1	-1	-1	-1	94971	867	991	1611	991	1363	1357	1492	1560	1764	2035	500	200	100	150	50	6000	22200
22203	变异虬龙	2220	75	9	1	0	1000	10	700	300000	-1	-1	703	900000	660	250000	714	200000	664	150000	-1	-1	-1	-1	-1	-1	-1	-1	-1	-1	-1	-1	94971	902	1031	1675	1031	1417	1357	1492	1560	1764	2035	500	200	100	150	50	6000	22200
22204	变异虬龙	2220	75	9	1	0	1000	10	700	300000	-1	-1	703	900000	660	250000	714	200000	664	150000	-1	-1	-1	-1	-1	-1	-1	-1	-1	-1	-1	-1	94971	936	1070	1739	1070	1471	1357	1492	1560	1764	2035	500	200	100	150	50	6000	22200
22205	变异虬龙	2220	75	9	1	0	1000	10	700	300000	-1	-1	703	900000	660	250000	714	200000	664	150000	-1	-1	-1	-1	-1	-1	-1	-1	-1	-1	-1	-1	94971	970	1109	1802	1109	1525	1357	1492	1560	1764	2035	500	200	100	150	50	6000	22200
22206	变异虬龙	2220	75	9	1	0	1000	10	700	300000	-1	-1	703	900000	660	250000	714	200000	664	150000	-1	-1	-1	-1	-1	-1	-1	-1	-1	-1	-1	-1	94971	1004	1148	1866	1148	1579	1357	1492	1560	1764	2035	500	200	100	150	50	6000	22200
22209	虬龙宝宝	2220	75	9	0	1	1000	10	700	300000	-1	-1	703	900000	660	250000	714	200000	664	150000	-1	-1	-1	-1	-1	-1	-1	-1	-1	-1	-1	-1	94971	799	913	1484	913	1256	1357	1492	1560	1764	2035	500	200	100	150	50	6000	22200
22210	成年比翼鸟	2221	5	9	0	0	1	10	692	300000	-1	-1	728	900000	670	250000	660	100000	655	50000	-1	-1	-1	-1	-1	-1	-1	-1	-1	-1	-1	-1	77012	656	750	1219	750	1031	846	930	972	1099	1269	500	100	200	100	100	6000	22210
22211	变异比翼鸟	2221	5	9	1	0	1	10	692	300000	-1	-1	728	900000	670	250000	660	100000	655	50000	-1	-1	-1	-1	-1	-1	-1	-1	-1	-1	-1	-1	77012	755	862	1402	862	1186	846	930	972	1099	1269	500	100	200	100	100	6000	22210
22212	变异比翼鸟	2221	5	9	1	0	1	10	692	300000	-1	-1	728	900000	670	250000	660	100000	655	50000	-1	-1	-1	-1	-1	-1	-1	-1	-1	-1	-1	-1	77012	853	975	1585	975	1341	846	930	972	1099	1269	500	100	200	100	100	6000	22210
22219	比翼鸟宝宝	2221	5	9	0	1	1	10	692	300000	-1	-1	728	900000	670	250000	660	100000	655	50000	-1	-1	-1	-1	-1	-1	-1	-1	-1	-1	-1	-1	77012	656	750	1219	750	1031	846	930	972	1099	1269	500	100	200	100	100	6000	22210
22220	成年比翼鸟	2222	45	9	0	0	1	10	692	350000	-1	-1	728	900000	670	300000	660	150000	655	100000	-1	-1	-1	-1	-1	-1	-1	-1	-1	-1	-1	-1	80604	685	783	1272	783	1076	948	1042	1090	1232	1422	500	100	200	100	100	6000	22220
22221	变异比翼鸟	2222	45	9	1	0	1	10	692	350000	-1	-1	728	900000	670	300000	660	150000	655	100000	-1	-1	-1	-1	-1	-1	-1	-1	-1	-1	-1	-1	80604	753	861	1399	861	1184	948	1042	1090	1232	1422	500	100	200	100	100	6000	22220
22222	变异比翼鸟	2222	45	9	1	0	1	10	692	350000	-1	-1	728	900000	670	300000	660	150000	655	100000	-1	-1	-1	-1	-1	-1	-1	-1	-1	-1	-1	-1	80604	822	939	1527	939	1292	948	1042	1090	1232	1422	500	100	200	100	100	6000	22220
22223	变异比翼鸟	2222	45	9	1	0	1	10	692	350000	-1	-1	728	900000	670	300000	660	150000	655	100000	-1	-1	-1	-1	-1	-1	-1	-1	-1	-1	-1	-1	80604	890	1018	1654	1018	1399	948	1042	1090	1232	1422	500	100	200	100	100	6000	22220
22229	比翼鸟宝宝	2222	45	9	0	1	1	10	692	350000	-1	-1	728	900000	670	300000	660	150000	655	100000	-1	-1	-1	-1	-1	-1	-1	-1	-1	-1	-1	-1	80604	685	783	1272	783	1076	948	1042	1090	1232	1422	500	100	200	100	100	6000	22220
22230	成年比翼鸟	2223	55	9	0	0	1	10	692	400000	-1	-1	728	900000	670	350000	660	200000	655	150000	-1	-1	-1	-1	-1	-1	-1	-1	-1	-1	-1	-1	84195	714	816	1326	816	1122	1051	1156	1208	1366	1576	500	100	200	100	100	6000	22230
22231	变异比翼鸟	2223	55	9	1	0	1	10	692	400000	-1	-1	728	900000	670	350000	660	200000	655	150000	-1	-1	-1	-1	-1	-1	-1	-1	-1	-1	-1	-1	84195	767	877	1425	877	1206	1051	1156	1208	1366	1576	500	100	200	100	100	6000	22230
22232	变异比翼鸟	2223	55	9	1	0	1	10	692	400000	-1	-1	728	900000	670	350000	660	200000	655	150000	-1	-1	-1	-1	-1	-1	-1	-1	-1	-1	-1	-1	84195	821	938	1524	938	1290	1051	1156	1208	1366	1576	500	100	200	100	100	6000	22230
22233	变异比翼鸟	2223	55	9	1	0	1	10	692	400000	-1	-1	728	900000	670	350000	660	200000	655	150000	-1	-1	-1	-1	-1	-1	-1	-1	-1	-1	-1	-1	84195	874	999	1624	999	1374	1051	1156	1208	1366	1576	500	100	200	100	100	6000	22230
22234	变异比翼鸟	2223	55	9	1	0	1	10	692	400000	-1	-1	728	900000	670	350000	660	200000	655	150000	-1	-1	-1	-1	-1	-1	-1	-1	-1	-1	-1	-1	84195	928	1060	1723	1060	1458	1051	1156	1208	1366	1576	500	100	200	100	100	6000	22230
22239	比翼鸟宝宝	2223	55	9	0	1	1	10	692	400000	-1	-1	728	900000	670	350000	660	200000	655	150000	-1	-1	-1	-1	-1	-1	-1	-1	-1	-1	-1	-1	84195	714	816	1326	816	1122	1051	1156	1208	1366	1576	500	100	200	100	100	6000	22230
22240	成年比翼鸟	2224	65	9	0	0	1	10	692	450000	-1	-1	728	900000	670	400000	660	250000	655	200000	-1	-1	-1	-1	-1	-1	-1	-1	-1	-1	-1	-1	87787	742	848	1379	848	1167	1153	1268	1325	1498	1729	500	100	200	100	100	6000	22240
22241	变异比翼鸟	2224	65	9	1	0	1	10	692	450000	-1	-1	728	900000	670	400000	660	250000	655	200000	-1	-1	-1	-1	-1	-1	-1	-1	-1	-1	-1	-1	87787	787	899	1462	899	1237	1153	1268	1325	1498	1729	500	100	200	100	100	6000	22240
22242	变异比翼鸟	2224	65	9	1	0	1	10	692	450000	-1	-1	728	900000	670	400000	660	250000	655	200000	-1	-1	-1	-1	-1	-1	-1	-1	-1	-1	-1	-1	87787	831	950	1544	950	1307	1153	1268	1325	1498	1729	500	100	200	100	100	6000	22240
22243	变异比翼鸟	2224	65	9	1	0	1	10	692	450000	-1	-1	728	900000	670	400000	660	250000	655	200000	-1	-1	-1	-1	-1	-1	-1	-1	-1	-1	-1	-1	87787	876	1001	1627	1001	1377	1153	1268	1325	1498	1729	500	100	200	100	100	6000	22240
22244	变异比翼鸟	2224	65	9	1	0	1	10	692	450000	-1	-1	728	900000	670	400000	660	250000	655	200000	-1	-1	-1	-1	-1	-1	-1	-1	-1	-1	-1	-1	87787	920	1052	1710	1052	1447	1153	1268	1325	1498	1729	500	100	200	100	100	6000	22240
22245	变异比翼鸟	2224	65	9	1	0	1	10	692	450000	-1	-1	728	900000	670	400000	660	250000	655	200000	-1	-1	-1	-1	-1	-1	-1	-1	-1	-1	-1	-1	87787	965	1103	1793	1103	1517	1153	1268	1325	1498	1729	500	100	200	100	100	6000	22240
22249	比翼鸟宝宝	2224	65	9	0	1	1	10	692	450000	-1	-1	728	900000	670	400000	660	250000	655	200000	-1	-1	-1	-1	-1	-1	-1	-1	-1	-1	-1	-1	87787	742	848	1379	848	1167	1153	1268	1325	1498	1729	500	100	200	100	100	6000	22240
22250	成年比翼鸟	2225	75	9	0	0	1	10	692	500000	-1	-1	728	900000	670	450000	660	300000	655	250000	-1	-1	-1	-1	-1	-1	-1	-1	-1	-1	-1	-1	91379	771	881	1432	881	1212	1255	1380	1443	1631	1882	500	100	200	100	100	6000	22250
22251	变异比翼鸟	2225	75	9	1	0	1	10	692	500000	-1	-1	728	900000	670	450000	660	300000	655	250000	-1	-1	-1	-1	-1	-1	-1	-1	-1	-1	-1	-1	91379	809	925	1504	925	1272	1255	1380	1443	1631	1882	500	100	200	100	100	6000	22250
22252	变异比翼鸟	2225	75	9	1	0	1	10	692	500000	-1	-1	728	900000	670	450000	660	300000	655	250000	-1	-1	-1	-1	-1	-1	-1	-1	-1	-1	-1	-1	91379	848	969	1575	969	1333	1255	1380	1443	1631	1882	500	100	200	100	100	6000	22250
22253	变异比翼鸟	2225	75	9	1	0	1	10	692	500000	-1	-1	728	900000	670	450000	660	300000	655	250000	-1	-1	-1	-1	-1	-1	-1	-1	-1	-1	-1	-1	91379	887	1013	1647	1013	1394	1255	1380	1443	1631	1882	500	100	200	100	100	6000	22250
22254	变异比翼鸟	2225	75	9	1	0	1	10	692	500000	-1	-1	728	900000	670	450000	660	300000	655	250000	-1	-1	-1	-1	-1	-1	-1	-1	-1	-1	-1	-1	91379	925	1057	1719	1057	1454	1255	1380	1443	1631	1882	500	100	200	100	100	6000	22250
22255	变异比翼鸟	2225	75	9	1	0	1	10	692	500000	-1	-1	728	900000	670	450000	660	300000	655	250000	-1	-1	-1	-1	-1	-1	-1	-1	-1	-1	-1	-1	91379	964	1102	1790	1102	1515	1255	1380	1443	1631	1882	500	100	200	100	100	6000	22250
22256	变异比翼鸟	2225	75	9	1	0	1	10	692	500000	-1	-1	728	900000	670	450000	660	300000	655	250000	-1	-1	-1	-1	-1	-1	-1	-1	-1	-1	-1	-1	91379	1002	1146	1862	1146	1575	1255	1380	1443	1631	1882	500	100	200	100	100	6000	22250
22259	比翼鸟宝宝	2225	75	9	0	1	1	10	692	500000	-1	-1	728	900000	670	450000	660	300000	655	250000	-1	-1	-1	-1	-1	-1	-1	-1	-1	-1	-1	-1	91379	771	881	1432	881	1212	1255	1380	1443	1631	1882	500	100	200	100	100	6000	22250
22260	成年比翼鸟	2226	85	9	0	0	1	10	692	550000	-1	-1	728	900000	670	500000	660	350000	655	300000	-1	-1	-1	-1	-1	-1	-1	-1	-1	-1	-1	-1	94971	799	913	1484	913	1256	1357	1492	1560	1764	2035	500	100	200	100	100	6000	22260
22261	变异比翼鸟	2226	85	9	1	0	1	10	692	550000	-1	-1	728	900000	670	500000	660	350000	655	300000	-1	-1	-1	-1	-1	-1	-1	-1	-1	-1	-1	-1	94971	833	952	1548	952	1310	1357	1492	1560	1764	2035	500	100	200	100	100	6000	22260
22262	变异比翼鸟	2226	85	9	1	0	1	10	692	550000	-1	-1	728	900000	670	500000	660	350000	655	300000	-1	-1	-1	-1	-1	-1	-1	-1	-1	-1	-1	-1	94971	867	991	1611	991	1363	1357	1492	1560	1764	2035	500	100	200	100	100	6000	22260
22263	变异比翼鸟	2226	85	9	1	0	1	10	692	550000	-1	-1	728	900000	670	500000	660	350000	655	300000	-1	-1	-1	-1	-1	-1	-1	-1	-1	-1	-1	-1	94971	902	1031	1675	1031	1417	1357	1492	1560	1764	2035	500	100	200	100	100	6000	22260
22264	变异比翼鸟	2226	85	9	1	0	1	10	692	550000	-1	-1	728	900000	670	500000	660	350000	655	300000	-1	-1	-1	-1	-1	-1	-1	-1	-1	-1	-1	-1	94971	936	1070	1739	1070	1471	1357	1492	1560	1764	2035	500	100	200	100	100	6000	22260
22265	变异比翼鸟	2226	85	9	1	0	1	10	692	550000	-1	-1	728	900000	670	500000	660	350000	655	300000	-1	-1	-1	-1	-1	-1	-1	-1	-1	-1	-1	-1	94971	970	1109	1802	1109	1525	1357	1492	1560	1764	2035	500	100	200	100	100	6000	22260
22266	变异比翼鸟	2226	85	9	1	0	1	10	692	550000	-1	-1	728	900000	670	500000	660	350000	655	300000	-1	-1	-1	-1	-1	-1	-1	-1	-1	-1	-1	-1	94971	1004	1148	1866	1148	1579	1357	1492	1560	1764	2035	500	100	200	100	100	6000	22260
22267	变异比翼鸟	2226	85	9	1	0	1	10	692	550000	-1	-1	728	900000	670	500000	660	350000	655	300000	-1	-1	-1	-1	-1	-1	-1	-1	-1	-1	-1	-1	94971	1039	1187	1929	1187	1633	1357	1492	1560	1764	2035	500	100	200	100	100	6000	22260
22269	比翼鸟宝宝	2226	85	9	0	1	1	10	692	550000	-1	-1	728	900000	670	500000	660	350000	655	300000	-1	-1	-1	-1	-1	-1	-1	-1	-1	-1	-1	-1	94971	799	913	1484	913	1256	1357	1492	1560	1764	2035	500	100	200	100	100	6000	22260
22270	成年比翼鸟	2227	95	9	0	0	1	10	692	600000	-1	-1	728	900000	670	550000	660	400000	655	350000	-1	-1	-1	-1	-1	-1	-1	-1	-1	-1	-1	-1	98563	828	946	1608	946	1301	1459	1604	1677	1896	2188	500	100	200	100	100	6000	22270
22271	变异比翼鸟	2227	95	9	1	0	1	10	692	600000	-1	-1	728	900000	670	550000	660	400000	655	350000	-1	-1	-1	-1	-1	-1	-1	-1	-1	-1	-1	-1	98563	859	981	1669	981	1350	1459	1604	1677	1896	2188	500	100	200	100	100	6000	22270
22272	变异比翼鸟	2227	95	9	1	0	1	10	692	600000	-1	-1	728	900000	670	550000	660	400000	655	350000	-1	-1	-1	-1	-1	-1	-1	-1	-1	-1	-1	-1	98563	890	1017	1729	1017	1398	1459	1604	1677	1896	2188	500	100	200	100	100	6000	22270
22273	变异比翼鸟	2227	95	9	1	0	1	10	692	600000	-1	-1	728	900000	670	550000	660	400000	655	350000	-1	-1	-1	-1	-1	-1	-1	-1	-1	-1	-1	-1	98563	921	1052	1789	1052	1447	1459	1604	1677	1896	2188	500	100	200	100	100	6000	22270
22274	变异比翼鸟	2227	95	9	1	0	1	10	692	600000	-1	-1	728	900000	670	550000	660	400000	655	350000	-1	-1	-1	-1	-1	-1	-1	-1	-1	-1	-1	-1	98563	952	1088	1850	1088	1496	1459	1604	1677	1896	2188	500	100	200	100	100	6000	22270
22275	变异比翼鸟	2227	95	9	1	0	1	10	692	600000	-1	-1	728	900000	670	550000	660	400000	655	350000	-1	-1	-1	-1	-1	-1	-1	-1	-1	-1	-1	-1	98563	983	1123	1910	1123	1545	1459	1604	1677	1896	2188	500	100	200	100	100	6000	22270
22276	变异比翼鸟	2227	95	9	1	0	1	10	692	600000	-1	-1	728	900000	670	550000	660	400000	655	350000	-1	-1	-1	-1	-1	-1	-1	-1	-1	-1	-1	-1	98563	1014	1159	1970	1159	1594	1459	1604	1677	1896	2188	500	100	200	100	100	6000	22270
22277	变异比翼鸟	2227	95	9	1	0	1	10	692	600000	-1	-1	728	900000	670	550000	660	400000	655	350000	-1	-1	-1	-1	-1	-1	-1	-1	-1	-1	-1	-1	98563	1045	1194	2031	1194	1642	1459	1604	1677	1896	2188	500	100	200	100	100	6000	22270
22278	变异比翼鸟	2227	95	9	1	0	1	10	692	600000	-1	-1	728	900000	670	550000	660	400000	655	350000	-1	-1	-1	-1	-1	-1	-1	-1	-1	-1	-1	-1	98563	1076	1230	2091	1230	1691	1459	1604	1677	1896	2188	500	100	200	100	100	6000	22270
22279	比翼鸟宝宝	2227	95	9	0	1	1	10	692	600000	-1	-1	728	900000	670	550000	660	400000	655	350000	-1	-1	-1	-1	-1	-1	-1	-1	-1	-1	-1	-1	98563	828	946	1608	946	1301	1459	1604	1677	1896	2188	500	100	200	100	100	6000	22270
22280	成年呆呆牛	2228	5	9	0	0	100	10	694	300000	-1	-1	722	900000	662	250000	661	100000	653	50000	-1	-1	-1	-1	-1	-1	-1	-1	-1	-1	-1	-1	77012	1219	1031	656	844	656	846	930	972	1099	1269	100	100	200	100	500	6000	22280
22281	变异呆呆牛	2228	5	9	1	0	100	10	694	300000	-1	-1	722	900000	662	250000	661	100000	653	50000	-1	-1	-1	-1	-1	-1	-1	-1	-1	-1	-1	-1	77012	1402	1186	755	970	755	846	930	972	1099	1269	100	100	200	100	500	6000	22280
22282	变异呆呆牛	2228	5	9	1	0	100	10	694	300000	-1	-1	722	900000	662	250000	661	100000	653	50000	-1	-1	-1	-1	-1	-1	-1	-1	-1	-1	-1	-1	77012	1585	1341	853	1097	853	846	930	972	1099	1269	100	100	200	100	500	6000	22280
22289	呆呆牛宝宝	2228	5	9	0	1	100	10	694	300000	-1	-1	722	900000	662	250000	661	100000	653	50000	-1	-1	-1	-1	-1	-1	-1	-1	-1	-1	-1	-1	77012	1219	1031	656	844	656	846	930	972	1099	1269	100	100	200	100	500	6000	22280
22290	成年呆呆牛	2229	45	9	0	0	100	10	694	350000	-1	-1	722	900000	662	300000	661	150000	653	100000	-1	-1	-1	-1	-1	-1	-1	-1	-1	-1	-1	-1	80604	1272	1076	685	881	685	948	1042	1090	1232	1422	100	100	200	100	500	6000	22290
22291	变异呆呆牛	2229	45	9	1	0	100	10	694	350000	-1	-1	722	900000	662	300000	661	150000	653	100000	-1	-1	-1	-1	-1	-1	-1	-1	-1	-1	-1	-1	80604	1399	1184	753	969	753	948	1042	1090	1232	1422	100	100	200	100	500	6000	22290
22292	变异呆呆牛	2229	45	9	1	0	100	10	694	350000	-1	-1	722	900000	662	300000	661	150000	653	100000	-1	-1	-1	-1	-1	-1	-1	-1	-1	-1	-1	-1	80604	1527	1292	822	1057	822	948	1042	1090	1232	1422	100	100	200	100	500	6000	22290
22293	变异呆呆牛	2229	45	9	1	0	100	10	694	350000	-1	-1	722	900000	662	300000	661	150000	653	100000	-1	-1	-1	-1	-1	-1	-1	-1	-1	-1	-1	-1	80604	1654	1399	890	1145	890	948	1042	1090	1232	1422	100	100	200	100	500	6000	22290
22299	呆呆牛宝宝	2229	45	9	0	1	100	10	694	350000	-1	-1	722	900000	662	300000	661	150000	653	100000	-1	-1	-1	-1	-1	-1	-1	-1	-1	-1	-1	-1	80604	1272	1076	685	881	685	948	1042	1090	1232	1422	100	100	200	100	500	6000	22290
22300	成年呆呆牛	2230	55	9	0	0	100	10	694	400000	-1	-1	722	900000	662	350000	661	200000	653	150000	-1	-1	-1	-1	-1	-1	-1	-1	-1	-1	-1	-1	84195	1326	1122	714	918	714	1051	1156	1208	1366	1576	100	100	200	100	500	6000	22300
22301	变异呆呆牛	2230	55	9	1	0	100	10	694	400000	-1	-1	722	900000	662	350000	661	200000	653	150000	-1	-1	-1	-1	-1	-1	-1	-1	-1	-1	-1	-1	84195	1425	1206	767	986	767	1051	1156	1208	1366	1576	100	100	200	100	500	6000	22300
22302	变异呆呆牛	2230	55	9	1	0	100	10	694	400000	-1	-1	722	900000	662	350000	661	200000	653	150000	-1	-1	-1	-1	-1	-1	-1	-1	-1	-1	-1	-1	84195	1524	1290	821	1055	821	1051	1156	1208	1366	1576	100	100	200	100	500	6000	22300
22303	变异呆呆牛	2230	55	9	1	0	100	10	694	400000	-1	-1	722	900000	662	350000	661	200000	653	150000	-1	-1	-1	-1	-1	-1	-1	-1	-1	-1	-1	-1	84195	1624	1374	874	1124	874	1051	1156	1208	1366	1576	100	100	200	100	500	6000	22300
22304	变异呆呆牛	2230	55	9	1	0	100	10	694	400000	-1	-1	722	900000	662	350000	661	200000	653	150000	-1	-1	-1	-1	-1	-1	-1	-1	-1	-1	-1	-1	84195	1723	1458	928	1193	928	1051	1156	1208	1366	1576	100	100	200	100	500	6000	22300
22309	呆呆牛宝宝	2230	55	9	0	1	100	10	694	400000	-1	-1	722	900000	662	350000	661	200000	653	150000	-1	-1	-1	-1	-1	-1	-1	-1	-1	-1	-1	-1	84195	1326	1122	714	918	714	1051	1156	1208	1366	1576	100	100	200	100	500	6000	22300
22310	成年呆呆牛	2231	65	9	0	0	100	10	694	450000	-1	-1	722	900000	662	400000	661	250000	653	200000	-1	-1	-1	-1	-1	-1	-1	-1	-1	-1	-1	-1	87787	1379	1167	742	954	742	1153	1268	1325	1498	1729	100	100	200	100	500	6000	22310
22311	变异呆呆牛	2231	65	9	1	0	100	10	694	450000	-1	-1	722	900000	662	400000	661	250000	653	200000	-1	-1	-1	-1	-1	-1	-1	-1	-1	-1	-1	-1	87787	1462	1237	787	1012	787	1153	1268	1325	1498	1729	100	100	200	100	500	6000	22310
22312	变异呆呆牛	2231	65	9	1	0	100	10	694	450000	-1	-1	722	900000	662	400000	661	250000	653	200000	-1	-1	-1	-1	-1	-1	-1	-1	-1	-1	-1	-1	87787	1544	1307	831	1069	831	1153	1268	1325	1498	1729	100	100	200	100	500	6000	22310
22313	变异呆呆牛	2231	65	9	1	0	100	10	694	450000	-1	-1	722	900000	662	400000	661	250000	653	200000	-1	-1	-1	-1	-1	-1	-1	-1	-1	-1	-1	-1	87787	1627	1377	876	1126	876	1153	1268	1325	1498	1729	100	100	200	100	500	6000	22310
22314	变异呆呆牛	2231	65	9	1	0	100	10	694	450000	-1	-1	722	900000	662	400000	661	250000	653	200000	-1	-1	-1	-1	-1	-1	-1	-1	-1	-1	-1	-1	87787	1710	1447	920	1184	920	1153	1268	1325	1498	1729	100	100	200	100	500	6000	22310
22315	变异呆呆牛	2231	65	9	1	0	100	10	694	450000	-1	-1	722	900000	662	400000	661	250000	653	200000	-1	-1	-1	-1	-1	-1	-1	-1	-1	-1	-1	-1	87787	1793	1517	965	1241	965	1153	1268	1325	1498	1729	100	100	200	100	500	6000	22310
22319	呆呆牛宝宝	2231	65	9	0	1	100	10	694	450000	-1	-1	722	900000	662	400000	661	250000	653	200000	-1	-1	-1	-1	-1	-1	-1	-1	-1	-1	-1	-1	87787	1379	1167	742	954	742	1153	1268	1325	1498	1729	100	100	200	100	500	6000	22310
22320	成年呆呆牛	2232	75	9	0	0	100	10	694	500000	-1	-1	722	900000	662	450000	661	300000	653	250000	-1	-1	-1	-1	-1	-1	-1	-1	-1	-1	-1	-1	91379	1432	1212	771	991	771	1255	1380	1443	1631	1882	100	100	200	100	500	6000	22320
22321	变异呆呆牛	2232	75	9	1	0	100	10	694	500000	-1	-1	722	900000	662	450000	661	300000	653	250000	-1	-1	-1	-1	-1	-1	-1	-1	-1	-1	-1	-1	91379	1504	1272	809	1041	809	1255	1380	1443	1631	1882	100	100	200	100	500	6000	22320
22322	变异呆呆牛	2232	75	9	1	0	100	10	694	500000	-1	-1	722	900000	662	450000	661	300000	653	250000	-1	-1	-1	-1	-1	-1	-1	-1	-1	-1	-1	-1	91379	1575	1333	848	1090	848	1255	1380	1443	1631	1882	100	100	200	100	500	6000	22320
22323	变异呆呆牛	2232	75	9	1	0	100	10	694	500000	-1	-1	722	900000	662	450000	661	300000	653	250000	-1	-1	-1	-1	-1	-1	-1	-1	-1	-1	-1	-1	91379	1647	1394	887	1140	887	1255	1380	1443	1631	1882	100	100	200	100	500	6000	22320
22324	变异呆呆牛	2232	75	9	1	0	100	10	694	500000	-1	-1	722	900000	662	450000	661	300000	653	250000	-1	-1	-1	-1	-1	-1	-1	-1	-1	-1	-1	-1	91379	1719	1454	925	1190	925	1255	1380	1443	1631	1882	100	100	200	100	500	6000	22320
22325	变异呆呆牛	2232	75	9	1	0	100	10	694	500000	-1	-1	722	900000	662	450000	661	300000	653	250000	-1	-1	-1	-1	-1	-1	-1	-1	-1	-1	-1	-1	91379	1790	1515	964	1239	964	1255	1380	1443	1631	1882	100	100	200	100	500	6000	22320
22326	变异呆呆牛	2232	75	9	1	0	100	10	694	500000	-1	-1	722	900000	662	450000	661	300000	653	250000	-1	-1	-1	-1	-1	-1	-1	-1	-1	-1	-1	-1	91379	1862	1575	1002	1289	1002	1255	1380	1443	1631	1882	100	100	200	100	500	6000	22320
22329	呆呆牛宝宝	2232	75	9	0	1	100	10	694	500000	-1	-1	722	900000	662	450000	661	300000	653	250000	-1	-1	-1	-1	-1	-1	-1	-1	-1	-1	-1	-1	91379	1432	1212	771	991	771	1255	1380	1443	1631	1882	100	100	200	100	500	6000	22320
22330	成年呆呆牛	2233	85	9	0	0	100	10	694	550000	-1	-1	722	900000	662	500000	661	350000	653	300000	-1	-1	-1	-1	-1	-1	-1	-1	-1	-1	-1	-1	94971	1484	1256	799	1027	799	1357	1492	1560	1764	2035	100	100	200	100	500	6000	22330
22331	变异呆呆牛	2233	85	9	1	0	100	10	694	550000	-1	-1	722	900000	662	500000	661	350000	653	300000	-1	-1	-1	-1	-1	-1	-1	-1	-1	-1	-1	-1	94971	1548	1310	833	1071	833	1357	1492	1560	1764	2035	100	100	200	100	500	6000	22330
22332	变异呆呆牛	2233	85	9	1	0	100	10	694	550000	-1	-1	722	900000	662	500000	661	350000	653	300000	-1	-1	-1	-1	-1	-1	-1	-1	-1	-1	-1	-1	94971	1611	1363	867	1115	867	1357	1492	1560	1764	2035	100	100	200	100	500	6000	22330
22333	变异呆呆牛	2233	85	9	1	0	100	10	694	550000	-1	-1	722	900000	662	500000	661	350000	653	300000	-1	-1	-1	-1	-1	-1	-1	-1	-1	-1	-1	-1	94971	1675	1417	902	1159	902	1357	1492	1560	1764	2035	100	100	200	100	500	6000	22330
22334	变异呆呆牛	2233	85	9	1	0	100	10	694	550000	-1	-1	722	900000	662	500000	661	350000	653	300000	-1	-1	-1	-1	-1	-1	-1	-1	-1	-1	-1	-1	94971	1739	1471	936	1203	936	1357	1492	1560	1764	2035	100	100	200	100	500	6000	22330
22335	变异呆呆牛	2233	85	9	1	0	100	10	694	550000	-1	-1	722	900000	662	500000	661	350000	653	300000	-1	-1	-1	-1	-1	-1	-1	-1	-1	-1	-1	-1	94971	1802	1525	970	1248	970	1357	1492	1560	1764	2035	100	100	200	100	500	6000	22330
22336	变异呆呆牛	2233	85	9	1	0	100	10	694	550000	-1	-1	722	900000	662	500000	661	350000	653	300000	-1	-1	-1	-1	-1	-1	-1	-1	-1	-1	-1	-1	94971	1866	1579	1004	1292	1004	1357	1492	1560	1764	2035	100	100	200	100	500	6000	22330
22337	变异呆呆牛	2233	85	9	1	0	100	10	694	550000	-1	-1	722	900000	662	500000	661	350000	653	300000	-1	-1	-1	-1	-1	-1	-1	-1	-1	-1	-1	-1	94971	1929	1633	1039	1336	1039	1357	1492	1560	1764	2035	100	100	200	100	500	6000	22330
22339	呆呆牛宝宝	2233	85	9	0	1	100	10	694	550000	-1	-1	722	900000	662	500000	661	350000	653	300000	-1	-1	-1	-1	-1	-1	-1	-1	-1	-1	-1	-1	94971	1484	1256	799	1027	799	1357	1492	1560	1764	2035	100	100	200	100	500	6000	22330
22340	成年呆呆牛	2234	95	9	0	0	100	10	694	600000	-1	-1	722	900000	662	550000	661	400000	653	350000	-1	-1	-1	-1	-1	-1	-1	-1	-1	-1	-1	-1	98563	1608	1301	828	1064	828	1459	1604	1677	1896	2188	100	100	200	100	500	6000	22340
22341	变异呆呆牛	2234	95	9	1	0	100	10	694	600000	-1	-1	722	900000	662	550000	661	400000	653	350000	-1	-1	-1	-1	-1	-1	-1	-1	-1	-1	-1	-1	98563	1669	1350	859	1104	859	1459	1604	1677	1896	2188	100	100	200	100	500	6000	22340
22342	变异呆呆牛	2234	95	9	1	0	100	10	694	600000	-1	-1	722	900000	662	550000	661	400000	653	350000	-1	-1	-1	-1	-1	-1	-1	-1	-1	-1	-1	-1	98563	1729	1398	890	1144	890	1459	1604	1677	1896	2188	100	100	200	100	500	6000	22340
22343	变异呆呆牛	2234	95	9	1	0	100	10	694	600000	-1	-1	722	900000	662	550000	661	400000	653	350000	-1	-1	-1	-1	-1	-1	-1	-1	-1	-1	-1	-1	98563	1789	1447	921	1184	921	1459	1604	1677	1896	2188	100	100	200	100	500	6000	22340
22344	变异呆呆牛	2234	95	9	1	0	100	10	694	600000	-1	-1	722	900000	662	550000	661	400000	653	350000	-1	-1	-1	-1	-1	-1	-1	-1	-1	-1	-1	-1	98563	1850	1496	952	1224	952	1459	1604	1677	1896	2188	100	100	200	100	500	6000	22340
22345	变异呆呆牛	2234	95	9	1	0	100	10	694	600000	-1	-1	722	900000	662	550000	661	400000	653	350000	-1	-1	-1	-1	-1	-1	-1	-1	-1	-1	-1	-1	98563	1910	1545	983	1264	983	1459	1604	1677	1896	2188	100	100	200	100	500	6000	22340
22346	变异呆呆牛	2234	95	9	1	0	100	10	694	600000	-1	-1	722	900000	662	550000	661	400000	653	350000	-1	-1	-1	-1	-1	-1	-1	-1	-1	-1	-1	-1	98563	1970	1594	1014	1304	1014	1459	1604	1677	1896	2188	100	100	200	100	500	6000	22340
22347	变异呆呆牛	2234	95	9	1	0	100	10	694	600000	-1	-1	722	900000	662	550000	661	400000	653	350000	-1	-1	-1	-1	-1	-1	-1	-1	-1	-1	-1	-1	98563	2031	1642	1045	1344	1045	1459	1604	1677	1896	2188	100	100	200	100	500	6000	22340
22348	变异呆呆牛	2234	95	9	1	0	100	10	694	600000	-1	-1	722	900000	662	550000	661	400000	653	350000	-1	-1	-1	-1	-1	-1	-1	-1	-1	-1	-1	-1	98563	2091	1691	1076	1384	1076	1459	1604	1677	1896	2188	100	100	200	100	500	6000	22340
22349	呆呆牛宝宝	2234	95	9	0	1	100	10	694	600000	-1	-1	722	900000	662	550000	661	400000	653	350000	-1	-1	-1	-1	-1	-1	-1	-1	-1	-1	-1	-1	98563	1608	1301	828	1064	828	1459	1604	1677	1896	2188	100	100	200	100	500	6000	22340
22350	成年珍奇牛	2235	5	9	0	0	100	10	737	300000	-1	-1	726	900000	662	250000	734	100000	653	50000	-1	-1	-1	-1	-1	-1	-1	-1	-1	-1	-1	-1	77012	938	938	938	938	938	846	930	972	1099	1269	100	100	500	100	200	6000	22350
22351	变异珍奇牛	2235	5	9	1	0	100	10	737	300000	-1	-1	726	900000	662	250000	734	100000	653	50000	-1	-1	-1	-1	-1	-1	-1	-1	-1	-1	-1	-1	77012	1078	1078	1078	1078	1078	846	930	972	1099	1269	100	100	500	100	200	6000	22350
22352	变异珍奇牛	2235	5	9	1	0	100	10	737	300000	-1	-1	726	900000	662	250000	734	100000	653	50000	-1	-1	-1	-1	-1	-1	-1	-1	-1	-1	-1	-1	77012	1219	1219	1219	1219	1219	846	930	972	1099	1269	100	100	500	100	200	6000	22350
22359	珍奇牛宝宝	2235	5	9	0	1	100	10	737	300000	-1	-1	726	900000	662	250000	734	100000	653	50000	-1	-1	-1	-1	-1	-1	-1	-1	-1	-1	-1	-1	77012	938	938	938	938	938	846	930	972	1099	1269	100	100	500	100	200	6000	22350
22360	成年珍奇牛	2236	45	9	0	0	100	10	737	350000	-1	-1	726	900000	662	300000	734	150000	653	100000	-1	-1	-1	-1	-1	-1	-1	-1	-1	-1	-1	-1	80604	979	979	979	979	979	948	1042	1090	1232	1422	100	100	500	100	200	6000	22360
22361	变异珍奇牛	2236	45	9	1	0	100	10	737	350000	-1	-1	726	900000	662	300000	734	150000	653	100000	-1	-1	-1	-1	-1	-1	-1	-1	-1	-1	-1	-1	80604	1076	1076	1076	1076	1076	948	1042	1090	1232	1422	100	100	500	100	200	6000	22360
22362	变异珍奇牛	2236	45	9	1	0	100	10	737	350000	-1	-1	726	900000	662	300000	734	150000	653	100000	-1	-1	-1	-1	-1	-1	-1	-1	-1	-1	-1	-1	80604	1174	1174	1174	1174	1174	948	1042	1090	1232	1422	100	100	500	100	200	6000	22360
22363	变异珍奇牛	2236	45	9	1	0	100	10	737	350000	-1	-1	726	900000	662	300000	734	150000	653	100000	-1	-1	-1	-1	-1	-1	-1	-1	-1	-1	-1	-1	80604	1272	1272	1272	1272	1272	948	1042	1090	1232	1422	100	100	500	100	200	6000	22360
22369	珍奇牛宝宝	2236	45	9	0	1	100	10	737	350000	-1	-1	726	900000	662	300000	734	150000	653	100000	-1	-1	-1	-1	-1	-1	-1	-1	-1	-1	-1	-1	80604	979	979	979	979	979	948	1042	1090	1232	1422	100	100	500	100	200	6000	22360
22370	成年珍奇牛	2237	55	9	0	0	100	10	737	400000	-1	-1	726	900000	662	350000	734	200000	653	150000	-1	-1	-1	-1	-1	-1	-1	-1	-1	-1	-1	-1	84195	1020	1020	1020	1020	1020	1051	1156	1208	1366	1576	100	100	500	100	200	6000	22370
22371	变异珍奇牛	2237	55	9	1	0	100	10	737	400000	-1	-1	726	900000	662	350000	734	200000	653	150000	-1	-1	-1	-1	-1	-1	-1	-1	-1	-1	-1	-1	84195	1096	1096	1096	1096	1096	1051	1156	1208	1366	1576	100	100	500	100	200	6000	22370
22372	变异珍奇牛	2237	55	9	1	0	100	10	737	400000	-1	-1	726	900000	662	350000	734	200000	653	150000	-1	-1	-1	-1	-1	-1	-1	-1	-1	-1	-1	-1	84195	1173	1173	1173	1173	1173	1051	1156	1208	1366	1576	100	100	500	100	200	6000	22370
22373	变异珍奇牛	2237	55	9	1	0	100	10	737	400000	-1	-1	726	900000	662	350000	734	200000	653	150000	-1	-1	-1	-1	-1	-1	-1	-1	-1	-1	-1	-1	84195	1249	1249	1249	1249	1249	1051	1156	1208	1366	1576	100	100	500	100	200	6000	22370
22374	变异珍奇牛	2237	55	9	1	0	100	10	737	400000	-1	-1	726	900000	662	350000	734	200000	653	150000	-1	-1	-1	-1	-1	-1	-1	-1	-1	-1	-1	-1	84195	1326	1326	1326	1326	1326	1051	1156	1208	1366	1576	100	100	500	100	200	6000	22370
22379	珍奇牛宝宝	2237	55	9	0	1	100	10	737	400000	-1	-1	726	900000	662	350000	734	200000	653	150000	-1	-1	-1	-1	-1	-1	-1	-1	-1	-1	-1	-1	84195	1020	1020	1020	1020	1020	1051	1156	1208	1366	1576	100	100	500	100	200	6000	22370
22380	成年珍奇牛	2238	65	9	0	0	100	10	737	450000	-1	-1	726	900000	662	400000	734	250000	653	200000	-1	-1	-1	-1	-1	-1	-1	-1	-1	-1	-1	-1	87787	1061	1061	1061	1061	1061	1153	1268	1325	1498	1729	100	100	500	100	200	6000	22380
22381	变异珍奇牛	2238	65	9	1	0	100	10	737	450000	-1	-1	726	900000	662	400000	734	250000	653	200000	-1	-1	-1	-1	-1	-1	-1	-1	-1	-1	-1	-1	87787	1124	1124	1124	1124	1124	1153	1268	1325	1498	1729	100	100	500	100	200	6000	22380
22382	变异珍奇牛	2238	65	9	1	0	100	10	737	450000	-1	-1	726	900000	662	400000	734	250000	653	200000	-1	-1	-1	-1	-1	-1	-1	-1	-1	-1	-1	-1	87787	1188	1188	1188	1188	1188	1153	1268	1325	1498	1729	100	100	500	100	200	6000	22380
22383	变异珍奇牛	2238	65	9	1	0	100	10	737	450000	-1	-1	726	900000	662	400000	734	250000	653	200000	-1	-1	-1	-1	-1	-1	-1	-1	-1	-1	-1	-1	87787	1251	1251	1251	1251	1251	1153	1268	1325	1498	1729	100	100	500	100	200	6000	22380
22384	变异珍奇牛	2238	65	9	1	0	100	10	737	450000	-1	-1	726	900000	662	400000	734	250000	653	200000	-1	-1	-1	-1	-1	-1	-1	-1	-1	-1	-1	-1	87787	1315	1315	1315	1315	1315	1153	1268	1325	1498	1729	100	100	500	100	200	6000	22380
22385	变异珍奇牛	2238	65	9	1	0	100	10	737	450000	-1	-1	726	900000	662	400000	734	250000	653	200000	-1	-1	-1	-1	-1	-1	-1	-1	-1	-1	-1	-1	87787	1379	1379	1379	1379	1379	1153	1268	1325	1498	1729	100	100	500	100	200	6000	22380
22389	珍奇牛宝宝	2238	65	9	0	1	100	10	737	450000	-1	-1	726	900000	662	400000	734	250000	653	200000	-1	-1	-1	-1	-1	-1	-1	-1	-1	-1	-1	-1	87787	1061	1061	1061	1061	1061	1153	1268	1325	1498	1729	100	100	500	100	200	6000	22380
22390	成年珍奇牛	2239	75	9	0	0	100	10	737	500000	-1	-1	726	900000	662	450000	734	300000	653	250000	-1	-1	-1	-1	-1	-1	-1	-1	-1	-1	-1	-1	91379	1102	1102	1102	1102	1102	1255	1380	1443	1631	1882	100	100	500	100	200	6000	22390
22391	变异珍奇牛	2239	75	9	1	0	100	10	737	500000	-1	-1	726	900000	662	450000	734	300000	653	250000	-1	-1	-1	-1	-1	-1	-1	-1	-1	-1	-1	-1	91379	1157	1157	1157	1157	1157	1255	1380	1443	1631	1882	100	100	500	100	200	6000	22390
22392	变异珍奇牛	2239	75	9	1	0	100	10	737	500000	-1	-1	726	900000	662	450000	734	300000	653	250000	-1	-1	-1	-1	-1	-1	-1	-1	-1	-1	-1	-1	91379	1212	1212	1212	1212	1212	1255	1380	1443	1631	1882	100	100	500	100	200	6000	22390
22393	变异珍奇牛	2239	75	9	1	0	100	10	737	500000	-1	-1	726	900000	662	450000	734	300000	653	250000	-1	-1	-1	-1	-1	-1	-1	-1	-1	-1	-1	-1	91379	1267	1267	1267	1267	1267	1255	1380	1443	1631	1882	100	100	500	100	200	6000	22390
22394	变异珍奇牛	2239	75	9	1	0	100	10	737	500000	-1	-1	726	900000	662	450000	734	300000	653	250000	-1	-1	-1	-1	-1	-1	-1	-1	-1	-1	-1	-1	91379	1322	1322	1322	1322	1322	1255	1380	1443	1631	1882	100	100	500	100	200	6000	22390
22395	变异珍奇牛	2239	75	9	1	0	100	10	737	500000	-1	-1	726	900000	662	450000	734	300000	653	250000	-1	-1	-1	-1	-1	-1	-1	-1	-1	-1	-1	-1	91379	1377	1377	1377	1377	1377	1255	1380	1443	1631	1882	100	100	500	100	200	6000	22390
22396	变异珍奇牛	2239	75	9	1	0	100	10	737	500000	-1	-1	726	900000	662	450000	734	300000	653	250000	-1	-1	-1	-1	-1	-1	-1	-1	-1	-1	-1	-1	91379	1432	1432	1432	1432	1432	1255	1380	1443	1631	1882	100	100	500	100	200	6000	22390
22399	珍奇牛宝宝	2239	75	9	0	1	100	10	737	500000	-1	-1	726	900000	662	450000	734	300000	653	250000	-1	-1	-1	-1	-1	-1	-1	-1	-1	-1	-1	-1	91379	1102	1102	1102	1102	1102	1255	1380	1443	1631	1882	100	100	500	100	200	6000	22390
22400	成年珍奇牛	2240	85	9	0	0	100	10	737	550000	-1	-1	726	900000	662	500000	734	350000	653	300000	-1	-1	-1	-1	-1	-1	-1	-1	-1	-1	-1	-1	94971	1142	1142	1142	1142	1142	1357	1492	1560	1764	2035	100	100	500	100	200	6000	22400
22401	变异珍奇牛	2240	85	9	1	0	100	10	737	550000	-1	-1	726	900000	662	500000	734	350000	653	300000	-1	-1	-1	-1	-1	-1	-1	-1	-1	-1	-1	-1	94971	1190	1190	1190	1190	1190	1357	1492	1560	1764	2035	100	100	500	100	200	6000	22400
22402	变异珍奇牛	2240	85	9	1	0	100	10	737	550000	-1	-1	726	900000	662	500000	734	350000	653	300000	-1	-1	-1	-1	-1	-1	-1	-1	-1	-1	-1	-1	94971	1239	1239	1239	1239	1239	1357	1492	1560	1764	2035	100	100	500	100	200	6000	22400
22403	变异珍奇牛	2240	85	9	1	0	100	10	737	550000	-1	-1	726	900000	662	500000	734	350000	653	300000	-1	-1	-1	-1	-1	-1	-1	-1	-1	-1	-1	-1	94971	1288	1288	1288	1288	1288	1357	1492	1560	1764	2035	100	100	500	100	200	6000	22400
22404	变异珍奇牛	2240	85	9	1	0	100	10	737	550000	-1	-1	726	900000	662	500000	734	350000	653	300000	-1	-1	-1	-1	-1	-1	-1	-1	-1	-1	-1	-1	94971	1337	1337	1337	1337	1337	1357	1492	1560	1764	2035	100	100	500	100	200	6000	22400
22405	变异珍奇牛	2240	85	9	1	0	100	10	737	550000	-1	-1	726	900000	662	500000	734	350000	653	300000	-1	-1	-1	-1	-1	-1	-1	-1	-1	-1	-1	-1	94971	1386	1386	1386	1386	1386	1357	1492	1560	1764	2035	100	100	500	100	200	6000	22400
22406	变异珍奇牛	2240	85	9	1	0	100	10	737	550000	-1	-1	726	900000	662	500000	734	350000	653	300000	-1	-1	-1	-1	-1	-1	-1	-1	-1	-1	-1	-1	94971	1435	1435	1435	1435	1435	1357	1492	1560	1764	2035	100	100	500	100	200	6000	22400
22407	变异珍奇牛	2240	85	9	1	0	100	10	737	550000	-1	-1	726	900000	662	500000	734	350000	653	300000	-1	-1	-1	-1	-1	-1	-1	-1	-1	-1	-1	-1	94971	1484	1484	1484	1484	1484	1357	1492	1560	1764	2035	100	100	500	100	200	6000	22400
22409	珍奇牛宝宝	2240	85	9	0	1	100	10	737	550000	-1	-1	726	900000	662	500000	734	350000	653	300000	-1	-1	-1	-1	-1	-1	-1	-1	-1	-1	-1	-1	94971	1142	1142	1142	1142	1142	1357	1492	1560	1764	2035	100	100	500	100	200	6000	22400
22410	成年珍奇牛	2241	95	9	0	0	100	10	737	600000	-1	-1	726	900000	662	550000	734	400000	653	350000	-1	-1	-1	-1	-1	-1	-1	-1	-1	-1	-1	-1	98563	1183	1183	1183	1183	1183	1459	1604	1677	1896	2188	100	100	500	100	200	6000	22410
22411	变异珍奇牛	2241	95	9	1	0	100	10	737	600000	-1	-1	726	900000	662	550000	734	400000	653	350000	-1	-1	-1	-1	-1	-1	-1	-1	-1	-1	-1	-1	98563	1227	1227	1227	1227	1227	1459	1604	1677	1896	2188	100	100	500	100	200	6000	22410
22412	变异珍奇牛	2241	95	9	1	0	100	10	737	600000	-1	-1	726	900000	662	550000	734	400000	653	350000	-1	-1	-1	-1	-1	-1	-1	-1	-1	-1	-1	-1	98563	1271	1271	1271	1271	1271	1459	1604	1677	1896	2188	100	100	500	100	200	6000	22410
22413	变异珍奇牛	2241	95	9	1	0	100	10	737	600000	-1	-1	726	900000	662	550000	734	400000	653	350000	-1	-1	-1	-1	-1	-1	-1	-1	-1	-1	-1	-1	98563	1316	1316	1316	1316	1316	1459	1604	1677	1896	2188	100	100	500	100	200	6000	22410
22414	变异珍奇牛	2241	95	9	1	0	100	10	737	600000	-1	-1	726	900000	662	550000	734	400000	653	350000	-1	-1	-1	-1	-1	-1	-1	-1	-1	-1	-1	-1	98563	1360	1360	1360	1360	1360	1459	1604	1677	1896	2188	100	100	500	100	200	6000	22410
22415	变异珍奇牛	2241	95	9	1	0	100	10	737	600000	-1	-1	726	900000	662	550000	734	400000	653	350000	-1	-1	-1	-1	-1	-1	-1	-1	-1	-1	-1	-1	98563	1404	1404	1404	1404	1404	1459	1604	1677	1896	2188	100	100	500	100	200	6000	22410
22416	变异珍奇牛	2241	95	9	1	0	100	10	737	600000	-1	-1	726	900000	662	550000	734	400000	653	350000	-1	-1	-1	-1	-1	-1	-1	-1	-1	-1	-1	-1	98563	1449	1449	1449	1449	1449	1459	1604	1677	1896	2188	100	100	500	100	200	6000	22410
22417	变异珍奇牛	2241	95	9	1	0	100	10	737	600000	-1	-1	726	900000	662	550000	734	400000	653	350000	-1	-1	-1	-1	-1	-1	-1	-1	-1	-1	-1	-1	98563	1493	1493	1493	1493	1493	1459	1604	1677	1896	2188	100	100	500	100	200	6000	22410
22418	变异珍奇牛	2241	95	9	1	0	100	10	737	600000	-1	-1	726	900000	662	550000	734	400000	653	350000	-1	-1	-1	-1	-1	-1	-1	-1	-1	-1	-1	-1	98563	1537	1537	1537	1537	1537	1459	1604	1677	1896	2188	100	100	500	100	200	6000	22410
22419	珍奇牛宝宝	2241	95	9	0	1	100	10	737	600000	-1	-1	726	900000	662	550000	734	400000	653	350000	-1	-1	-1	-1	-1	-1	-1	-1	-1	-1	-1	-1	98563	1183	1183	1183	1183	1183	1459	1604	1677	1896	2188	100	100	500	100	200	6000	22410
22420	成年麒麟	2242	5	9	0	0	100	10	700	300000	-1	-1	728	900000	660	250000	668	100000	-1	-1	-1	-1	-1	-1	-1	-1	-1	-1	-1	-1	-1	-1	77012	656	750	1219	750	1031	846	930	972	1099	1269	500	200	150	100	50	6000	22420
22421	变异麒麟	2242	5	9	1	0	100	10	700	300000	-1	-1	728	900000	660	250000	668	100000	-1	-1	-1	-1	-1	-1	-1	-1	-1	-1	-1	-1	-1	-1	77012	755	862	1402	862	1186	846	930	972	1099	1269	500	200	150	100	50	6000	22420
22422	变异麒麟	2242	5	9	1	0	100	10	700	300000	-1	-1	728	900000	660	250000	668	100000	-1	-1	-1	-1	-1	-1	-1	-1	-1	-1	-1	-1	-1	-1	77012	853	975	1585	975	1341	846	930	972	1099	1269	500	200	150	100	50	6000	22420
22429	麒麟宝宝	2242	5	9	0	1	100	10	700	300000	-1	-1	728	900000	660	250000	668	100000	-1	-1	-1	-1	-1	-1	-1	-1	-1	-1	-1	-1	-1	-1	77012	656	750	1219	750	1031	846	930	972	1099	1269	500	200	150	100	50	6000	22420
22430	成年麒麟	2243	45	9	0	0	100	10	700	350000	-1	-1	728	900000	660	300000	668	150000	-1	-1	-1	-1	-1	-1	-1	-1	-1	-1	-1	-1	-1	-1	80604	685	783	1272	783	1076	948	1042	1090	1232	1422	500	200	150	100	50	6000	22430
22431	变异麒麟	2243	45	9	1	0	100	10	700	350000	-1	-1	728	900000	660	300000	668	150000	-1	-1	-1	-1	-1	-1	-1	-1	-1	-1	-1	-1	-1	-1	80604	753	861	1399	861	1184	948	1042	1090	1232	1422	500	200	150	100	50	6000	22430
22432	变异麒麟	2243	45	9	1	0	100	10	700	350000	-1	-1	728	900000	660	300000	668	150000	-1	-1	-1	-1	-1	-1	-1	-1	-1	-1	-1	-1	-1	-1	80604	822	939	1527	939	1292	948	1042	1090	1232	1422	500	200	150	100	50	6000	22430
22433	变异麒麟	2243	45	9	1	0	100	10	700	350000	-1	-1	728	900000	660	300000	668	150000	-1	-1	-1	-1	-1	-1	-1	-1	-1	-1	-1	-1	-1	-1	80604	890	1018	1654	1018	1399	948	1042	1090	1232	1422	500	200	150	100	50	6000	22430
22439	麒麟宝宝	2243	45	9	0	1	100	10	700	350000	-1	-1	728	900000	660	300000	668	150000	-1	-1	-1	-1	-1	-1	-1	-1	-1	-1	-1	-1	-1	-1	80604	685	783	1272	783	1076	948	1042	1090	1232	1422	500	200	150	100	50	6000	22430
22440	成年麒麟	2244	55	9	0	0	100	10	700	400000	-1	-1	728	900000	660	350000	668	200000	-1	-1	-1	-1	-1	-1	-1	-1	-1	-1	-1	-1	-1	-1	84195	714	816	1326	816	1122	1051	1156	1208	1366	1576	500	200	150	100	50	6000	22440
22441	变异麒麟	2244	55	9	1	0	100	10	700	400000	-1	-1	728	900000	660	350000	668	200000	-1	-1	-1	-1	-1	-1	-1	-1	-1	-1	-1	-1	-1	-1	84195	767	877	1425	877	1206	1051	1156	1208	1366	1576	500	200	150	100	50	6000	22440
22442	变异麒麟	2244	55	9	1	0	100	10	700	400000	-1	-1	728	900000	660	350000	668	200000	-1	-1	-1	-1	-1	-1	-1	-1	-1	-1	-1	-1	-1	-1	84195	821	938	1524	938	1290	1051	1156	1208	1366	1576	500	200	150	100	50	6000	22440
22443	变异麒麟	2244	55	9	1	0	100	10	700	400000	-1	-1	728	900000	660	350000	668	200000	-1	-1	-1	-1	-1	-1	-1	-1	-1	-1	-1	-1	-1	-1	84195	874	999	1624	999	1374	1051	1156	1208	1366	1576	500	200	150	100	50	6000	22440
22444	变异麒麟	2244	55	9	1	0	100	10	700	400000	-1	-1	728	900000	660	350000	668	200000	-1	-1	-1	-1	-1	-1	-1	-1	-1	-1	-1	-1	-1	-1	84195	928	1060	1723	1060	1458	1051	1156	1208	1366	1576	500	200	150	100	50	6000	22440
22449	麒麟宝宝	2244	55	9	0	1	100	10	700	400000	-1	-1	728	900000	660	350000	668	200000	-1	-1	-1	-1	-1	-1	-1	-1	-1	-1	-1	-1	-1	-1	84195	714	816	1326	816	1122	1051	1156	1208	1366	1576	500	200	150	100	50	6000	22440
22450	成年麒麟	2245	65	9	0	0	100	10	700	450000	-1	-1	728	900000	660	400000	668	250000	-1	-1	-1	-1	-1	-1	-1	-1	-1	-1	-1	-1	-1	-1	87787	742	848	1379	848	1167	1153	1268	1325	1498	1729	500	200	150	100	50	6000	22450
22451	变异麒麟	2245	65	9	1	0	100	10	700	450000	-1	-1	728	900000	660	400000	668	250000	-1	-1	-1	-1	-1	-1	-1	-1	-1	-1	-1	-1	-1	-1	87787	787	899	1462	899	1237	1153	1268	1325	1498	1729	500	200	150	100	50	6000	22450
22452	变异麒麟	2245	65	9	1	0	100	10	700	450000	-1	-1	728	900000	660	400000	668	250000	-1	-1	-1	-1	-1	-1	-1	-1	-1	-1	-1	-1	-1	-1	87787	831	950	1544	950	1307	1153	1268	1325	1498	1729	500	200	150	100	50	6000	22450
22453	变异麒麟	2245	65	9	1	0	100	10	700	450000	-1	-1	728	900000	660	400000	668	250000	-1	-1	-1	-1	-1	-1	-1	-1	-1	-1	-1	-1	-1	-1	87787	876	1001	1627	1001	1377	1153	1268	1325	1498	1729	500	200	150	100	50	6000	22450
22454	变异麒麟	2245	65	9	1	0	100	10	700	450000	-1	-1	728	900000	660	400000	668	250000	-1	-1	-1	-1	-1	-1	-1	-1	-1	-1	-1	-1	-1	-1	87787	920	1052	1710	1052	1447	1153	1268	1325	1498	1729	500	200	150	100	50	6000	22450
22455	变异麒麟	2245	65	9	1	0	100	10	700	450000	-1	-1	728	900000	660	400000	668	250000	-1	-1	-1	-1	-1	-1	-1	-1	-1	-1	-1	-1	-1	-1	87787	965	1103	1793	1103	1517	1153	1268	1325	1498	1729	500	200	150	100	50	6000	22450
22459	麒麟宝宝	2245	65	9	0	1	100	10	700	450000	-1	-1	728	900000	660	400000	668	250000	-1	-1	-1	-1	-1	-1	-1	-1	-1	-1	-1	-1	-1	-1	87787	742	848	1379	848	1167	1153	1268	1325	1498	1729	500	200	150	100	50	6000	22450
22460	成年麒麟	2246	75	9	0	0	100	10	700	500000	-1	-1	728	900000	660	450000	668	300000	-1	-1	-1	-1	-1	-1	-1	-1	-1	-1	-1	-1	-1	-1	91379	771	881	1432	881	1212	1255	1380	1443	1631	1882	500	200	150	100	50	6000	22460
22461	变异麒麟	2246	75	9	1	0	100	10	700	500000	-1	-1	728	900000	660	450000	668	300000	-1	-1	-1	-1	-1	-1	-1	-1	-1	-1	-1	-1	-1	-1	91379	809	925	1504	925	1272	1255	1380	1443	1631	1882	500	200	150	100	50	6000	22460
22462	变异麒麟	2246	75	9	1	0	100	10	700	500000	-1	-1	728	900000	660	450000	668	300000	-1	-1	-1	-1	-1	-1	-1	-1	-1	-1	-1	-1	-1	-1	91379	848	969	1575	969	1333	1255	1380	1443	1631	1882	500	200	150	100	50	6000	22460
22463	变异麒麟	2246	75	9	1	0	100	10	700	500000	-1	-1	728	900000	660	450000	668	300000	-1	-1	-1	-1	-1	-1	-1	-1	-1	-1	-1	-1	-1	-1	91379	887	1013	1647	1013	1394	1255	1380	1443	1631	1882	500	200	150	100	50	6000	22460
22464	变异麒麟	2246	75	9	1	0	100	10	700	500000	-1	-1	728	900000	660	450000	668	300000	-1	-1	-1	-1	-1	-1	-1	-1	-1	-1	-1	-1	-1	-1	91379	925	1057	1719	1057	1454	1255	1380	1443	1631	1882	500	200	150	100	50	6000	22460
22465	变异麒麟	2246	75	9	1	0	100	10	700	500000	-1	-1	728	900000	660	450000	668	300000	-1	-1	-1	-1	-1	-1	-1	-1	-1	-1	-1	-1	-1	-1	91379	964	1102	1790	1102	1515	1255	1380	1443	1631	1882	500	200	150	100	50	6000	22460
22466	变异麒麟	2246	75	9	1	0	100	10	700	500000	-1	-1	728	900000	660	450000	668	300000	-1	-1	-1	-1	-1	-1	-1	-1	-1	-1	-1	-1	-1	-1	91379	1002	1146	1862	1146	1575	1255	1380	1443	1631	1882	500	200	150	100	50	6000	22460
22469	麒麟宝宝	2246	75	9	0	1	100	10	700	500000	-1	-1	728	900000	660	450000	668	300000	-1	-1	-1	-1	-1	-1	-1	-1	-1	-1	-1	-1	-1	-1	91379	771	881	1432	881	1212	1255	1380	1443	1631	1882	500	200	150	100	50	6000	22460
22470	成年麒麟	2247	85	9	0	0	100	10	700	550000	-1	-1	728	900000	660	500000	668	350000	-1	-1	-1	-1	-1	-1	-1	-1	-1	-1	-1	-1	-1	-1	94971	799	913	1484	913	1256	1357	1492	1560	1764	2035	500	200	150	100	50	6000	22470
22471	变异麒麟	2247	85	9	1	0	100	10	700	550000	-1	-1	728	900000	660	500000	668	350000	-1	-1	-1	-1	-1	-1	-1	-1	-1	-1	-1	-1	-1	-1	94971	833	952	1548	952	1310	1357	1492	1560	1764	2035	500	200	150	100	50	6000	22470
22472	变异麒麟	2247	85	9	1	0	100	10	700	550000	-1	-1	728	900000	660	500000	668	350000	-1	-1	-1	-1	-1	-1	-1	-1	-1	-1	-1	-1	-1	-1	94971	867	991	1611	991	1363	1357	1492	1560	1764	2035	500	200	150	100	50	6000	22470
22473	变异麒麟	2247	85	9	1	0	100	10	700	550000	-1	-1	728	900000	660	500000	668	350000	-1	-1	-1	-1	-1	-1	-1	-1	-1	-1	-1	-1	-1	-1	94971	902	1031	1675	1031	1417	1357	1492	1560	1764	2035	500	200	150	100	50	6000	22470
22474	变异麒麟	2247	85	9	1	0	100	10	700	550000	-1	-1	728	900000	660	500000	668	350000	-1	-1	-1	-1	-1	-1	-1	-1	-1	-1	-1	-1	-1	-1	94971	936	1070	1739	1070	1471	1357	1492	1560	1764	2035	500	200	150	100	50	6000	22470
22475	变异麒麟	2247	85	9	1	0	100	10	700	550000	-1	-1	728	900000	660	500000	668	350000	-1	-1	-1	-1	-1	-1	-1	-1	-1	-1	-1	-1	-1	-1	94971	970	1109	1802	1109	1525	1357	1492	1560	1764	2035	500	200	150	100	50	6000	22470
22476	变异麒麟	2247	85	9	1	0	100	10	700	550000	-1	-1	728	900000	660	500000	668	350000	-1	-1	-1	-1	-1	-1	-1	-1	-1	-1	-1	-1	-1	-1	94971	1004	1148	1866	1148	1579	1357	1492	1560	1764	2035	500	200	150	100	50	6000	22470
22477	变异麒麟	2247	85	9	1	0	100	10	700	550000	-1	-1	728	900000	660	500000	668	350000	-1	-1	-1	-1	-1	-1	-1	-1	-1	-1	-1	-1	-1	-1	94971	1039	1187	1929	1187	1633	1357	1492	1560	1764	2035	500	200	150	100	50	6000	22470
22479	麒麟宝宝	2247	85	9	0	1	100	10	700	550000	-1	-1	728	900000	660	500000	668	350000	-1	-1	-1	-1	-1	-1	-1	-1	-1	-1	-1	-1	-1	-1	94971	799	913	1484	913	1256	1357	1492	1560	1764	2035	500	200	150	100	50	6000	22470
22480	成年麒麟	2248	95	9	0	0	100	10	700	600000	-1	-1	728	900000	660	550000	668	400000	-1	-1	-1	-1	-1	-1	-1	-1	-1	-1	-1	-1	-1	-1	98563	828	946	1608	946	1301	1459	1604	1677	1896	2188	500	200	150	100	50	6000	22480
22481	变异麒麟	2248	95	9	1	0	100	10	700	600000	-1	-1	728	900000	660	550000	668	400000	-1	-1	-1	-1	-1	-1	-1	-1	-1	-1	-1	-1	-1	-1	98563	859	981	1669	981	1350	1459	1604	1677	1896	2188	500	200	150	100	50	6000	22480
22482	变异麒麟	2248	95	9	1	0	100	10	700	600000	-1	-1	728	900000	660	550000	668	400000	-1	-1	-1	-1	-1	-1	-1	-1	-1	-1	-1	-1	-1	-1	98563	890	1017	1729	1017	1398	1459	1604	1677	1896	2188	500	200	150	100	50	6000	22480
22483	变异麒麟	2248	95	9	1	0	100	10	700	600000	-1	-1	728	900000	660	550000	668	400000	-1	-1	-1	-1	-1	-1	-1	-1	-1	-1	-1	-1	-1	-1	98563	921	1052	1789	1052	1447	1459	1604	1677	1896	2188	500	200	150	100	50	6000	22480
22484	变异麒麟	2248	95	9	1	0	100	10	700	600000	-1	-1	728	900000	660	550000	668	400000	-1	-1	-1	-1	-1	-1	-1	-1	-1	-1	-1	-1	-1	-1	98563	952	1088	1850	1088	1496	1459	1604	1677	1896	2188	500	200	150	100	50	6000	22480
22485	变异麒麟	2248	95	9	1	0	100	10	700	600000	-1	-1	728	900000	660	550000	668	400000	-1	-1	-1	-1	-1	-1	-1	-1	-1	-1	-1	-1	-1	-1	98563	983	1123	1910	1123	1545	1459	1604	1677	1896	2188	500	200	150	100	50	6000	22480
22486	变异麒麟	2248	95	9	1	0	100	10	700	600000	-1	-1	728	900000	660	550000	668	400000	-1	-1	-1	-1	-1	-1	-1	-1	-1	-1	-1	-1	-1	-1	98563	1014	1159	1970	1159	1594	1459	1604	1677	1896	2188	500	200	150	100	50	6000	22480
22487	变异麒麟	2248	95	9	1	0	100	10	700	600000	-1	-1	728	900000	660	550000	668	400000	-1	-1	-1	-1	-1	-1	-1	-1	-1	-1	-1	-1	-1	-1	98563	1045	1194	2031	1194	1642	1459	1604	1677	1896	2188	500	200	150	100	50	6000	22480
22488	变异麒麟	2248	95	9	1	0	100	10	700	600000	-1	-1	728	900000	660	550000	668	400000	-1	-1	-1	-1	-1	-1	-1	-1	-1	-1	-1	-1	-1	-1	98563	1076	1230	2091	1230	1691	1459	1604	1677	1896	2188	500	200	150	100	50	6000	22480
22489	麒麟宝宝	2248	95	9	0	1	100	10	700	600000	-1	-1	728	900000	660	550000	668	400000	-1	-1	-1	-1	-1	-1	-1	-1	-1	-1	-1	-1	-1	-1	98563	828	946	1608	946	1301	1459	1604	1677	1896	2188	500	200	150	100	50	6000	22480
22490	成年go仔	2249	5	9	0	0	100	10	694	300000	-1	-1	722	900000	662	250000	661	100000	653	50000	-1	-1	-1	-1	-1	-1	-1	-1	-1	-1	-1	-1	77012	1219	1031	656	844	656	846	930	972	1099	1269	100	100	200	100	500	6000	22490
22491	变异go仔	2249	5	9	1	0	100	10	694	300000	-1	-1	722	900000	662	250000	661	100000	653	50000	-1	-1	-1	-1	-1	-1	-1	-1	-1	-1	-1	-1	77012	1402	1186	755	970	755	846	930	972	1099	1269	100	100	200	100	500	6000	22490
22492	变异go仔	2249	5	9	1	0	100	10	694	300000	-1	-1	722	900000	662	250000	661	100000	653	50000	-1	-1	-1	-1	-1	-1	-1	-1	-1	-1	-1	-1	77012	1585	1341	853	1097	853	846	930	972	1099	1269	100	100	200	100	500	6000	22490
22499	go仔宝宝	2249	5	9	0	1	100	10	694	300000	-1	-1	722	900000	662	250000	661	100000	653	50000	-1	-1	-1	-1	-1	-1	-1	-1	-1	-1	-1	-1	77012	1219	1031	656	844	656	846	930	972	1099	1269	100	100	200	100	500	6000	22490
22500	成年go仔	2250	45	9	0	0	100	10	694	350000	-1	-1	722	900000	662	300000	661	150000	653	100000	-1	-1	-1	-1	-1	-1	-1	-1	-1	-1	-1	-1	80604	1272	1076	685	881	685	948	1042	1090	1232	1422	100	100	200	100	500	6000	22500
22501	变异go仔	2250	45	9	1	0	100	10	694	350000	-1	-1	722	900000	662	300000	661	150000	653	100000	-1	-1	-1	-1	-1	-1	-1	-1	-1	-1	-1	-1	80604	1399	1184	753	969	753	948	1042	1090	1232	1422	100	100	200	100	500	6000	22500
22502	变异go仔	2250	45	9	1	0	100	10	694	350000	-1	-1	722	900000	662	300000	661	150000	653	100000	-1	-1	-1	-1	-1	-1	-1	-1	-1	-1	-1	-1	80604	1527	1292	822	1057	822	948	1042	1090	1232	1422	100	100	200	100	500	6000	22500
22503	变异go仔	2250	45	9	1	0	100	10	694	350000	-1	-1	722	900000	662	300000	661	150000	653	100000	-1	-1	-1	-1	-1	-1	-1	-1	-1	-1	-1	-1	80604	1654	1399	890	1145	890	948	1042	1090	1232	1422	100	100	200	100	500	6000	22500
22509	go仔宝宝	2250	45	9	0	1	100	10	694	350000	-1	-1	722	900000	662	300000	661	150000	653	100000	-1	-1	-1	-1	-1	-1	-1	-1	-1	-1	-1	-1	80604	1272	1076	685	881	685	948	1042	1090	1232	1422	100	100	200	100	500	6000	22500
22510	成年go仔	2251	55	9	0	0	100	10	694	400000	-1	-1	722	900000	662	350000	661	200000	653	150000	-1	-1	-1	-1	-1	-1	-1	-1	-1	-1	-1	-1	84195	1326	1122	714	918	714	1051	1156	1208	1366	1576	100	100	200	100	500	6000	22510
22511	变异go仔	2251	55	9	1	0	100	10	694	400000	-1	-1	722	900000	662	350000	661	200000	653	150000	-1	-1	-1	-1	-1	-1	-1	-1	-1	-1	-1	-1	84195	1425	1206	767	986	767	1051	1156	1208	1366	1576	100	100	200	100	500	6000	22510
22512	变异go仔	2251	55	9	1	0	100	10	694	400000	-1	-1	722	900000	662	350000	661	200000	653	150000	-1	-1	-1	-1	-1	-1	-1	-1	-1	-1	-1	-1	84195	1524	1290	821	1055	821	1051	1156	1208	1366	1576	100	100	200	100	500	6000	22510
22513	变异go仔	2251	55	9	1	0	100	10	694	400000	-1	-1	722	900000	662	350000	661	200000	653	150000	-1	-1	-1	-1	-1	-1	-1	-1	-1	-1	-1	-1	84195	1624	1374	874	1124	874	1051	1156	1208	1366	1576	100	100	200	100	500	6000	22510
22514	变异go仔	2251	55	9	1	0	100	10	694	400000	-1	-1	722	900000	662	350000	661	200000	653	150000	-1	-1	-1	-1	-1	-1	-1	-1	-1	-1	-1	-1	84195	1723	1458	928	1193	928	1051	1156	1208	1366	1576	100	100	200	100	500	6000	22510
22519	go仔宝宝	2251	55	9	0	1	100	10	694	400000	-1	-1	722	900000	662	350000	661	200000	653	150000	-1	-1	-1	-1	-1	-1	-1	-1	-1	-1	-1	-1	84195	1326	1122	714	918	714	1051	1156	1208	1366	1576	100	100	200	100	500	6000	22510
22520	成年go仔	2252	65	9	0	0	100	10	694	450000	-1	-1	722	900000	662	400000	661	250000	653	200000	-1	-1	-1	-1	-1	-1	-1	-1	-1	-1	-1	-1	87787	1379	1167	742	954	742	1153	1268	1325	1498	1729	100	100	200	100	500	6000	22520
22521	变异go仔	2252	65	9	1	0	100	10	694	450000	-1	-1	722	900000	662	400000	661	250000	653	200000	-1	-1	-1	-1	-1	-1	-1	-1	-1	-1	-1	-1	87787	1462	1237	787	1012	787	1153	1268	1325	1498	1729	100	100	200	100	500	6000	22520
22522	变异go仔	2252	65	9	1	0	100	10	694	450000	-1	-1	722	900000	662	400000	661	250000	653	200000	-1	-1	-1	-1	-1	-1	-1	-1	-1	-1	-1	-1	87787	1544	1307	831	1069	831	1153	1268	1325	1498	1729	100	100	200	100	500	6000	22520
22523	变异go仔	2252	65	9	1	0	100	10	694	450000	-1	-1	722	900000	662	400000	661	250000	653	200000	-1	-1	-1	-1	-1	-1	-1	-1	-1	-1	-1	-1	87787	1627	1377	876	1126	876	1153	1268	1325	1498	1729	100	100	200	100	500	6000	22520
22524	变异go仔	2252	65	9	1	0	100	10	694	450000	-1	-1	722	900000	662	400000	661	250000	653	200000	-1	-1	-1	-1	-1	-1	-1	-1	-1	-1	-1	-1	87787	1710	1447	920	1184	920	1153	1268	1325	1498	1729	100	100	200	100	500	6000	22520
22525	变异go仔	2252	65	9	1	0	100	10	694	450000	-1	-1	722	900000	662	400000	661	250000	653	200000	-1	-1	-1	-1	-1	-1	-1	-1	-1	-1	-1	-1	87787	1793	1517	965	1241	965	1153	1268	1325	1498	1729	100	100	200	100	500	6000	22520
22529	go仔宝宝	2252	65	9	0	1	100	10	694	450000	-1	-1	722	900000	662	400000	661	250000	653	200000	-1	-1	-1	-1	-1	-1	-1	-1	-1	-1	-1	-1	87787	1379	1167	742	954	742	1153	1268	1325	1498	1729	100	100	200	100	500	6000	22520
22530	成年go仔	2253	75	9	0	0	100	10	694	500000	-1	-1	722	900000	662	450000	661	300000	653	250000	-1	-1	-1	-1	-1	-1	-1	-1	-1	-1	-1	-1	91379	1432	1212	771	991	771	1255	1380	1443	1631	1882	100	100	200	100	500	6000	22530
22531	变异go仔	2253	75	9	1	0	100	10	694	500000	-1	-1	722	900000	662	450000	661	300000	653	250000	-1	-1	-1	-1	-1	-1	-1	-1	-1	-1	-1	-1	91379	1504	1272	809	1041	809	1255	1380	1443	1631	1882	100	100	200	100	500	6000	22530
22532	变异go仔	2253	75	9	1	0	100	10	694	500000	-1	-1	722	900000	662	450000	661	300000	653	250000	-1	-1	-1	-1	-1	-1	-1	-1	-1	-1	-1	-1	91379	1575	1333	848	1090	848	1255	1380	1443	1631	1882	100	100	200	100	500	6000	22530
22533	变异go仔	2253	75	9	1	0	100	10	694	500000	-1	-1	722	900000	662	450000	661	300000	653	250000	-1	-1	-1	-1	-1	-1	-1	-1	-1	-1	-1	-1	91379	1647	1394	887	1140	887	1255	1380	1443	1631	1882	100	100	200	100	500	6000	22530
22534	变异go仔	2253	75	9	1	0	100	10	694	500000	-1	-1	722	900000	662	450000	661	300000	653	250000	-1	-1	-1	-1	-1	-1	-1	-1	-1	-1	-1	-1	91379	1719	1454	925	1190	925	1255	1380	1443	1631	1882	100	100	200	100	500	6000	22530
22535	变异go仔	2253	75	9	1	0	100	10	694	500000	-1	-1	722	900000	662	450000	661	300000	653	250000	-1	-1	-1	-1	-1	-1	-1	-1	-1	-1	-1	-1	91379	1790	1515	964	1239	964	1255	1380	1443	1631	1882	100	100	200	100	500	6000	22530
22536	变异go仔	2253	75	9	1	0	100	10	694	500000	-1	-1	722	900000	662	450000	661	300000	653	250000	-1	-1	-1	-1	-1	-1	-1	-1	-1	-1	-1	-1	91379	1862	1575	1002	1289	1002	1255	1380	1443	1631	1882	100	100	200	100	500	6000	22530
22539	go仔宝宝	2253	75	9	0	1	100	10	694	500000	-1	-1	722	900000	662	450000	661	300000	653	250000	-1	-1	-1	-1	-1	-1	-1	-1	-1	-1	-1	-1	91379	1432	1212	771	991	771	1255	1380	1443	1631	1882	100	100	200	100	500	6000	22530
22540	成年go仔	2254	85	9	0	0	100	10	694	550000	-1	-1	722	900000	662	500000	661	350000	653	300000	-1	-1	-1	-1	-1	-1	-1	-1	-1	-1	-1	-1	94971	1484	1256	799	1027	799	1357	1492	1560	1764	2035	100	100	200	100	500	6000	22540
22541	变异go仔	2254	85	9	1	0	100	10	694	550000	-1	-1	722	900000	662	500000	661	350000	653	300000	-1	-1	-1	-1	-1	-1	-1	-1	-1	-1	-1	-1	94971	1548	1310	833	1071	833	1357	1492	1560	1764	2035	100	100	200	100	500	6000	22540
22542	变异go仔	2254	85	9	1	0	100	10	694	550000	-1	-1	722	900000	662	500000	661	350000	653	300000	-1	-1	-1	-1	-1	-1	-1	-1	-1	-1	-1	-1	94971	1611	1363	867	1115	867	1357	1492	1560	1764	2035	100	100	200	100	500	6000	22540
22543	变异go仔	2254	85	9	1	0	100	10	694	550000	-1	-1	722	900000	662	500000	661	350000	653	300000	-1	-1	-1	-1	-1	-1	-1	-1	-1	-1	-1	-1	94971	1675	1417	902	1159	902	1357	1492	1560	1764	2035	100	100	200	100	500	6000	22540
22544	变异go仔	2254	85	9	1	0	100	10	694	550000	-1	-1	722	900000	662	500000	661	350000	653	300000	-1	-1	-1	-1	-1	-1	-1	-1	-1	-1	-1	-1	94971	1739	1471	936	1203	936	1357	1492	1560	1764	2035	100	100	200	100	500	6000	22540
22545	变异go仔	2254	85	9	1	0	100	10	694	550000	-1	-1	722	900000	662	500000	661	350000	653	300000	-1	-1	-1	-1	-1	-1	-1	-1	-1	-1	-1	-1	94971	1802	1525	970	1248	970	1357	1492	1560	1764	2035	100	100	200	100	500	6000	22540
22546	变异go仔	2254	85	9	1	0	100	10	694	550000	-1	-1	722	900000	662	500000	661	350000	653	300000	-1	-1	-1	-1	-1	-1	-1	-1	-1	-1	-1	-1	94971	1866	1579	1004	1292	1004	1357	1492	1560	1764	2035	100	100	200	100	500	6000	22540
22547	变异go仔	2254	85	9	1	0	100	10	694	550000	-1	-1	722	900000	662	500000	661	350000	653	300000	-1	-1	-1	-1	-1	-1	-1	-1	-1	-1	-1	-1	94971	1929	1633	1039	1336	1039	1357	1492	1560	1764	2035	100	100	200	100	500	6000	22540
22549	go仔宝宝	2254	85	9	0	1	100	10	694	550000	-1	-1	722	900000	662	500000	661	350000	653	300000	-1	-1	-1	-1	-1	-1	-1	-1	-1	-1	-1	-1	94971	1484	1256	799	1027	799	1357	1492	1560	1764	2035	100	100	200	100	500	6000	22540
22550	成年go仔	2255	95	9	0	0	100	10	694	600000	-1	-1	722	900000	662	550000	661	400000	653	350000	-1	-1	-1	-1	-1	-1	-1	-1	-1	-1	-1	-1	98563	1608	1301	828	1064	828	1459	1604	1677	1896	2188	100	100	200	100	500	6000	22550
22551	变异go仔	2255	95	9	1	0	100	10	694	600000	-1	-1	722	900000	662	550000	661	400000	653	350000	-1	-1	-1	-1	-1	-1	-1	-1	-1	-1	-1	-1	98563	1669	1350	859	1104	859	1459	1604	1677	1896	2188	100	100	200	100	500	6000	22550
22552	变异go仔	2255	95	9	1	0	100	10	694	600000	-1	-1	722	900000	662	550000	661	400000	653	350000	-1	-1	-1	-1	-1	-1	-1	-1	-1	-1	-1	-1	98563	1729	1398	890	1144	890	1459	1604	1677	1896	2188	100	100	200	100	500	6000	22550
22553	变异go仔	2255	95	9	1	0	100	10	694	600000	-1	-1	722	900000	662	550000	661	400000	653	350000	-1	-1	-1	-1	-1	-1	-1	-1	-1	-1	-1	-1	98563	1789	1447	921	1184	921	1459	1604	1677	1896	2188	100	100	200	100	500	6000	22550
22554	变异go仔	2255	95	9	1	0	100	10	694	600000	-1	-1	722	900000	662	550000	661	400000	653	350000	-1	-1	-1	-1	-1	-1	-1	-1	-1	-1	-1	-1	98563	1850	1496	952	1224	952	1459	1604	1677	1896	2188	100	100	200	100	500	6000	22550
22555	变异go仔	2255	95	9	1	0	100	10	694	600000	-1	-1	722	900000	662	550000	661	400000	653	350000	-1	-1	-1	-1	-1	-1	-1	-1	-1	-1	-1	-1	98563	1910	1545	983	1264	983	1459	1604	1677	1896	2188	100	100	200	100	500	6000	22550
22556	变异go仔	2255	95	9	1	0	100	10	694	600000	-1	-1	722	900000	662	550000	661	400000	653	350000	-1	-1	-1	-1	-1	-1	-1	-1	-1	-1	-1	-1	98563	1970	1594	1014	1304	1014	1459	1604	1677	1896	2188	100	100	200	100	500	6000	22550
22557	变异go仔	2255	95	9	1	0	100	10	694	600000	-1	-1	722	900000	662	550000	661	400000	653	350000	-1	-1	-1	-1	-1	-1	-1	-1	-1	-1	-1	-1	98563	2031	1642	1045	1344	1045	1459	1604	1677	1896	2188	100	100	200	100	500	6000	22550
22558	变异go仔	2255	95	9	1	0	100	10	694	600000	-1	-1	722	900000	662	550000	661	400000	653	350000	-1	-1	-1	-1	-1	-1	-1	-1	-1	-1	-1	-1	98563	2091	1691	1076	1384	1076	1459	1604	1677	1896	2188	100	100	200	100	500	6000	22550
22559	go仔宝宝	2255	95	9	0	1	100	10	694	600000	-1	-1	722	900000	662	550000	661	400000	653	350000	-1	-1	-1	-1	-1	-1	-1	-1	-1	-1	-1	-1	98563	1608	1301	828	1064	828	1459	1604	1677	1896	2188	100	100	200	100	500	6000	22550
